tag,stemtag,sp,quadrat,survey.ID,year,month,day,measure,new.band,crown.condition,crown.illum,codes,notes,field.recorders,data.enter,area
10469,1,litu,109,2019.01,2019,March,28,126.88,0, , ,,"written as 136.88 on form, but to match previous years' trend plus winter growth patterns, assumed typo","Rebecca Banbury Morgan, Ian McGregor",Ian McGregor,3
10609,1,cagl,111,2019.01,2019,March,28,75.75,0, , ,,,"Rebecca Banbury Morgan, Ian McGregor",Ian McGregor,3
10587,1,litu,113,2019.01,2019,March,28,46.41,0, , ,,,"Rebecca Banbury Morgan, Ian McGregor",Ian McGregor,3
10671,1,quru,114,2019.01,2019,March,28,28,0, , ,,,"Rebecca Banbury Morgan, Ian McGregor",Ian McGregor,3
12025,1,quru,117,2019.01,2019,March,28,22.41,0, , ,,,"Rebecca Banbury Morgan, Ian McGregor",Ian McGregor,4
12259,1,litu,125,2019.01,2019,March,28,47.81,0, , ,,,"Rebecca Banbury Morgan, Ian McGregor",Ian McGregor,4
12270,1,tiam,125,2019.01,2019,March,28,61.87,0, , ,,,"Rebecca Banbury Morgan, Ian McGregor",Ian McGregor,4
12416,1,cato,129,2019.01,2019,March,28,6.1,0, , ,,,"Rebecca Banbury Morgan, Ian McGregor",Ian McGregor,4
12508,1,litu,131,2019.01,2019,March,28,149.9,0, , ,RE,,"Rebecca Banbury Morgan, Ian McGregor",Ian McGregor,4
20587,1,litu,208,2019.01,2019,March,28,122.6,0, , ,RE,needs new springs,"Rebecca Banbury Morgan, Ian McGregor",Ian McGregor,3
20603,1,fram,208,2019.01,2019,March,28,124.33,0, , ,,,"Rebecca Banbury Morgan, Ian McGregor",Ian McGregor,3
20617,1,litu,209,2019.01,2019,March,28,30.06,0, , ,,,"Rebecca Banbury Morgan, Ian McGregor",Ian McGregor,3
20712,1,litu,212,2019.01,2019,March,28,43.93,0, , ,,,"Rebecca Banbury Morgan, Ian McGregor",Ian McGregor,3
22004,2,litu,217,2019.01,2019,March,28,144.12,0, , ,RE,,"Rebecca Banbury Morgan, Ian McGregor",Ian McGregor,4
22041,1,litu,217,2019.01,2019,March,28,38.22,0, , ,,,"Rebecca Banbury Morgan, Ian McGregor",Ian McGregor,4
22170,1,litu,221,2019.01,2019,March,28,30.77,1, , ,,band adjusted,"Rebecca Banbury Morgan, Ian McGregor",Ian McGregor,4
22315,1,caco,225,2019.01,2019,March,28,3.42,0, , ,,,"Rebecca Banbury Morgan, Ian McGregor",Ian McGregor,4
22333,1,fram,226,2019.01,2019,March,28,51.98,1, , ,,band adjusted,"Rebecca Banbury Morgan, Ian McGregor",Ian McGregor,4
30225,1,qual,306,2019.01,2019,March,28,26.51,0, , ,,,"Rebecca Banbury Morgan, Ian McGregor",Ian McGregor,3
30233,1,fagr,306,2019.01,2019,March,28,7.47,0, , ,,,"Rebecca Banbury Morgan, Ian McGregor",Ian McGregor,3
30234,1,fagr,306,2019.01,2019,March,28,34.47,0, , ,RE,window too large,"Rebecca Banbury Morgan, Ian McGregor",Ian McGregor,3
30331,1,cagl,306,2019.01,2019,March,28,32.05,0, , ,,,"Rebecca Banbury Morgan, Ian McGregor",Ian McGregor,3
30333,1,fagr,306,2019.01,2019,March,28,38.25,0, , ,,,"Rebecca Banbury Morgan, Ian McGregor",Ian McGregor,3
30339,1,litu,307,2019.01,2019,March,28,69.62,0, , ,,,"Rebecca Banbury Morgan, Ian McGregor",Ian McGregor,3
30339,2,litu,307,2019.01,2019,March,28,32.26,0, , ,,,"Rebecca Banbury Morgan, Ian McGregor",Ian McGregor,3
30339,3,litu,307,2019.01,2019,March,28,37.04,0, , ,,,"Rebecca Banbury Morgan, Ian McGregor",Ian McGregor,3
30462,1,litu,313,2019.01,2019,March,28,116.88,0, , ,,,"Rebecca Banbury Morgan, Ian McGregor",Ian McGregor,3
30512,1,quru,313,2019.01,2019,March,28,6.46,0, , ,,,"Rebecca Banbury Morgan, Ian McGregor",Ian McGregor,3
30467,1,litu,314,2019.01,2019,March,28,94.5,0, , ,,,"Rebecca Banbury Morgan, Ian McGregor",Ian McGregor,3
30584,1,quve,316,2019.01,2019,March,28,91.9,0, , ,,,"Rebecca Banbury Morgan, Ian McGregor",Ian McGregor,4
32097,1,litu,320,2019.01,2019,March,28,18.77,0, , , ,,"Rebecca Banbury Morgan, Ian McGregor",Ian McGregor,4
32126,1,litu,321,2019.01,2019,March,28,65.61,0, , ,,,"Rebecca Banbury Morgan, Ian McGregor",Ian McGregor,4
32381,1,qupr,327,2019.01,2019,March,28,55.34,0, , ,,,"Rebecca Banbury Morgan, Ian McGregor",Ian McGregor,4
32423,1,litu,329,2019.01,2019,March,28,28.21,0, , ,,,"Rebecca Banbury Morgan, Ian McGregor",Ian McGregor,4
32540,1,qupr,332,2019.01,2019,March,28,110.87,0, , ,,,"Rebecca Banbury Morgan, Ian McGregor",Ian McGregor,4
40465,1,qupr,404,2019.01,2019,March,25,5.74,0, , ,F,,"Fanfan, Helen Bontrager, Ian McGregor",Ian McGregor,2
40562,1,fagr,406,2019.01,2019,March,28,18.12,0, , ,,,"Rebecca Banbury Morgan, Ian McGregor",Ian McGregor,3
40563,1,fagr,406,2019.01,2019,March,28,18.48,0, , ,,,"Rebecca Banbury Morgan, Ian McGregor",Ian McGregor,3
40564,1,fagr,406,2019.01,2019,March,28,18.3,0, , ,,,"Rebecca Banbury Morgan, Ian McGregor",Ian McGregor,3
40565,1,cagl,406,2019.01,2019,March,28,13.6,0, , ,,band bent but usable,"Rebecca Banbury Morgan, Ian McGregor",Ian McGregor,3
40566,1,cagl,406,2019.01,2019,March,28,4.02,0, , ,,,"Rebecca Banbury Morgan, Ian McGregor",Ian McGregor,3
40567,1,fagr,406,2019.01,2019,March,28,6.76,0, , ,,,"Rebecca Banbury Morgan, Ian McGregor",Ian McGregor,3
40568,1,fagr,406,2019.01,2019,March,28,113.71,0, , ,,,"Rebecca Banbury Morgan, Ian McGregor",Ian McGregor,3
40569,1,litu,407,2019.01,2019,March,28,70.21,0, , ,,,"Rebecca Banbury Morgan, Ian McGregor",Ian McGregor,3
40635,1,cato,408,2019.01,2019,March,28,39.53,0, , ,,,"Rebecca Banbury Morgan, Ian McGregor",Ian McGregor,3
40941,1,litu,414,2019.01,2019,March,28,104,1, , ,,band adjusted,"Rebecca Banbury Morgan, Ian McGregor",Ian McGregor,3
40942,1,acru,414,2019.01,2019,March,28,91.17,0, , ,,,"Rebecca Banbury Morgan, Ian McGregor",Ian McGregor,3
40972,1,litu,415,2019.01,2019,March,28,5,0, , ,,,"Rebecca Banbury Morgan, Ian McGregor",Ian McGregor,3
42009,1,ploc,417,2019.01,2019,March,28,104.66,0, , ,,,"Rebecca Banbury Morgan, Ian McGregor",Ian McGregor,4
42397,1,quru,428,2019.01,2019,March,28,NA,0, , ,RE,,"Rebecca Banbury Morgan, Ian McGregor",Ian McGregor,4
50160,1,fram,502,2019.01,2019,March,28,20.55,0, , ,,,"Rebecca Banbury Morgan, Ian McGregor",Ian McGregor,3
50288,1,quru,505,2019.01,2019,March,25,40.33,0, , ,F,,"Fanfan, Helen Bontrager, Ian McGregor",Ian McGregor,2
50364,1,qual,507,2019.01,2019,March,25,116.2,0, , ,F,,"Fanfan, Helen Bontrager, Ian McGregor",Ian McGregor,2
50525,1,qual,512,2019.01,2019,March,28,6.15,0, , ,,,"Rebecca Banbury Morgan, Ian McGregor",Ian McGregor,3
50622,1,qual,513,2019.01,2019,March,28,9.3,1, , ,,band adjusted,"Rebecca Banbury Morgan, Ian McGregor",Ian McGregor,3
50562,1,quru,514,2019.01,2019,March,25,2.96,0, , ,,,"Fanfan, Helen Bontrager, Ian McGregor",Ian McGregor,3
50646,1,quru,514,2019.01,2019,March,25,1.86,0, , ,,,"Fanfan, Helen Bontrager, Ian McGregor",Ian McGregor,3
50650,1,litu,514,2019.01,2019,March,25,16.37,0, , ,,,"Fanfan, Helen Bontrager, Ian McGregor",Ian McGregor,3
50654,1,litu,514,2019.01,2019,March,25,40.32,0, , ,,,"Fanfan, Helen Bontrager, Ian McGregor",Ian McGregor,3
52087,1,quru,519,2019.01,2019,March,28,116.09,0, , ,,,"Rebecca Banbury Morgan, Ian McGregor",Ian McGregor,4
52190,1,quru,522,2019.01,2019,March,28,90.93,0, , ,,retag,"Rebecca Banbury Morgan, Ian McGregor",Ian McGregor,4
52344,1,cagl,528,2019.01,2019,March,28,6.09,0, , ,,,"Rebecca Banbury Morgan, Ian McGregor",Ian McGregor,4
60266,1,cato,604,2019.01,2019,March,25,5.74,0, , ,F,,"Fanfan, Helen Bontrager, Ian McGregor",Ian McGregor,2
60161,1,qupr,608,2019.01,2019,March,25,89.04,0, , ,F,,"Fanfan, Helen Bontrager, Ian McGregor",Ian McGregor,2
60410,1,fram,610,2019.01,2019,March,25,31.25,1, , ,,band adjusted,"Fanfan, Helen Bontrager, Ian McGregor",Ian McGregor,3
60456,1,caca,614,2019.01,2019,March,25,8.81,0, , ,,,"Fanfan, Helen Bontrager, Ian McGregor",Ian McGregor,3
60457,1,caca,614,2019.01,2019,March,25,10.87,0, , ,,,"Fanfan, Helen Bontrager, Ian McGregor",Ian McGregor,3
60562,1,fagr,614,2019.01,2019,March,25,NA,0, , ,RE,,"Fanfan, Helen Bontrager, Ian McGregor",Ian McGregor,3
60563,1,caca,614,2019.01,2019,March,25,7.74,0, , ,,,"Fanfan, Helen Bontrager, Ian McGregor",Ian McGregor,3
60566,1,fagr,614,2019.01,2019,March,25,91.12,0, , ,,,"Fanfan, Helen Bontrager, Ian McGregor",Ian McGregor,3
60567,1,litu,614,2019.01,2019,March,25,57.09,0, , ,,,"Fanfan, Helen Bontrager, Ian McGregor",Ian McGregor,3
60568,1,caca,614,2019.01,2019,March,25,20.07,0, , ,,,"Fanfan, Helen Bontrager, Ian McGregor",Ian McGregor,3
60569,1,caca,614,2019.01,2019,March,25,31.73,0, , ,,,"Fanfan, Helen Bontrager, Ian McGregor",Ian McGregor,3
60571,1,caca,614,2019.01,2019,March,25,23.45,0, , ,,,"Fanfan, Helen Bontrager, Ian McGregor",Ian McGregor,3
60573,1,tiam,614,2019.01,2019,March,25,28.39,0, , ,,,"Fanfan, Helen Bontrager, Ian McGregor",Ian McGregor,3
60458,1,fagr,615,2019.01,2019,March,25,12.08,0, , ,,,"Fanfan, Helen Bontrager, Ian McGregor",Ian McGregor,3
60459,1,fagr,615,2019.01,2019,March,25,16.22,0, , ,,,"Fanfan, Helen Bontrager, Ian McGregor",Ian McGregor,3
60462,1,fagr,615,2019.01,2019,March,25,63.03,0, , ,,,"Fanfan, Helen Bontrager, Ian McGregor",Ian McGregor,3
60463,1,juni,615,2019.01,2019,March,25,43.57,0, , ,,,"Fanfan, Helen Bontrager, Ian McGregor",Ian McGregor,3
60468,1,caca,615,2019.01,2019,March,25,31.75,0, , ,RE,,"Fanfan, Helen Bontrager, Ian McGregor",Ian McGregor,3
60469,1,cofl,615,2019.01,2019,March,25,9.53,0, , ,,,"Fanfan, Helen Bontrager, Ian McGregor",Ian McGregor,3
60576,1,caca,615,2019.01,2019,March,25,15.54,0, , ,,,"Fanfan, Helen Bontrager, Ian McGregor",Ian McGregor,3
60577,1,litu,615,2019.01,2019,March,25,15.82,0, , ,,,"Fanfan, Helen Bontrager, Ian McGregor",Ian McGregor,3
60578,1,caca,615,2019.01,2019,March,25,14.52,0, , ,,,"Fanfan, Helen Bontrager, Ian McGregor",Ian McGregor,3
60581,1,litu,615,2019.01,2019,March,25,16.56,0, , ,,,"Fanfan, Helen Bontrager, Ian McGregor",Ian McGregor,3
60582,1,quru,615,2019.01,2019,March,25,24.03,0, , ,,retag,"Fanfan, Helen Bontrager, Ian McGregor",Ian McGregor,3
60586,1,caca,615,2019.01,2019,March,25,7.48,0, , ,,,"Fanfan, Helen Bontrager, Ian McGregor",Ian McGregor,3
60587,1,caca,615,2019.01,2019,March,25,25.11,0, , ,RE,,"Fanfan, Helen Bontrager, Ian McGregor",Ian McGregor,3
60588,1,caco,615,2019.01,2019,March,25,30.03,0, , ,,,"Fanfan, Helen Bontrager, Ian McGregor",Ian McGregor,3
62114,1,quve,619,2019.01,2019,March,28,10.44,0, , ,,,"Rebecca Banbury Morgan, Ian McGregor",Ian McGregor,4
62128,1,quru,620,2019.01,2019,March,28,110.56,0, , ,,,"Rebecca Banbury Morgan, Ian McGregor",Ian McGregor,4
62181,1,quve,621,2019.01,2019,March,28,107.31,0, , ,,,"Rebecca Banbury Morgan, Ian McGregor",Ian McGregor,4
62224,1,litu,622,2019.01,2019,March,28,117.72,0, , ,,,"Rebecca Banbury Morgan, Ian McGregor",Ian McGregor,4
62241,1,litu,623,2019.01,2019,March,28,121.79,0, , ,,,"Rebecca Banbury Morgan, Ian McGregor",Ian McGregor,4
62285,1,quru,625,2019.01,2019,March,28,6.27,0, , ,M;main,,"Rebecca Banbury Morgan, Ian McGregor",Ian McGregor,7
62300,1,quve,625,2019.01,2019,March,28,5.02,1, , ,,new band  ,"Rebecca Banbury Morgan, Ian McGregor",Ian McGregor,7
62312,1,cato,626,2019.01,2019,March,28,6.39,0, , ,,,"Rebecca Banbury Morgan, Ian McGregor",Ian McGregor,7
62417,1,quve,630,2019.01,2019,March,28,82.88,0, , ,,tree unhealthy,"Rebecca Banbury Morgan, Ian McGregor",Ian McGregor,7
62449,1,qual,632,2019.01,2019,March,28,106.96,0, , ,,,"Rebecca Banbury Morgan, Ian McGregor",Ian McGregor,7
62454,1,quve,632,2019.01,2019,March,28,132.87,0, , ,,,"Rebecca Banbury Morgan, Ian McGregor",Ian McGregor,7
70216,1,quve,701,2019.01,2019,March,28,139.12,0, , ,,,"Rebecca Banbury Morgan, Ian McGregor",Ian McGregor,3
70220,1,qual,702,2019.01,2019,March,28,139.94,0, , ,,,"Rebecca Banbury Morgan, Ian McGregor",Ian McGregor,3
70096,1,quru,704,2019.01,2019,March,25,4.61,0, , ,F,,"Fanfan, Helen Bontrager, Ian McGregor",Ian McGregor,2
70278,1,qupr,704,2019.01,2019,March,25,27.6,0, , ,F,,"Fanfan, Helen Bontrager, Ian McGregor",Ian McGregor,2
70126,1,quru,705,2019.01,2019,March,25,60.33,0, , ,F,,"Fanfan, Helen Bontrager, Ian McGregor",Ian McGregor,2
70292,1,cagl,705,2019.01,2019,March,25,59.85,0, , ,F,,"Fanfan, Helen Bontrager, Ian McGregor",Ian McGregor,2
70146,1,quve,706,2019.01,2019,March,25,2.35,0, , ,F,,"Fanfan, Helen Bontrager, Ian McGregor",Ian McGregor,2
70181,1,litu,707,2019.01,2019,March,25,56.54,0, , ,F,,"Fanfan, Helen Bontrager, Ian McGregor",Ian McGregor,2
70352,1,litu,707,2019.01,2019,March,25,88.32,0, , ,F,,"Fanfan, Helen Bontrager, Ian McGregor",Ian McGregor,2
70357,1,cagl,708,2019.01,2019,March,25,10.81,0, , ,F,,"Fanfan, Helen Bontrager, Ian McGregor",Ian McGregor,2
70358,1,litu,708,2019.01,2019,March,25,93.87,0, , ,F,,"Fanfan, Helen Bontrager, Ian McGregor",Ian McGregor,2
70433,1,litu,710,2019.01,2019,March,25,133.71,0, , ,F,,"Fanfan, Helen Bontrager, Ian McGregor",Ian McGregor,2
70519,1,qual,711,2019.01,2019,March,25,82.76,0, , ,F,,"Fanfan, Helen Bontrager, Ian McGregor",Ian McGregor,2
70536,1,qual,711,2019.01,2019,March,25,112.54,0, , ,RE;F,,"Fanfan, Helen Bontrager, Ian McGregor",Ian McGregor,2
70492,1,nysy,714,2019.01,2019,March,25,2.02,0, , ,,,"Fanfan, Helen Bontrager, Ian McGregor",Ian McGregor,3
70493,1,litu,714,2019.01,2019,March,25,6.3,1, , ,,band adjusted,"Fanfan, Helen Bontrager, Ian McGregor",Ian McGregor,3
70494,1,caca,714,2019.01,2019,March,25,17.95,0, , ,,,"Fanfan, Helen Bontrager, Ian McGregor",Ian McGregor,3
70494,2,caca,714,2019.01,2019,March,25,3.32,0, , ,,,"Fanfan, Helen Bontrager, Ian McGregor",Ian McGregor,3
70495,1,caca,714,2019.01,2019,March,25,28.54,0, , ,,,"Fanfan, Helen Bontrager, Ian McGregor",Ian McGregor,3
70579,1,caovl,714,2019.01,2019,March,25,35.22,0, , ,F,,"Fanfan, Helen Bontrager, Ian McGregor",Ian McGregor,2
70581,1,quru,714,2019.01,2019,March,25,18.35,0, , ,,,"Fanfan, Helen Bontrager, Ian McGregor",Ian McGregor,3
72024,1,quve,717,2019.01,2019,March,28,34.85,0, , ,,,"Rebecca Banbury Morgan, Ian McGregor",Ian McGregor,4
72104,1,qual,718,2019.01,2019,March,28,4.58,0, , ,M;main,,"Rebecca Banbury Morgan, Ian McGregor",Ian McGregor,4
72173,1,qual,720,2019.01,2019,March,28,4.12,0,,,,,"Rebecca Banbury Morgan, Ian McGregor",Ian McGregor,4
72115,1,litu,719,2019.01,2019,March,28,77.29,0, , ,,,"Rebecca Banbury Morgan, Ian McGregor",Ian McGregor,4
72116,1,litu,719,2019.01,2019,March,28,128.65,0, , ,,,"Rebecca Banbury Morgan, Ian McGregor",Ian McGregor,4
72122,1,caca,719,2019.01,2019,March,28,17.85,0, , ,,,"Rebecca Banbury Morgan, Ian McGregor",Ian McGregor,4
72124,1,quru,719,2019.01,2019,March,28,99.63,0, , ,,,"Rebecca Banbury Morgan, Ian McGregor",Ian McGregor,4
72149,1,litu,720,2019.01,2019,March,28,14.25,0, , ,,,"Rebecca Banbury Morgan, Ian McGregor",Ian McGregor,4
72210,1,qual,721,2019.01,2019,March,28,128.67,0, , ,,,"Rebecca Banbury Morgan, Ian McGregor",Ian McGregor,4
72232,1,qual,722,2019.01,2019,March,28,103.65,0, , ,,,"Rebecca Banbury Morgan, Ian McGregor",Ian McGregor,4
72248,1,caco,723,2019.01,2019,March,28,64.4,0, , ,,,"Rebecca Banbury Morgan, Ian McGregor",Ian McGregor,4
72308,1,qual,725,2019.01,2019,March,28,44.54,0, , ,,,"Rebecca Banbury Morgan, Ian McGregor",Ian McGregor,7
72322,1,litu,726,2019.01,2019,March,28,20.6,0, , ,,,"Rebecca Banbury Morgan, Ian McGregor",Ian McGregor,7
72324,1,litu,726,2019.01,2019,March,28,14.61,0, , ,,,"Rebecca Banbury Morgan, Ian McGregor",Ian McGregor,7
72337,1,quru,727,2019.01,2019,March,28,24.16,0, , ,,,"Rebecca Banbury Morgan, Ian McGregor",Ian McGregor,7
72348,1,quru,727,2019.01,2019,March,28,145.04,0, , ,RE,,"Rebecca Banbury Morgan, Ian McGregor",Ian McGregor,7
72357,1,quru,728,2019.01,2019,March,28,109.3,0, , ,,,"Rebecca Banbury Morgan, Ian McGregor",Ian McGregor,7
72375,1,litu,728,2019.01,2019,March,28,84.83,0, , ,,,"Rebecca Banbury Morgan, Ian McGregor",Ian McGregor,7
72377,1,litu,728,2019.01,2019,March,28,NA,0, , ,RE,measure in field was 147.56 but that's wildly off. Previous measure seems sound,"Rebecca Banbury Morgan, Ian McGregor",Ian McGregor,7
72427,1,litu,730,2019.01,2019,March,28,50.21,0, , ,,,"Rebecca Banbury Morgan, Ian McGregor",Ian McGregor,7
72447,1,litu,732,2019.01,2019,March,28,52.31,0, , ,,,"Rebecca Banbury Morgan, Ian McGregor",Ian McGregor,7
72448,1,litu,732,2019.01,2019,March,28,5.99,0, , , ,retag,"Rebecca Banbury Morgan, Ian McGregor",Ian McGregor,7
80005,1,fram,801,2019.01,2019,March,28,23.72,0, , ,,previous years have code A,"Rebecca Banbury Morgan, Ian McGregor",Ian McGregor,3
80121,1,quve,801,2019.01,2019,March,28,4.54,0, , ,,,"Rebecca Banbury Morgan, Ian McGregor",Ian McGregor,3
80100,1,litu,804,2019.01,2019,March,25,17.62,0, , ,F,,"Fanfan, Helen Bontrager, Ian McGregor",Ian McGregor,2
80180,1,cato,804,2019.01,2019,March,25,150.85,0, , ,RE;F,checked previous measure,"Fanfan, Helen Bontrager, Ian McGregor",Ian McGregor,2
80398,1,caco,807,2019.01,2019,March,25,NA,0, , ,DC;F,"dead, fallen, not removed because crushed","Fanfan, Helen Bontrager, Ian McGregor",Ian McGregor,2
80401,1,caco,807,2019.01,2019,March,25,145.4,0, , ,RE;F,,"Fanfan, Helen Bontrager, Ian McGregor",Ian McGregor,2
80615,1,litu,810,2019.01,2019,March,25,18.62,0, , ,F,,"Fanfan, Helen Bontrager, Ian McGregor",Ian McGregor,2
80628,1,quru,811,2019.01,2019,March,25,42.83,0, , ,F,,"Fanfan, Helen Bontrager, Ian McGregor",Ian McGregor,2
80631,1,litu,811,2019.01,2019,March,25,125.89,0, , ,F,,"Fanfan, Helen Bontrager, Ian McGregor",Ian McGregor,2
80554,1,caovl,813,2019.01,2019,March,25,76.69,0, , ,F,,"Fanfan, Helen Bontrager, Ian McGregor",Ian McGregor,2
80559,1,nysy,813,2019.01,2019,March,25,6.26,0, , ,F,,"Fanfan, Helen Bontrager, Ian McGregor",Ian McGregor,2
82125,1,cagl,819,2019.01,2019,March,28,29.5,0, , ,,,"Rebecca Banbury Morgan, Ian McGregor",Ian McGregor,4
82138,1,quru,820,2019.01,2019,March,28,51.59,0, , ,,,"Rebecca Banbury Morgan, Ian McGregor",Ian McGregor,4
82203,1,litu,822,2019.01,2019,March,28,144.1,0, , ,RE,,"Rebecca Banbury Morgan, Ian McGregor",Ian McGregor,4
82223,1,litu,822,2019.01,2019,March,28,135.16,0, , ,RE,,"Rebecca Banbury Morgan, Ian McGregor",Ian McGregor,4
82226,1,litu,823,2019.01,2019,March,28,48.76,0, , ,,,"Rebecca Banbury Morgan, Ian McGregor",Ian McGregor,4
82284,1,quve,825,2019.01,2019,March,28,87.64,0, , ,,,"Rebecca Banbury Morgan, Ian McGregor",Ian McGregor,7
82292,1,litu,826,2019.01,2019,March,28,115.18,0, , ,RE,window too large,"Rebecca Banbury Morgan, Ian McGregor",Ian McGregor,7
82298,1,litu,826,2019.01,2019,March,28,18.98,0, , ,,,"Rebecca Banbury Morgan, Ian McGregor",Ian McGregor,7
82326,1,quve,827,2019.01,2019,March,28,141.43,0, , ,,,"Rebecca Banbury Morgan, Ian McGregor",Ian McGregor,7
82357,1,litu,828,2019.01,2019,March,28,20.55,0, , ,,,"Rebecca Banbury Morgan, Ian McGregor",Ian McGregor,7
82360,1,litu,829,2019.01,2019,March,28,15.24,0, , ,,,"Rebecca Banbury Morgan, Ian McGregor",Ian McGregor,7
82365,1,qual,829,2019.01,2019,March,28,54.42,0, , ,,,"Rebecca Banbury Morgan, Ian McGregor",Ian McGregor,7
82368,1,litu,829,2019.01,2019,March,28,97.43,0, , ,,,"Rebecca Banbury Morgan, Ian McGregor",Ian McGregor,7
82419,1,litu,831,2019.01,2019,March,28,24.34,0, , ,,,"Rebecca Banbury Morgan, Ian McGregor",Ian McGregor,7
82421,1,litu,831,2019.01,2019,March,28,131.9,0, , ,,,"Rebecca Banbury Morgan, Ian McGregor",Ian McGregor,7
82422,1,litu,831,2019.01,2019,March,28,79.77,0, , ,,,"Rebecca Banbury Morgan, Ian McGregor",Ian McGregor,7
82434,1,quve,832,2019.01,2019,March,28,143.73,0, , ,,retag (nail),"Rebecca Banbury Morgan, Ian McGregor",Ian McGregor,7
90043,1,quve,901,2019.01,2019,March,25,18.33,0, , ,F,,"Fanfan, Helen Bontrager, Ian McGregor",Ian McGregor,2
90084,1,quve,902,2019.01,2019,March,25,50.17,0, , ,F,,"Fanfan, Helen Bontrager, Ian McGregor",Ian McGregor,2
90162,1,litu,904,2019.01,2019,March,25,79.78,0, , ,F,,"Fanfan, Helen Bontrager, Ian McGregor",Ian McGregor,2
90311,1,cagl,904,2019.01,2019,March,25,14.9,0, , ,F,,"Fanfan, Helen Bontrager, Ian McGregor",Ian McGregor,2
90354,1,litu,905,2019.01,2019,March,25,147.52,0, , ,F,,"Fanfan, Helen Bontrager, Ian McGregor",Ian McGregor,2
91435,1,litu,907,2019.01,2019,March,25,NA,0, , ,DS;F,"dead, band removed","Fanfan, Helen Bontrager, Ian McGregor",Ian McGregor,2
91451,1,litu,907,2019.01,2019,March,25,111.18,0, , ,F,,"Fanfan, Helen Bontrager, Ian McGregor",Ian McGregor,2
91474,1,litu,908,2019.01,2019,March,25,43.07,0, , ,F,,"Fanfan, Helen Bontrager, Ian McGregor",Ian McGregor,2
91476,1,litu,908,2019.01,2019,March,25,101.5,0, , ,F,,"Fanfan, Helen Bontrager, Ian McGregor",Ian McGregor,2
91477,1,litu,908,2019.01,2019,March,25,46.02,0, , ,F,,"Fanfan, Helen Bontrager, Ian McGregor",Ian McGregor,2
91486,1,cagl,908,2019.01,2019,March,25,30.43,0, , ,F,,"Fanfan, Helen Bontrager, Ian McGregor",Ian McGregor,2
90530,1,litu,910,2019.01,2019,March,25,117.33,0, , ,F,,"Fanfan, Helen Bontrager, Ian McGregor",Ian McGregor,2
90612,1,quru,910,2019.01,2019,March,25,116.55,0, , ,F,,"Fanfan, Helen Bontrager, Ian McGregor",Ian McGregor,2
90660,1,quru,913,2019.01,2019,March,25,57.46,0, , ,F,,"Fanfan, Helen Bontrager, Ian McGregor",Ian McGregor,2
90752,1,qual,916,2019,2019,March,28,50.8,0, , ,,,"Rebecca Banbury Morgan, Ian McGregor",Ian McGregor,5
92018,1,acru,917,2019,2019,March,28,81.7,0, , ,,,"Rebecca Banbury Morgan, Ian McGregor",Ian McGregor,5
92112,1,litu,919,2019,2019,March,28,108.75,0, , ,,,"Rebecca Banbury Morgan, Ian McGregor",Ian McGregor,5
92139,1,quru,920,2019,2019,March,28,38.81,0, , ,,,"Rebecca Banbury Morgan, Ian McGregor",Ian McGregor,5
92140,1,cato,920,2019,2019,March,28,3.35,0, , ,,,"Rebecca Banbury Morgan, Ian McGregor",Ian McGregor,5
92141,1,cagl,920,2019,2019,March,28,27.2,0, , ,,,"Rebecca Banbury Morgan, Ian McGregor",Ian McGregor,5
92237,1,nysy,922,2019,2019,March,28,17.78,0, , ,,,"Rebecca Banbury Morgan, Ian McGregor",Ian McGregor,5
92238,1,quve,922,2019,2019,March,28,96.71,0, , ,,,"Rebecca Banbury Morgan, Ian McGregor",Ian McGregor,5
92280,1,quve,923,2019,2019,March,28,134.74,0, , ,,,"Rebecca Banbury Morgan, Ian McGregor",Ian McGregor,5
92347,1,quru,923,2019,2019,March,28,5.44,0, , ,,,"Rebecca Banbury Morgan, Ian McGregor",Ian McGregor,5
92393,1,cagl,925,2019.01,2019,March,28,92.24,0, , ,,,"Rebecca Banbury Morgan, Ian McGregor",Ian McGregor,7
92414,1,litu,926,2019.01,2019,March,28,133.89,0, , ,RE,,"Rebecca Banbury Morgan, Ian McGregor",Ian McGregor,7
92466,1,litu,927,2019.01,2019,March,28,129.38,0, , ,,,"Rebecca Banbury Morgan, Ian McGregor",Ian McGregor,7
92487,1,quve,928,2019.01,2019,March,28,120.62,0, , ,,,"Rebecca Banbury Morgan, Ian McGregor",Ian McGregor,7
92488,1,litu,928,2019.01,2019,March,28,63.18,0, , ,,,"Rebecca Banbury Morgan, Ian McGregor",Ian McGregor,7
92545,1,litu,931,2019.01,2019,March,28,63.69,0, , ,,,"Rebecca Banbury Morgan, Ian McGregor",Ian McGregor,7
92546,1,litu,931,2019.01,2019,March,28,48.6,0, , ,,,"Rebecca Banbury Morgan, Ian McGregor",Ian McGregor,7
92547,1,litu,931,2019.01,2019,March,28,81.87,0, , ,,,"Rebecca Banbury Morgan, Ian McGregor",Ian McGregor,7
100011,1,fram,1001,2019.01,2019,March,28,91.68,1, , ,,band adjusted,"Rebecca Banbury Morgan, Ian McGregor",Ian McGregor,3
100612,1,litu,1003,2019.01,2019,March,25,69.05,0, , ,F,,"Fanfan, Helen Bontrager, Ian McGregor",Ian McGregor,2
100516,1,litu,1004,2019.01,2019,March,25,64.92,0, , ,F,,"Fanfan, Helen Bontrager, Ian McGregor",Ian McGregor,2
100562,1,litu,1004,2019.01,2019,March,25,136.81,0, , ,F,,"Fanfan, Helen Bontrager, Ian McGregor",Ian McGregor,2
100754,1,quru,1005,2019.01,2019,March,25,26.28,0, , ,F,,"Fanfan, Helen Bontrager, Ian McGregor",Ian McGregor,2
100771,1,quru,1005,2019.01,2019,March,25,131.86,0, , ,F,,"Fanfan, Helen Bontrager, Ian McGregor",Ian McGregor,2
100905,1,litu,1008,2019.01,2019,March,25,133.81,0, , ,F,,"Fanfan, Helen Bontrager, Ian McGregor",Ian McGregor,2
100906,1,litu,1008,2019.01,2019,March,25,23.43,0, , ,F,,"Fanfan, Helen Bontrager, Ian McGregor",Ian McGregor,2
100955,1,quru,1010,2019.01,2019,March,25,8.59,1, , ,F,"new band, gap adjusted","Fanfan, Helen Bontrager, Ian McGregor",Ian McGregor,2
100960,1,quru,1010,2019.01,2019,March,25,38,0, , ,F,,"Fanfan, Helen Bontrager, Ian McGregor",Ian McGregor,2
101111,1,litu,1011,2019.01,2019,March,25,30.87,0, , ,F,,"Fanfan, Helen Bontrager, Ian McGregor",Ian McGregor,2
101118,1,litu,1011,2019.01,2019,March,25,90.25,0, , ,F,,"Fanfan, Helen Bontrager, Ian McGregor",Ian McGregor,2
101223,1,qupr,1013,2019.01,2019,March,28,7.48,0, , ,,,"Rebecca Banbury Morgan, Ian McGregor",Ian McGregor,3
101244,1,quve,1014,2019.01,2019,March,28,81.29,0, , ,,,"Rebecca Banbury Morgan, Ian McGregor",Ian McGregor,3
101310,1,fram,1016,2019,2019,March,28,96.01,0, , ,,,"Rebecca Banbury Morgan, Ian McGregor",Ian McGregor,5
101312,1,fram,1016,2019,2019,March,28,136.66,0, , ,,,"Rebecca Banbury Morgan, Ian McGregor",Ian McGregor,5
102148,1,cato,1019,2019,2019,March,28,21.55,0, , ,,,"Rebecca Banbury Morgan, Ian McGregor",Ian McGregor,5
102149,1,cagl,1020,2019,2019,March,28,42.65,0, , ,,,"Rebecca Banbury Morgan, Ian McGregor",Ian McGregor,5
102150,1,qual,1020,2019,2019,March,28,55.99,0, , ,,,"Rebecca Banbury Morgan, Ian McGregor",Ian McGregor,5
102154,1,qual,1020,2019,2019,March,28,103.38,0, , ,,,"Rebecca Banbury Morgan, Ian McGregor",Ian McGregor,5
102177,1,qual,1020,2019,2019,March,28,105.6,0, , ,,,"Rebecca Banbury Morgan, Ian McGregor",Ian McGregor,5
102199,1,cagl,1021,2019,2019,March,28,12.31,0, , ,,,"Rebecca Banbury Morgan, Ian McGregor",Ian McGregor,5
102258,1,qual,1022,2019,2019,March,28,119.9,0, , ,RE,,"Rebecca Banbury Morgan, Ian McGregor",Ian McGregor,5
102261,1,qual,1022,2019,2019,March,28,141.5,0, , ,,,"Rebecca Banbury Morgan, Ian McGregor",Ian McGregor,5
102262,1,qual,1022,2019,2019,March,28,85.75,0, , ,,,"Rebecca Banbury Morgan, Ian McGregor",Ian McGregor,5
102264,1,qual,1022,2019,2019,March,28,34.15,0, , ,,,"Rebecca Banbury Morgan, Ian McGregor",Ian McGregor,5
102303,1,quve,1024,2019,2019,March,28,153.83,0, , ,RE,,"Rebecca Banbury Morgan, Ian McGregor",Ian McGregor,5
102348,1,qual,1025,2019.01,2019,March,28,140.3,0, , ,,,"Rebecca Banbury Morgan, Ian McGregor",Ian McGregor,7
102364,1,qual,1025,2019.01,2019,March,28,93.64,0, , ,,,"Rebecca Banbury Morgan, Ian McGregor",Ian McGregor,7
102365,1,litu,1025,2019.01,2019,March,28,52.24,0, , ,,,"Rebecca Banbury Morgan, Ian McGregor",Ian McGregor,7
102371,1,qual,1026,2019.01,2019,March,28,65.37,0, , ,,,"Rebecca Banbury Morgan, Ian McGregor",Ian McGregor,7
102438,1,litu,1028,2019.01,2019,March,28,63.5,0, , ,,,"Rebecca Banbury Morgan, Ian McGregor",Ian McGregor,7
102438,2,litu,1028,2019.01,2019,March,28,69.48,0, , ,,,"Rebecca Banbury Morgan, Ian McGregor",Ian McGregor,7
102439,1,litu,1028,2019.01,2019,March,28,18.49,0, , ,,,"Rebecca Banbury Morgan, Ian McGregor",Ian McGregor,7
102441,1,litu,1029,2019.01,2019,March,28,56.84,0, , ,,,"Rebecca Banbury Morgan, Ian McGregor",Ian McGregor,7
102442,1,litu,1029,2019.01,2019,March,28,102.75,0, , ,,,"Rebecca Banbury Morgan, Ian McGregor",Ian McGregor,7
102443,1,litu,1029,2019.01,2019,March,28,68.13,0, , ,,,"Rebecca Banbury Morgan, Ian McGregor",Ian McGregor,7
102444,1,litu,1029,2019.01,2019,March,28,25.39,0, , ,,,"Rebecca Banbury Morgan, Ian McGregor",Ian McGregor,7
102446,1,litu,1029,2019.01,2019,March,28,45.78,0, , ,M;main,,"Rebecca Banbury Morgan, Ian McGregor",Ian McGregor,7
102446,2,litu,1029,2019.01,2019,March,28,27.49,0, , ,S,,"Rebecca Banbury Morgan, Ian McGregor",Ian McGregor,7
102475,1,litu,1030,2019.01,2019,March,28,122.46,0, , ,,,"Rebecca Banbury Morgan, Ian McGregor",Ian McGregor,8
102501,1,litu,1031,2019.01,2019,March,28,103.09,0, , ,,,"Rebecca Banbury Morgan, Ian McGregor",Ian McGregor,7
102502,1,ulru,1031,2019.01,2019,March,28,45.28,0, , ,,,"Rebecca Banbury Morgan, Ian McGregor",Ian McGregor,7
102509,1,quve,1032,2019.01,2019,March,28,54.37,0, , ,,,"Rebecca Banbury Morgan, Ian McGregor",Ian McGregor,7
110061,1,litu,1101,2019.01,2019,March,25,4.07,0, , ,F,,"Fanfan, Helen Bontrager, Ian McGregor",Ian McGregor,2
110680,1,litu,1104,2019.01,2019,March,25,121.7,0, , ,F,,"Fanfan, Helen Bontrager, Ian McGregor",Ian McGregor,2
110788,1,litu,1104,2019.01,2019,March,25,105.03,0, , ,F,,"Fanfan, Helen Bontrager, Ian McGregor",Ian McGregor,2
110791,1,litu,1104,2019.01,2019,March,25,147.84,0, , ,F,,"Fanfan, Helen Bontrager, Ian McGregor",Ian McGregor,2
110798,1,qupr,1104,2019.01,2019,March,25,23.13,0, , ,F,,"Fanfan, Helen Bontrager, Ian McGregor",Ian McGregor,2
110901,1,litu,1105,2019.01,2019,March,25,62.61,0, , ,F,,"Fanfan, Helen Bontrager, Ian McGregor",Ian McGregor,2
111014,1,litu,1107,2019.01,2019,March,25,139.2,0, , ,F,,"Fanfan, Helen Bontrager, Ian McGregor",Ian McGregor,2
111029,1,litu,1107,2019.01,2019,March,25,16.14,0, , ,F,"written measurement was 161.43, should double check band is good in fall","Fanfan, Helen Bontrager, Ian McGregor",Ian McGregor,2
111030,1,litu,1107,2019.01,2019,March,25,79.37,0, , ,F,,"Fanfan, Helen Bontrager, Ian McGregor",Ian McGregor,2
111032,1,litu,1107,2019.01,2019,March,25,46.31,0, , ,M;main;F,,"Fanfan, Helen Bontrager, Ian McGregor",Ian McGregor,2
111032,2,litu,1107,2019.01,2019,March,25,44.48,0, , ,S;F,,"Fanfan, Helen Bontrager, Ian McGregor",Ian McGregor,2
111039,1,litu,1108,2019.01,2019,March,25,104.59,0, , ,RE;F,,"Fanfan, Helen Bontrager, Ian McGregor",Ian McGregor,2
111041,1,quru,1108,2019.01,2019,March,25,95.68,0, , ,F,,"Fanfan, Helen Bontrager, Ian McGregor",Ian McGregor,2
111092,1,litu,1110,2019.01,2019,March,25,99.4,0, , ,F,,"Fanfan, Helen Bontrager, Ian McGregor",Ian McGregor,2
111093,1,litu,1110,2019.01,2019,March,25,42.7,0, , ,F,,"Fanfan, Helen Bontrager, Ian McGregor",Ian McGregor,2
111292,1,fram,1116,2019,2019,March,28,77,0, , ,,,"Rebecca Banbury Morgan, Ian McGregor",Ian McGregor,5
112014,1,cagl,1117,2019,2019,March,28,65.88,0, , ,,,"Rebecca Banbury Morgan, Ian McGregor",Ian McGregor,5
112057,1,acru,1117,2019,2019,March,28,71.03,0, , ,,,"Rebecca Banbury Morgan, Ian McGregor",Ian McGregor,5
112060,1,fram,1117,2019,2019,March,28,98.57,0, , ,,,"Rebecca Banbury Morgan, Ian McGregor",Ian McGregor,5
112118,1,quru,1119,2019,2019,March,28,65.5,0, , ,,,"Rebecca Banbury Morgan, Ian McGregor",Ian McGregor,5
112130,1,qual,1119,2019,2019,March,28,8.05,0, , ,,,"Rebecca Banbury Morgan, Ian McGregor",Ian McGregor,5
112136,1,pist,1120,2019,2019,March,28,15.36,0, , ,,,"Rebecca Banbury Morgan, Ian McGregor",Ian McGregor,5
112137,1,qual,1120,2019,2019,March,28,16.09,0, , ,,,"Rebecca Banbury Morgan, Ian McGregor",Ian McGregor,5
112142,1,qual,1120,2019,2019,March,28,7.56,0, , ,,,"Rebecca Banbury Morgan, Ian McGregor",Ian McGregor,5
112250,1,pist,1122,2019,2019,March,28,102.29,0, , ,RE,,"Rebecca Banbury Morgan, Ian McGregor",Ian McGregor,5
112252,1,litu,1122,2019,2019,March,28,65.7,1, , ,,band adjusted,"Rebecca Banbury Morgan, Ian McGregor",Ian McGregor,5
112262,1,quru,1123,2019,2019,March,28,51.61,0, , ,,,"Rebecca Banbury Morgan, Ian McGregor",Ian McGregor,5
112316,1,quve,1125,2019.01,2019,March,28,102.25,0, , ,,,"Rebecca Banbury Morgan, Ian McGregor",Ian McGregor,8
112336,1,qual,1125,2019.01,2019,March,28,12.15,0, , ,,,"Rebecca Banbury Morgan, Ian McGregor",Ian McGregor,8
112342,1,nysy,1125,2019.01,2019,March,28,3.88,0, , ,,,"Rebecca Banbury Morgan, Ian McGregor",Ian McGregor,8
112350,1,cagl,1126,2019.01,2019,March,28,55.85,0, , ,,,"Rebecca Banbury Morgan, Ian McGregor",Ian McGregor,8
112354,1,qual,1126,2019.01,2019,March,28,94.54,0, , ,,,"Rebecca Banbury Morgan, Ian McGregor",Ian McGregor,8
112462,1,litu,1128,2019.01,2019,March,28,107.81,0, , ,,,"Rebecca Banbury Morgan, Ian McGregor",Ian McGregor,8
112698,1,ulru,1128,2019.01,2019,March,28,25.74,0, , ,,,"Rebecca Banbury Morgan, Ian McGregor",Ian McGregor,8
112466,1,cato,1129,2019.01,2019,March,28,18.43,0, , ,,,"Rebecca Banbury Morgan, Ian McGregor",Ian McGregor,8
112467,1,litu,1129,2019.01,2019,March,28,81.67,0, , ,,,"Rebecca Banbury Morgan, Ian McGregor",Ian McGregor,8
112480,1,litu,1131,2019.01,2019,March,28,70.25,0, , ,,,"Rebecca Banbury Morgan, Ian McGregor",Ian McGregor,8
112481,1,litu,1131,2019.01,2019,March,28,69.65,0, , ,,,"Rebecca Banbury Morgan, Ian McGregor",Ian McGregor,8
112482,1,litu,1131,2019.01,2019,March,28,7.54,0, , ,,,"Rebecca Banbury Morgan, Ian McGregor",Ian McGregor,8
120278,1,litu,1201,2019.01,2019,March,25,112.98,0, , ,F,,"Fanfan, Helen Bontrager, Ian McGregor",Ian McGregor,2
120755,1,litu,1204,2019.01,2019,March,25,132.33,0, , ,F,,"Fanfan, Helen Bontrager, Ian McGregor",Ian McGregor,2
120777,1,litu,1205,2019.01,2019,March,25,103.45,0, , ,F,,"Fanfan, Helen Bontrager, Ian McGregor",Ian McGregor,2
120781,1,litu,1205,2019.01,2019,March,25,89.09,0, , ,F,,"Fanfan, Helen Bontrager, Ian McGregor",Ian McGregor,2
120790,1,litu,1205,2019.01,2019,March,25,104.88,0, , ,F,,"Fanfan, Helen Bontrager, Ian McGregor",Ian McGregor,2
121212,1,litu,1207,2019.01,2019,March,25,80.53,0, , ,F,,"Fanfan, Helen Bontrager, Ian McGregor",Ian McGregor,2
121221,1,litu,1207,2019.01,2019,March,25,6.17,0, , ,F,,"Fanfan, Helen Bontrager, Ian McGregor",Ian McGregor,2
121275,1,qupr,1209,2019.01,2019,March,25,22.76,0, , ,F,,"Fanfan, Helen Bontrager, Ian McGregor",Ian McGregor,2
121291,1,qupr,1210,2019.01,2019,March,25,90.35,0, , ,F,,"Fanfan, Helen Bontrager, Ian McGregor",Ian McGregor,2
121195,1,quru,1211,2019.01,2019,March,25,58.42,0, , ,F,,"Fanfan, Helen Bontrager, Ian McGregor",Ian McGregor,2
121301,1,caovl,1211,2019.01,2019,March,25,107.58,0, , ,F,,"Fanfan, Helen Bontrager, Ian McGregor",Ian McGregor,2
121305,1,quru,1211,2019.01,2019,March,25,108.93,0, , ,F,,"Fanfan, Helen Bontrager, Ian McGregor",Ian McGregor,2
121438,1,caco,1215,2019.01,2019,March,28,15.11,1, , ,,band adjusted,"Rebecca Banbury Morgan, Ian McGregor",Ian McGregor,3
121358,1,fram,1216,2019,2019,March,28,12.85,0, , , ,,"Rebecca Banbury Morgan, Ian McGregor",Ian McGregor,5
121367,1,nysy,1216,2019,2019,March,28,60.94,0, , ,,,"Rebecca Banbury Morgan, Ian McGregor",Ian McGregor,5
121374,1,juni,1216,2019,2019,March,28,38.75,0, , ,,,"Rebecca Banbury Morgan, Ian McGregor",Ian McGregor,5
122005,1,fram,1217,2019,2019,March,28,107.52,0, , ,,,"Rebecca Banbury Morgan, Ian McGregor",Ian McGregor,5
122006,1,acru,1217,2019,2019,March,28,76.2,0, , ,,,"Rebecca Banbury Morgan, Ian McGregor",Ian McGregor,5
122009,1,acru,1217,2019,2019,March,28,68.67,0, , ,,,"Rebecca Banbury Morgan, Ian McGregor",Ian McGregor,5
122120,1,qual,1220,2019,2019,March,28,84.49,0, , ,,,"Rebecca Banbury Morgan, Ian McGregor",Ian McGregor,5
122121,1,pist,1220,2019,2019,March,28,10.52,0, , ,,,"Rebecca Banbury Morgan, Ian McGregor",Ian McGregor,5
122136,1,quru,1220,2019,2019,March,28,17.54,0, , ,,,"Rebecca Banbury Morgan, Ian McGregor",Ian McGregor,5
122184,1,pist,1222,2019,2019,March,28,5.2,0, , ,,,"Rebecca Banbury Morgan, Ian McGregor",Ian McGregor,5
122185,1,pist,1222,2019,2019,March,28,30.21,0, , ,,,"Rebecca Banbury Morgan, Ian McGregor",Ian McGregor,5
122189,1,qual,1222,2019,2019,March,28,93.63,0, , ,,,"Rebecca Banbury Morgan, Ian McGregor",Ian McGregor,5
122248,1,qual,1222,2019,2019,March,28,47.33,1, , ,,band adjusted,"Rebecca Banbury Morgan, Ian McGregor",Ian McGregor,5
122303,1,qual,1223,2019,2019,March,28,74.59,0, , ,,,"Rebecca Banbury Morgan, Ian McGregor",Ian McGregor,5
122343,1,qual,1225,2019.01,2019,March,28,100.13,0, , ,,,"Rebecca Banbury Morgan, Ian McGregor",Ian McGregor,8
122450,1,ulru,1225,2019.01,2019,March,28,57.66,0, , ,,,"Rebecca Banbury Morgan, Ian McGregor",Ian McGregor,8
122452,1,fram,1226,2019.01,2019,March,28,68.09,0, , ,,,"Rebecca Banbury Morgan, Ian McGregor",Ian McGregor,8
122455,1,qual,1226,2019.01,2019,March,28,104.51,0, , ,,,"Rebecca Banbury Morgan, Ian McGregor",Ian McGregor,8
122458,1,cagl,1226,2019.01,2019,March,28,92.46,0, , ,RE,,"Rebecca Banbury Morgan, Ian McGregor",Ian McGregor,8
122427,1,qual,1227,2019.01,2019,March,28,8.92,0, , ,,,"Rebecca Banbury Morgan, Ian McGregor",Ian McGregor,8
122439,1,cagl,1228,2019.01,2019,March,28,29.59,0, , ,,,"Rebecca Banbury Morgan, Ian McGregor",Ian McGregor,8
122482,1,litu,1228,2019.01,2019,March,28,77.6,0, , ,,coordinates are flipped,"Rebecca Banbury Morgan, Ian McGregor",Ian McGregor,8
122486,1,litu,1228,2019.01,2019,March,28,128.12,0, , ,,,"Rebecca Banbury Morgan, Ian McGregor",Ian McGregor,8
122489,1,cagl,1229,2019.01,2019,March,28,55.04,0, , ,,,"Rebecca Banbury Morgan, Ian McGregor",Ian McGregor,8
122492,1,litu,1229,2019.01,2019,March,28,136.22,0, , ,,,"Rebecca Banbury Morgan, Ian McGregor",Ian McGregor,8
122561,1,litu,1231,2019.01,2019,March,28,137.31,0, , ,,,"Rebecca Banbury Morgan, Ian McGregor",Ian McGregor,8
122522,1,litu,1232,2019.01,2019,March,28,81.67,0, , ,,,"Rebecca Banbury Morgan, Ian McGregor",Ian McGregor,8
130348,1,litu,1302,2019.01,2019,March,28,132.97,0, , ,,,"Fanfan, Helen Bontrager",Ian McGregor,1
130838,1,litu,1305,2019.01,2019,March,25,11.57,0, , ,F,,"Fanfan, Helen Bontrager, Ian McGregor",Ian McGregor,2
130718,1,litu,1306,2019.01,2019,March,25,2.72,0, , ,F,,"Fanfan, Helen Bontrager, Ian McGregor",Ian McGregor,2
131009,1,quve,1308,2019.01,2019,March,25,24.12,0, , ,F,,"Fanfan, Helen Bontrager, Ian McGregor",Ian McGregor,2
131086,1,quru,1310,2019.01,2019,March,25,44.83,0, , ,F,,"Fanfan, Helen Bontrager, Ian McGregor",Ian McGregor,2
131087,1,quru,1310,2019.01,2019,March,25,38.38,0, , ,F,,"Fanfan, Helen Bontrager, Ian McGregor",Ian McGregor,2
131092,1,litu,1311,2019.01,2019,March,25,27.11,0, , ,F,,"Fanfan, Helen Bontrager, Ian McGregor",Ian McGregor,2
131096,1,litu,1311,2019.01,2019,March,25,14.99,0, , ,F,,"Fanfan, Helen Bontrager, Ian McGregor",Ian McGregor,2
131188,1,litu,1313,2019.01,2019,March,28,20.45,0, , ,,,"Rebecca Banbury Morgan, Ian McGregor",Ian McGregor,3
131227,1,litu,1313,2019.01,2019,March,28,69.92,0, , ,,,"Rebecca Banbury Morgan, Ian McGregor",Ian McGregor,3
131232,1,litu,1313,2019.01,2019,March,28,98.43,0, , ,,,"Rebecca Banbury Morgan, Ian McGregor",Ian McGregor,3
131233,1,litu,1313,2019.01,2019,March,28,67.5,0, , ,,,"Rebecca Banbury Morgan, Ian McGregor",Ian McGregor,3
131239,1,quru,1314,2019.01,2019,March,28,105.08,0, , ,,,"Rebecca Banbury Morgan, Ian McGregor",Ian McGregor,3
131272,1,fram,1315,2019.01,2019,March,28,NA,0, , ,,band removed in 2019.00,"Rebecca Banbury Morgan, Ian McGregor",Ian McGregor,3
131352,1,fram,1316,2019,2019,March,28,NA,0, , ,,"band removed, massive flecking","Rebecca Banbury Morgan, Ian McGregor",Ian McGregor,5
131364,1,acru,1316,2019,2019,March,28,132.79,0, , ,RE,,"Rebecca Banbury Morgan, Ian McGregor",Ian McGregor,5
132028,1,fram,1317,2019,2019,March,28,59.4,0, , ,,,"Rebecca Banbury Morgan, Ian McGregor",Ian McGregor,5
132077,1,qual,1319,2019,2019,March,28,45.09,0, , ,,,"Rebecca Banbury Morgan, Ian McGregor",Ian McGregor,5
132171,1,litu,1320,2019,2019,March,28,42.26,0, , ,,,"Rebecca Banbury Morgan, Ian McGregor",Ian McGregor,5
132302,1,quru,1321,2019,2019,March,28,5.54,0, , ,,,"Rebecca Banbury Morgan, Ian McGregor",Ian McGregor,5
132311,1,qual,1322,2019,2019,March,28,116.81,0, , ,,,"Rebecca Banbury Morgan, Ian McGregor",Ian McGregor,5
132321,1,quru,1323,2019,2019,March,28,90.37,0, , ,,,"Rebecca Banbury Morgan, Ian McGregor",Ian McGregor,5
132280,1,fram,1324,2019,2019,March,28,10.33,0, , ,,,"Rebecca Banbury Morgan, Ian McGregor",Ian McGregor,5
132371,1,quru,1325,2019.01,2019,March,28,5.8,0, , , ,,"Rebecca Banbury Morgan, Ian McGregor",Ian McGregor,8
132508,1,quve,1328,2019.01,2019,March,28,72.28,0, , ,,,"Rebecca Banbury Morgan, Ian McGregor",Ian McGregor,8
132524,1,litu,1329,2019.01,2019,March,28,70.08,0, , ,,,"Rebecca Banbury Morgan, Ian McGregor",Ian McGregor,8
132525,1,fram,1329,2019.01,2019,March,28,15.19,0, , ,,,"Rebecca Banbury Morgan, Ian McGregor",Ian McGregor,8
132529,1,litu,1329,2019.01,2019,March,28,100.69,0, , ,,,"Rebecca Banbury Morgan, Ian McGregor",Ian McGregor,8
132539,1,litu,1331,2019.01,2019,March,28,20.46,0, , ,,,"Rebecca Banbury Morgan, Ian McGregor",Ian McGregor,8
132542,1,quve,1332,2019.01,2019,March,28,115.64,0, , ,,,"Rebecca Banbury Morgan, Ian McGregor",Ian McGregor,8
132545,1,litu,1332,2019.01,2019,March,28,97.24,0, , ,,,"Rebecca Banbury Morgan, Ian McGregor",Ian McGregor,8
140609,1,litu,1403,2019.01,2019,March,28,21.09,0, , ,,,"Fanfan, Helen Bontrager",Ian McGregor,1
140467,1,quve,1404,2019.01,2019,March,28,95.21,0, , ,,,"Fanfan, Helen Bontrager",Ian McGregor,1
140646,1,litu,1405,2019.01,2019,March,25,53.93,0, , ,F,,"Fanfan, Helen Bontrager, Ian McGregor",Ian McGregor,2
140736,1,quve,1407,2019.01,2019,March,25,8.55,0, , ,F,,"Fanfan, Helen Bontrager, Ian McGregor",Ian McGregor,2
140751,1,quru,1408,2019.01,2019,March,25,56.53,0, , ,F,,"Fanfan, Helen Bontrager, Ian McGregor",Ian McGregor,2
140756,1,quve,1408,2019.01,2019,March,25,41.84,0, , ,DS;F,"band removed, tree dead","Fanfan, Helen Bontrager, Ian McGregor",Ian McGregor,2
140813,1,litu,1410,2019.01,2019,March,25,69.01,0, , ,F,,"Fanfan, Helen Bontrager, Ian McGregor",Ian McGregor,2
140818,1,litu,1410,2019.01,2019,March,25,43.54,0, , ,F,,"Fanfan, Helen Bontrager, Ian McGregor",Ian McGregor,2
140819,1,litu,1411,2019.01,2019,March,25,7.15,0, , ,F,,"Fanfan, Helen Bontrager, Ian McGregor",Ian McGregor,2
140821,1,litu,1411,2019.01,2019,March,25,24.65,0, , ,F,,"Fanfan, Helen Bontrager, Ian McGregor",Ian McGregor,2
140825,1,litu,1411,2019.01,2019,March,25,129.76,0, , ,F,,"Fanfan, Helen Bontrager, Ian McGregor",Ian McGregor,2
140829,1,litu,1411,2019.01,2019,March,25,132.13,0, , ,RE;F,,"Fanfan, Helen Bontrager, Ian McGregor",Ian McGregor,2
140833,1,litu,1411,2019.01,2019,March,25,131.74,0, , ,F,,"Fanfan, Helen Bontrager, Ian McGregor",Ian McGregor,2
140872,1,litu,1413,2019.01,2019,March,28,19.85,0, , ,,,"Rebecca Banbury Morgan, Ian McGregor",Ian McGregor,3
141088,1,fram,1415,2019.01,2019,March,28,3.53,0, , ,,,"Rebecca Banbury Morgan, Ian McGregor",Ian McGregor,3
141216,1,caco,1415,2019.01,2019,March,28,5.65,0, , ,M;main,,"Rebecca Banbury Morgan, Ian McGregor",Ian McGregor,3
141146,1,caco,1416,2019,2019,March,28,34.13,0, , ,,,"Rebecca Banbury Morgan, Ian McGregor",Ian McGregor,5
142113,1,cagl,1417,2019,2019,March,28,34.83,0, , ,,,"Rebecca Banbury Morgan, Ian McGregor",Ian McGregor,5
142206,1,fram,1419,2019.01,2019,March,28,104.43,0, , ,,,"Fanfan, Helen Bontrager",Ian McGregor,6
142521,1,pist,1422,2019,2019,March,28,48.49,0, , ,,,"Rebecca Banbury Morgan, Ian McGregor",Ian McGregor,5
142527,1,cagl,1422,2019,2019,March,28,30.75,0, , ,,,"Rebecca Banbury Morgan, Ian McGregor",Ian McGregor,5
142548,1,qual,1424,2019,2019,March,28,5.37,0, , ,,,"Rebecca Banbury Morgan, Ian McGregor",Ian McGregor,5
142380,1,qual,1425,2019.01,2019,March,28,141.8,0, , ,,,"Rebecca Banbury Morgan, Ian McGregor",Ian McGregor,8
142575,1,quve,1426,2019.01,2019,March,28,31.37,0, , ,,,"Rebecca Banbury Morgan, Ian McGregor",Ian McGregor,8
143707,1,cagl,1426,2019.01,2019,March,28,16.15,0, , ,,,"Rebecca Banbury Morgan, Ian McGregor",Ian McGregor,8
142399,1,qual,1427,2019.01,2019,March,28,3.3,0, , ,,,"Rebecca Banbury Morgan, Ian McGregor",Ian McGregor,8
142708,1,juni,1429,2019.01,2019,March,28,19.56,0, , ,,,"Rebecca Banbury Morgan, Ian McGregor",Ian McGregor,8
142656,1,litu,1431,2019.01,2019,March,28,59.05,0, , ,,,"Rebecca Banbury Morgan, Ian McGregor",Ian McGregor,8
142727,1,litu,1431,2019.01,2019,March,28,139.02,0, , ,,,"Rebecca Banbury Morgan, Ian McGregor",Ian McGregor,8
142729,1,litu,1431,2019.01,2019,March,28,50.58,0, , ,,,"Rebecca Banbury Morgan, Ian McGregor",Ian McGregor,8
142730,1,litu,1431,2019.01,2019,March,28,29.44,0, , ,,,"Rebecca Banbury Morgan, Ian McGregor",Ian McGregor,8
142731,1,litu,1432,2019.01,2019,March,28,55.83,0, , ,,,"Rebecca Banbury Morgan, Ian McGregor",Ian McGregor,8
142732,1,cagl,1432,2019.01,2019,March,28,30.7,0, , ,,,"Rebecca Banbury Morgan, Ian McGregor",Ian McGregor,8
142733,1,litu,1432,2019.01,2019,March,28,21.28,0, , ,,,"Rebecca Banbury Morgan, Ian McGregor",Ian McGregor,8
142735,1,qual,1432,2019.01,2019,March,28,72.7,0, , ,,,"Rebecca Banbury Morgan, Ian McGregor",Ian McGregor,8
150756,1,quve,1503,2019.01,2019,March,28,30.98,0, , ,,,"Fanfan, Helen Bontrager",Ian McGregor,1
152153,1,ploc,1520,2019.01,2019,March,28,50.18,0, , ,,,"Fanfan, Helen Bontrager",Ian McGregor,6
152513,1,qupr,1525,2019.01,2019,March ,28,5.36,0, , ,,,"Fanfan, Helen Bontrager",Ian McGregor,9
152673,1,litu,1530,2019.01,2019,March ,28,57.6,0, , ,,,"Fanfan, Helen Bontrager",Ian McGregor,9
152701,1,litu,1531,2019.01,2019,March ,28,36.13,0, , ,,,"Fanfan, Helen Bontrager",Ian McGregor,9
160713,1,litu,1603,2019.01,2019,March,28,128.33,0, , ,,,"Fanfan, Helen Bontrager",Ian McGregor,1
160742,1,litu,1605,2019.01,2019,March,28,58.69,0, , ,,,"Fanfan, Helen Bontrager",Ian McGregor,1
160910,1,litu,1607,2019.01,2019,March,28,91.74,0, , ,,,"Fanfan, Helen Bontrager",Ian McGregor,1
160814,1,cato,1611,2019.01,2019,March,28,1.83,0, , ,,,"Fanfan, Helen Bontrager",Ian McGregor,1
160985,1,litu,1612,2019.01,2019,March,28,121.28,0, , ,,,"Fanfan, Helen Bontrager",Ian McGregor,1
160862,1,ploc,1614,2019.01,2019,March,28,22.38,0, , ,,checked previous measure,"Fanfan, Helen Bontrager",Ian McGregor,1
161578,1,qual,1616,2019.01,2019,March,28,2.01,0, , ,,,"Fanfan, Helen Bontrager",Ian McGregor,6
162293,1,qual,1623,2019.01,2019,March,28,97.44,0, , ,,,"Fanfan, Helen Bontrager",Ian McGregor,6
162503,1,quve,1624,2019.01,2019,March,28,134.61,0, , ,,,"Fanfan, Helen Bontrager",Ian McGregor,6
162439,1,quru,1627,2019.01,2019,March ,28,14.33,0, , ,,,"Fanfan, Helen Bontrager",Ian McGregor,9
162541,1,qupr,1627,2019.01,2019,March ,28,5.63,0, , ,,,"Fanfan, Helen Bontrager",Ian McGregor,9
162543,1,qual,1627,2019.01,2019,March ,28,72.51,0, , ,,,"Fanfan, Helen Bontrager",Ian McGregor,9
162446,1,quru,1630,2019.01,2019,March ,28,5.18,0, , ,,,"Fanfan, Helen Bontrager",Ian McGregor,9
170175,1,litu,1702,2019.01,2019,March,28,77.42,0, , ,,,"Fanfan, Helen Bontrager",Ian McGregor,1
170992,1,litu,1704,2019.01,2019,March,28,67.98,0, , ,,,"Fanfan, Helen Bontrager",Ian McGregor,1
170994,1,litu,1704,2019.01,2019,March,28,129.1,0, , ,,,"Fanfan, Helen Bontrager",Ian McGregor,1
171127,1,litu,1705,2019.01,2019,March,28,100.23,0, , ,,,"Fanfan, Helen Bontrager",Ian McGregor,1
171254,1,litu,1708,2019.01,2019,March,28,54.94,0, , ,,,"Fanfan, Helen Bontrager",Ian McGregor,1
171257,1,litu,1708,2019.01,2019,March,28,77.54,0, , ,,,"Fanfan, Helen Bontrager",Ian McGregor,1
171262,1,litu,1708,2019.01,2019,March,28,148.41,0, , ,,,"Fanfan, Helen Bontrager",Ian McGregor,1
171314,1,quru,1712,2019.01,2019,March,28,137.29,0, , ,,,"Fanfan, Helen Bontrager",Ian McGregor,1
171348,1,ceca,1714,2019.01,2019,March,28,76.03,0, , ,,,"Fanfan, Helen Bontrager",Ian McGregor,1
171358,1,fram,1714,2019.01,2019,March,28,11.69,0, , ,,,"Fanfan, Helen Bontrager",Ian McGregor,1
171454,1,caco,1714,2019.01,2019,March,28,4.11,0, , ,,,"Fanfan, Helen Bontrager",Ian McGregor,1
171456,1,acru,1714,2019.01,2019,March,28,99.71,0, , ,,,"Fanfan, Helen Bontrager",Ian McGregor,1
171462,1,qual,1715,2019.01,2019,March,28,12.93,0, , ,,,"Fanfan, Helen Bontrager",Ian McGregor,1
171505,1,litu,1716,2019.01,2019,March,28,58.03,0, , ,,,"Fanfan, Helen Bontrager",Ian McGregor,6
171506,1,litu,1716,2019.01,2019,March,28,111.44,0, , ,,,"Fanfan, Helen Bontrager",Ian McGregor,6
172201,1,cagl,1717,2019.01,2019,March,28,44.04,0, , ,,,"Fanfan, Helen Bontrager",Ian McGregor,6
172202,1,quru,1717,2019.01,2019,March,28,57.38,0, , ,,,"Fanfan, Helen Bontrager",Ian McGregor,6
172203,1,qual,1717,2019.01,2019,March,28,14.67,0, , ,,,"Fanfan, Helen Bontrager",Ian McGregor,6
172205,1,qual,1717,2019.01,2019,March,28,120,0, , ,,,"Fanfan, Helen Bontrager",Ian McGregor,6
172248,1,cato,1719,2019.01,2019,March,28,25.92,0, , ,,checked previous measure,"Fanfan, Helen Bontrager",Ian McGregor,6
172255,1,qual,1720,2019.01,2019,March,28,99.93,0, , ,,,"Fanfan, Helen Bontrager",Ian McGregor,6
172382,1,juni,1723,2019.01,2019,March,28,108.74,0, , ,,,"Fanfan, Helen Bontrager",Ian McGregor,6
172416,1,nysy,1725,2019.01,2019,March ,28,3.89,0, , , ,,"Fanfan, Helen Bontrager",Ian McGregor,9
172417,1,nysy,1725,2019.01,2019,March ,28,20.03,0, , ,,,"Fanfan, Helen Bontrager",Ian McGregor,9
172418,1,nysy,1725,2019.01,2019,March ,28,30.98,0, , ,,,"Fanfan, Helen Bontrager",Ian McGregor,9
172421,1,cagl,1725,2019.01,2019,March ,28,NA,0, , ,RE,window too large,"Fanfan, Helen Bontrager",Ian McGregor,9
172423,1,litu,1726,2019.01,2019,March ,28,111.85,0, , ,RE,,"Fanfan, Helen Bontrager",Ian McGregor,9
172470,1,quru,1728,2019.01,2019,March ,28,72.51,0, , ,,checked previous measure,"Fanfan, Helen Bontrager",Ian McGregor,9
172472,1,fram,1728,2019.01,2019,March ,28,26.86,0, , ,,,"Fanfan, Helen Bontrager",Ian McGregor,9
172556,1,litu,1729,2019.01,2019,March ,28,35.39,0, , ,,,"Fanfan, Helen Bontrager",Ian McGregor,9
172499,1,qual,1730,2019.01,2019,March ,28,139.68,0, , ,,,"Fanfan, Helen Bontrager",Ian McGregor,9
172624,1,litu,1731,2019.01,2019,March ,28,17.54,0, , ,,,"Fanfan, Helen Bontrager",Ian McGregor,9
180235,1,litu,1802,2019.01,2019,March,28,154.2,0, , ,RE,,"Fanfan, Helen Bontrager",Ian McGregor,1
180728,1,litu,1804,2019.01,2019,March,28,132.3,0, , ,,,"Fanfan, Helen Bontrager",Ian McGregor,1
180654,1,litu,1805,2019.01,2019,March,28,100.62,0, , ,,,"Fanfan, Helen Bontrager",Ian McGregor,1
180691,1,litu,1807,2019.01,2019,March,28,26.78,0, , ,,,"Fanfan, Helen Bontrager",Ian McGregor,1
180903,1,litu,1808,2019.01,2019,March,28,63.92,0, , ,RE,,"Fanfan, Helen Bontrager",Ian McGregor,1
180904,1,litu,1808,2019.01,2019,March,28,37.11,0, , ,,,"Fanfan, Helen Bontrager",Ian McGregor,1
180791,1,cagl,1811,2019.01,2019,March,28,6.3,0, , ,,,"Fanfan, Helen Bontrager",Ian McGregor,1
180984,1,litu,1813,2019.01,2019,March,28,28.97,0, , ,,,"Fanfan, Helen Bontrager",Ian McGregor,1
180991,1,ploc,1814,2019.01,2019,March,28,110.56,0, , ,,,"Fanfan, Helen Bontrager",Ian McGregor,1
181030,1,qual,1816,2019.01,2019,March,28,109.15,0, , ,,,"Fanfan, Helen Bontrager",Ian McGregor,6
181033,1,litu,1816,2019.01,2019,March,28,143.52,0, , ,,,"Fanfan, Helen Bontrager",Ian McGregor,6
182207,1,qual,1817,2019.01,2019,March,28,105.57,0, , ,,,"Fanfan, Helen Bontrager",Ian McGregor,6
182208,1,quru,1817,2019.01,2019,March,28,75.95,0, , ,,,"Fanfan, Helen Bontrager",Ian McGregor,6
182248,1,nysy,1820,2019.01,2019,March,28,29.88,0, , ,,,"Fanfan, Helen Bontrager",Ian McGregor,6
182161,1,fram,1822,2019.01,2019,March,28,3.52,0, , , ,,"Fanfan, Helen Bontrager",Ian McGregor,6
182376,1,ploc,1823,2019.01,2019,March,28,31.28,0, , ,,,"Fanfan, Helen Bontrager",Ian McGregor,6
182570,1,juni,1823,2019.01,2019,March,28,87.87,0, , ,,,"Fanfan, Helen Bontrager",Ian McGregor,6
182451,1,fram,1829,2019.01,2019,March ,28,14.55,0, , ,,,"Fanfan, Helen Bontrager",Ian McGregor,9
182681,1,litu,1829,2019.01,2019,March ,28,146.34,0, , ,,,"Fanfan, Helen Bontrager",Ian McGregor,9
182693,1,litu,1830,2019.01,2019,March ,28,108.01,0, , ,,,"Fanfan, Helen Bontrager",Ian McGregor,9
182491,1,litu,1831,2019.01,2019,March ,28,73.56,0, , ,,,"Fanfan, Helen Bontrager",Ian McGregor,9
182498,1,fram,1831,2019.01,2019,March ,28,24.57,0, , ,,,"Fanfan, Helen Bontrager",Ian McGregor,9
190065,1,litu,1902,2019.01,2019,March,28,125.87,0, , ,,,"Fanfan, Helen Bontrager",Ian McGregor,1
190067,1,litu,1902,2019.01,2019,March,28,127.13,0, , ,,,"Fanfan, Helen Bontrager",Ian McGregor,1
190071,1,litu,1902,2019.01,2019,March,28,7.88,0, , ,,,"Fanfan, Helen Bontrager",Ian McGregor,1
190115,1,litu,1902,2019.01,2019,March,28,88.72,0, , ,,,"Fanfan, Helen Bontrager",Ian McGregor,1
190413,1,litu,1904,2019.01,2019,March,28,77.67,0, , ,,,"Fanfan, Helen Bontrager",Ian McGregor,1
190426,1,litu,1904,2019.01,2019,March,28,26.28,0, , ,,,"Fanfan, Helen Bontrager",Ian McGregor,1
190429,1,litu,1904,2019.01,2019,March,28,104.51,0, , ,,,"Fanfan, Helen Bontrager",Ian McGregor,1
190655,1,litu,1907,2019.01,2019,March,28,41.6,0, , ,,,"Fanfan, Helen Bontrager",Ian McGregor,1
190658,1,litu,1907,2019.01,2019,March,28,33.65,0, , ,,,"Fanfan, Helen Bontrager",Ian McGregor,1
190670,1,litu,1908,2019.01,2019,March,28,63.68,0, , ,,,"Fanfan, Helen Bontrager",Ian McGregor,1
190694,1,quru,1909,2019.01,2019,March,28,110.99,0, , ,,,"Fanfan, Helen Bontrager",Ian McGregor,1
190568,1,juni,1912,2019.01,2019,March,28,131.51,0, , ,,,"Fanfan, Helen Bontrager",Ian McGregor,1
190793,1,litu,1914,2019.01,2019,March,28,119.86,0, , ,,,"Fanfan, Helen Bontrager",Ian McGregor,1
190794,1,quru,1914,2019.01,2019,March,28,126.82,0, , ,,,"Fanfan, Helen Bontrager",Ian McGregor,1
190798,1,cagl,1914,2019.01,2019,March,28,5.13,0, , ,,,"Fanfan, Helen Bontrager",Ian McGregor,1
190835,1,litu,1916,2019.01,2019,March,28,85.12,0, , ,,,"Fanfan, Helen Bontrager",Ian McGregor,6
190838,1,quru,1916,2019.01,2019,March,28,62.66,0, , ,,retag,"Fanfan, Helen Bontrager",Ian McGregor,6
190840,1,litu,1916,2019.01,2019,March,28,30.84,0, , ,,,"Fanfan, Helen Bontrager",Ian McGregor,6
190935,1,quru,1916,2019.01,2019,March,28,NA,0, , ,,"tree fallen, band removed","Fanfan, Helen Bontrager",Ian McGregor,6
192008,1,qual,1917,2019.01,2019,March,28,111.19,0, , ,,,"Fanfan, Helen Bontrager",Ian McGregor,6
192055,1,qual,1919,2019.01,2019,March,28,107.46,0, , ,,,"Fanfan, Helen Bontrager",Ian McGregor,6
192244,1,qual,1919,2019.01,2019,March,28,21.89,0, , ,,,"Fanfan, Helen Bontrager",Ian McGregor,6
192062,1,qupr,1920,2019.01,2019,March,28,52.55,0, , ,,,"Fanfan, Helen Bontrager",Ian McGregor,6
192064,1,qupr,1920,2019.01,2019,March,28,72.44,0, , ,,,"Fanfan, Helen Bontrager",Ian McGregor,6
192133,1,caovl,1923,2019.01,2019,March,28,149.42,0, , ,RE,,"Fanfan, Helen Bontrager",Ian McGregor,6
192437,1,litu,1925,2019.01,2019,March ,28,10.74,0, , ,,,"Fanfan, Helen Bontrager",Ian McGregor,9
192466,1,quru,1926,2019.01,2019,March ,28,65.92,0, , ,,,"Fanfan, Helen Bontrager",Ian McGregor,9
192484,1,quru,1926,2019.01,2019,March ,28,38.23,0, , ,,,"Fanfan, Helen Bontrager",Ian McGregor,9
192619,1,quru,1926,2019.01,2019,March ,28,11.78,0, , ,,,"Fanfan, Helen Bontrager",Ian McGregor,9
192527,1,litu,1928,2019.01,2019,March ,28,69.58,0, , ,,,"Fanfan, Helen Bontrager",Ian McGregor,9
192528,1,litu,1928,2019.01,2019,March ,28,140.16,0, , ,,,"Fanfan, Helen Bontrager",Ian McGregor,9
192532,1,fagr,1928,2019.01,2019,March ,28,104.29,0, , ,,,"Fanfan, Helen Bontrager",Ian McGregor,9
192533,1,litu,1928,2019.01,2019,March ,28,12.76,0, , ,,,"Fanfan, Helen Bontrager",Ian McGregor,9
192534,1,litu,1928,2019.01,2019,March ,28,98.84,0, , ,,,"Fanfan, Helen Bontrager",Ian McGregor,9
192542,1,litu,1929,2019.01,2019,March ,28,74.89,0, , ,,,"Fanfan, Helen Bontrager",Ian McGregor,9
192543,1,litu,1929,2019.01,2019,March ,28,47.07,0, , ,,,"Fanfan, Helen Bontrager",Ian McGregor,9
192544,1,litu,1929,2019.01,2019,March ,28,75.68,0, , ,,,"Fanfan, Helen Bontrager",Ian McGregor,9
192546,1,litu,1929,2019.01,2019,March ,28,75.31,0, , ,,,"Fanfan, Helen Bontrager",Ian McGregor,9
192548,1,litu,1929,2019.01,2019,March ,28,86.34,0, , ,,,"Fanfan, Helen Bontrager",Ian McGregor,9
192674,1,litu,1929,2019.01,2019,March ,28,9.12,0, , ,,,"Fanfan, Helen Bontrager",Ian McGregor,9
192560,1,qual,1930,2019.01,2019,March ,28,110.41,0, , ,,,"Fanfan, Helen Bontrager",Ian McGregor,9
192570,1,fram,1931,2019.01,2019,March ,28,7.78,0, , , ,,"Fanfan, Helen Bontrager",Ian McGregor,9
200038,1,litu,2001,2019.01,2019,March,28,27.91,0, , ,M;main,,"Fanfan, Helen Bontrager",Ian McGregor,1
200038,2,litu,2001,2019.01,2019,March,28,3.62,0, , ,S ,,"Fanfan, Helen Bontrager",Ian McGregor,1
200142,1,litu,2002,2019.01,2019,March,28,117.59,0, , ,,,"Fanfan, Helen Bontrager",Ian McGregor,1
200151,1,litu,2002,2019.01,2019,March,28,20.17,0, , ,,,"Fanfan, Helen Bontrager",Ian McGregor,1
200613,1,litu,2004,2019.01,2019,March,28,71.82,0, , ,,,"Fanfan, Helen Bontrager",Ian McGregor,1
200547,1,litu,2005,2019.01,2019,March,28,127.48,0, , ,,,"Fanfan, Helen Bontrager",Ian McGregor,1
200551,1,litu,2005,2019.01,2019,March,28,103.42,0, , ,,,"Fanfan, Helen Bontrager",Ian McGregor,1
200553,1,litu,2005,2019.01,2019,March,28,105.16,0, , ,,,"Fanfan, Helen Bontrager",Ian McGregor,1
200577,1,juni,2007,2019.01,2019,March,28,12.88,0, , ,,,"Fanfan, Helen Bontrager",Ian McGregor,1
200586,1,juni,2007,2019.01,2019,March,28,117.27,0, , ,,,"Fanfan, Helen Bontrager",Ian McGregor,1
200676,1,litu,2008,2019.01,2019,March,28,136.35,0, , ,,,"Fanfan, Helen Bontrager",Ian McGregor,1
200812,1,juni,2008,2019.01,2019,March,28,41.54,0, , ,,,"Fanfan, Helen Bontrager",Ian McGregor,1
200818,1,litu,2008,2019.01,2019,March,28,41.38,0, , ,,,"Fanfan, Helen Bontrager",Ian McGregor,1
200822,1,litu,2008,2019.01,2019,March,28,79.98,0, , ,,,"Fanfan, Helen Bontrager",Ian McGregor,1
201207,1,litu,2012,2019.01,2019,March,28,16.7,0, , ,,,"Fanfan, Helen Bontrager",Ian McGregor,1
201261,1,juni,2013,2019.01,2019,March,28,4.35,0, , ,,,"Fanfan, Helen Bontrager",Ian McGregor,1
201264,1,litu,2014,2019.01,2019,March,28,45.24,0, , ,,,"Fanfan, Helen Bontrager",Ian McGregor,1
201274,1,litu,2014,2019.01,2019,March,28,145.64,0, , ,,,"Fanfan, Helen Bontrager",Ian McGregor,1
201278,1,litu,2014,2019.01,2019,March,28,136.08,0, , ,,,"Fanfan, Helen Bontrager",Ian McGregor,1
201279,1,quru,2014,2019.01,2019,March,28,66.69,0, , ,,,"Fanfan, Helen Bontrager",Ian McGregor,1
201331,1,qupr,2015,2019.01,2019,March,28,1.85,0, , ,,,"Fanfan, Helen Bontrager",Ian McGregor,1
201432,1,quve,2016,2019.01,2019,March,28,64.3,0, , ,,retag,"Fanfan, Helen Bontrager",Ian McGregor,6
201441,1,litu,2016,2019.01,2019,March,28,99.42,0, , ,,,"Fanfan, Helen Bontrager",Ian McGregor,6
202201,1,cato,2017,2019.01,2019,March,28,17.37,0, , ,,,"Fanfan, Helen Bontrager",Ian McGregor,6
202203,1,quru,2017,2019.01,2019,March,28,20.08,0, , ,,,"Fanfan, Helen Bontrager",Ian McGregor,6
202212,1,quve,2017,2019.01,2019,March,28,46,0, , ,,,"Fanfan, Helen Bontrager",Ian McGregor,6
202215,1,qual,2017,2019.01,2019,March,28,89.68,0, , ,,,"Fanfan, Helen Bontrager",Ian McGregor,6
202050,1,qual,2019,2019.01,2019,March,28,26.02,0, , ,,,"Fanfan, Helen Bontrager",Ian McGregor,6
202072,1,qual,2020,2019.01,2019,March,28,11.08,0, , ,,,"Fanfan, Helen Bontrager",Ian McGregor,6
202283,1,litu,2020,2019.01,2019,March,28,96.3,0, , ,,checked previous measure,"Fanfan, Helen Bontrager",Ian McGregor,6
202336,1,cagl,2022,2019.01,2019,March,28,90.34,0, , ,,checked previous measure,"Fanfan, Helen Bontrager",Ian McGregor,6
202118,1,quve,2023,2019.01,2019,March,28,106.65,0, , ,,,"Fanfan, Helen Bontrager",Ian McGregor,6
202337,1,cagl,2023,2019.01,2019,March,28,52.83,0, , ,,,"Fanfan, Helen Bontrager",Ian McGregor,6
202444,1,litu,2025,2019.01,2019,March ,28,125.5,0, , ,,,"Fanfan, Helen Bontrager",Ian McGregor,9
202449,1,litu,2026,2019.01,2019,March ,28,102.33,0, , ,,,"Fanfan, Helen Bontrager",Ian McGregor,9
202536,1,fram,2028,2019.01,2019,March ,28,104.91,0, , ,,,"Fanfan, Helen Bontrager",Ian McGregor,9
202541,1,fram,2028,2019.01,2019,March ,28,1.86,0, , , ,,"Fanfan, Helen Bontrager",Ian McGregor,9
202543,1,litu,2028,2019.01,2019,March ,28,4.21,0, , , ,,"Fanfan, Helen Bontrager",Ian McGregor,9
202545,1,litu,2029,2019.01,2019,March ,28,1.94,0, , , ,,"Fanfan, Helen Bontrager",Ian McGregor,9
202550,1,litu,2029,2019.01,2019,March ,28,118.13,0, , ,,,"Fanfan, Helen Bontrager",Ian McGregor,9
202581,1,fram,2031,2019.01,2019,March ,28,69.27,0, , ,,,"Fanfan, Helen Bontrager",Ian McGregor,9
202585,1,juni,2032,2019.01,2019,March ,28,41.84,0, , ,,,"Fanfan, Helen Bontrager",Ian McGregor,9
202586,1,fram,2032,2019.01,2019,March ,28,42.62,0, , ,,,"Fanfan, Helen Bontrager",Ian McGregor,9
