tag,stemtag,survey.ID,year,month,day,biannual,intraannual,sp,quadrat,lx,ly,measure,codes,notes,status,field.recorders,data.enter,stemID,treeID,dendDiam,dbh,new.band,dendroID,type,dir,dendHt,crown.condition,crown.illum,lianas,measureID
10469,1,,,,,1,0,litu,109,9.7,1,,,,,,,1419,1419,NA,838.8,,632,2,NA,1.4,,,NA,NA
10587,1,,,,,1,0,litu,113,2.6,13,,,,,,,1526,1526,NA,985,,897,2,NA,1.35,,,NA,NA
10609,1,,,,,1,0,cagl,111,19.5,2.9,,,,,,,1548,1548,NA,439,,3,2,NA,1.39,,,NA,NA
10643,1,,,,,1,0,fagr,112,0.6,13,,,,,,,1582,1582,NA,693,,1227,2,NA,,,,NA,NA
10671,1,,,,,1,1,quru,114,6.2,14.5,,,,,,,1609,1609,NA,851,,750,2,NA,1.32,,,NA,NA
10669,1,,,,,1,0,cagl,114,6.1,12.3,,,,,,,1608,1608,NA,811,,1222,2,NA,,,,NA,NA
12025,1,,,,,1,0,quru,117,5,16.3,,,,,,,1713,1713,NA,832.5,,830,2,NA,1.3,,,NA,NA
12259,1,,,,,1,0,litu,125,16.3,1.5,,,,,,,1934,1934,NA,1018.8,,659,2,NA,1.23,,,NA,NA
12416,1,,,,,1,0,cato,129,17.1,16.1,,,,,,,2070,2070,NA,126,,862,2,NA,1.4,,,NA,NA
12508,1,,,,,1,0,litu,131,10.7,10.4,,,,,,,2157,2157,NA,920,,991,2,NA,1.25,,,NA,NA
20587,1,,,,,1,0,litu,208,14.8,1.3,,,,,,,2778,2778,NA,1207.3,,634,2,NA,1.33,,,NA,NA
20617,1,,,,,1,0,litu,209,6.9,7.6,,,,,,,2807,2807,NA,851,,782,2,NA,1.32,,,NA,NA
20712,1,,,,,1,0,litu,212,1.5,8.3,,,,,,,2897,2897,NA,896.2,,725,2,NA,1.45,,,NA,NA
22004,1,,,,,1,0,litu,217,8.6,1.7,,,,,,,3037,3037,NA,896.2,,725,2,NA,1.45,,,NA,NA
22041,1,,,,,1,0,litu,217,1.8,19,,,,,,,3072,3072,NA,817,,751,2,NA,1.32,,,NA,NA
22170,1,,,,,1,0,litu,221,7.9,13.8,,,,,,,3197,3197,NA,1128,,979,2,NA,1.2,,,NA,NA
22315,1,,,,,1,1,caco,225,11,4,,,,,,,3338,3338,NA,550,,863,2,NA,1.4,,,NA,NA
30225,1,,,,,1,0,qual,306,20,3.1,,,,,,,3866,3866,NA,301,,543,2,NA,1.42,,,NA,NA
30233,1,,,,,1,1,fagr,306,15.6,16.2,,,,,,,3874,3874,NA,1072,,898,2,NA,1.4,,,NA,NA
30234,1,,,,,1,1,fagr,306,15.3,18.5,,,,,,,3875,3875,NA,81,,924,2,NA,1.4,,,NA,NA
30333,1,,,,,1,1,fagr,306,14,19.3,,,,,,,3969,3969,NA,222,,726,2,NA,1.52,,,NA,NA
30339,1,,,,,1,1,litu,307,8.6,4.1,,,,,,,3975,3975,NA,620,,1181,2,NA,1.4,,,NA,NA
30339,2,,,,,1,1,litu,307,8.6,4.1,,,,,,,32681,3975,NA,557,,752,2,NA,1.3,,,NA,NA
30339,3,,,,,1,1,litu,307,8.6,4.1,,,,,,,37149,3975,NA,162,,549,2,NA,1.3,,,NA,NA
30262,1,,,,,1,0,cagl,311,1.7,12,,,,,,,3902,3902,NA,354,,1223,2,NA,,,,NA,NA
30273,1,,,,,1,0,fagr,311,9.6,4.1,,,,,,,3913,3913,NA,490,,1228,2,NA,,,,NA,NA
30462,1,,,,,1,0,litu,313,16.2,19,,,,,,,4091,4091,NA,492,,21,2,NA,1.3,,,NA,NA
30467,1,,,,,1,1,litu,314,17.3,3,,,,,,,4096,4096,NA,608,,22,2,NA,1.3,,,NA,NA
30512,1,,,,,1,1,quru,313,2.9,14.3,,,,,,,4137,4137,NA,845.5,,831,2,NA,1.28,,,NA,NA
30584,1,,,,,1,1,quve,316,2.2,14.4,,,,,,,4207,4207,NA,873.5,,688,2,NA,1.32,,,NA,NA
32097,1,,,,,1,0,litu,320,17.9,3,,,,,,,4326,4326,NA,651,,899,2,NA,1.4,,,NA,NA
32126,1,,,,,1,1,litu,321,9.6,5,,,,,,,4355,4355,NA,995.5,,753,2,NA,1.48,,,NA,NA
32167,1,,,,,1,0,cagl,322,12.8,3.8,,,,,,,4394,4394,158,163,1,1261,2,NA,1.4,,,NA,NA
32251,1,,,,,1,1,tiam,323,10.3,10.3,,,,,,,4478,4478,176,179,1,1262,2,NA,1.4,,,NA,NA
32381,1,,,,,1,1,qupr,327,4.6,12.8,,,,,,,4606,4606,NA,834,,754,2,NA,1.34,,,NA,NA
32423,1,,,,,1,0,litu,329,17.6,13.1,,,,,,,4647,4647,NA,914,,800,2,NA,1.31,,,NA,NA
40465,1,,,,,1,0,qupr,404,8.2,12.5,,,,,,,4942,4942,NA,451,,864,2,NA,1.4,,,NA,NA
40562,1,,,,,1,1,fagr,406,6.3,16.2,,,,,,,5039,5039,NA,86,,952,2,NA,1.4,,,NA,NA
40563,1,,,,,1,1,fagr,406,3.6,17.8,,,,,,,5040,5040,NA,365,,832,2,NA,1.44,,,NA,NA
40566,1,,,,,1,1,cagl,406,1.1,9.4,,,,,,,5043,5043,NA,270.2,,833,2,NA,1.41,,,NA,NA
40567,1,,,,,1,1,fagr,406,1.6,7.2,,,,,,,5044,5044,NA,93.3,,801,2,NA,1.43,,,NA,NA
40568,1,,,,,1,1,fagr,406,0.1,5.2,,,,,,,5045,5045,NA,206,,975,2,NA,1.4,,,NA,NA
40569,1,,,,,1,0,litu,407,5.6,1.7,,,,,,,5046,5046,NA,280,,701,2,NA,1.41,,,NA,NA
40635,1,,,,,1,1,cato,408,18.7,1,,,,,,,5109,5109,NA,258.7,,31,2,NA,1.22,,,NA,NA
40941,1,,,,,1,0,litu,413,6,15.4,,,,,,,5402,5402,NA,653,,982,2,NA,0.7,,,NA,NA
40942,1,,,,,1,1,acru,414,2.2,2,,,,,,,5403,5403,NA,395.9,,34,2,NA,1.32,,,NA,NA
40972,1,,,,,1,0,litu,415,7.2,9.6,,,,,,,5432,5432,NA,847,,900,2,NA,1.32,,,NA,NA
42009,1,,,,,1,0,ploc,417,19.5,3.7,,,,,,,5499,5499,NA,576.8,,35,2,NA,1.4,,,NA,NA
50364,1,,,,,1,1,qual,507,4.2,18.1,,,,,,,6249,6249,NA,661.9,,41,2,NA,1.35,,,NA,NA
50525,1,,,,,1,0,qual,512,8.3,7.4,,,,,,,6405,6405,NA,514,,865,2,NA,1.4,,,NA,NA
50562,1,,,,,1,1,quru,514,6.9,12.5,,,,,,,6442,6442,NA,695,,866,2,NA,1.4,,,NA,NA
50622,1,,,,,1,0,qual,513,16.8,9.4,,,,,,,6493,6493,NA,650,,983,2,NA,1.4,,,NA,NA
50646,1,,,,,1,0,quru,514,19.6,9.4,,,,,,,6517,6517,NA,351,,868,2,NA,1.4,,,NA,NA
50650,1,,,,,1,1,litu,514,19.5,14.9,,,,,,,6521,6521,NA,184.3,,559,2,NA,1.44,,,NA,NA
50654,1,,,,,1,0,litu,514,17.2,19.1,,,,,,,6525,6525,NA,717.2,,689,2,NA,1.45,,,NA,NA
52190,1,,,,,1,1,quru,522,16.4,3.4,,,,,,,6741,6741,NA,968.5,,662,2,NA,1.45,,,NA,NA
52344,1,,,,,1,0,cagl,528,14.3,5.9,,,,,,,6894,6894,NA,269,,869,2,NA,1.4,,,NA,NA
60266,1,,,,,1,1,cato,604,5.5,9.2,,,,,,,7262,7262,NA,496,,870,2,NA,1.4,,,NA,NA
60456,1,,,,,1,0,caca,614,5.3,15,,,,,,,7441,7441,NA,64.5,,561,2,NA,1.44,,,NA,NA
60457,1,,,,,1,0,caca,614,4,15.2,,,,,,,7442,7442,NA,99.5,,562,2,NA,1.43,,,NA,NA
60458,1,,,,,1,1,fagr,615,1.9,0,,,,,,,7443,7443,NA,269.5,,834,2,NA,1.39,,,NA,NA
60459,1,,,,,1,1,fagr,615,2,3,,,,,,,7444,7444,NA,99.7,,755,2,NA,1.36,,,NA,NA
60462,1,,,,,1,1,fagr,615,5.6,7.6,,,,,,,7447,7447,NA,209.5,,704,2,NA,1.43,,,NA,NA
60463,1,,,,,1,1,juni,615,7.2,8,,,,,,,7448,7448,NA,468,,756,2,NA,1.43,,,NA,NA
60468,1,,,,,1,0,caca,615,5.4,9.6,,,,,,,7453,7453,NA,74,,926,2,NA,1.25,,,NA,NA
60469,1,,,,,1,1,cofl,615,6.8,9.8,,,,,,,7454,7454,NA,70,,568,2,NA,1.43,,,NA,NA
60566,1,,,,,1,1,fagr,614,10,11,,,,,,,7545,7545,NA,194.2,,729,2,NA,1.44,,,NA,NA
60567,1,,,,,1,0,litu,614,11.6,11.2,,,,,,,7546,7546,NA,536.8,,706,2,NA,1.54,,,NA,NA
60568,1,,,,,1,0,caca,614,15.5,15.6,,,,,,,7547,7547,NA,96,,953,2,NA,1.35,,,NA,NA
60573,1,,,,,1,1,tiam,614,8.5,16.3,,,,,,,7552,7552,NA,258.5,,708,2,NA,1.45,,,NA,NA
60576,1,,,,,1,0,caca,615,17.1,1,,,,,,,7555,7555,NA,110,1,1241,2,NA,1.45,,,NA,NA
60577,1,,,,,1,0,litu,615,12.7,1.4,,,,,,,7556,7556,NA,546.2,,784,2,NA,1.5,,,NA,NA
60578,1,,,,,1,0,caca,615,13.2,9.9,,,,,,,7557,7557,NA,88,1,1242,2,NA,1.22,,,NA,NA
60581,1,,,,,1,0,litu,615,19.8,9.3,,,,,,,7560,7560,NA,685.1,,861,2,NA,1.54,,,NA,NA
60582,1,,,,,1,1,quru,615,20,10.2,,,,,,,7561,7561,NA,285.1,,583,2,NA,1.37,,,NA,NA
60586,1,,,,,1,1,caca,615,16.2,9.3,,,,,,,7565,7565,NA,62.5,,992,2,NA,1.38,,,NA,NA
60587,1,,,,,1,1,caca,615,14,9.8,,,,,,,7566,7566,NA,81,,928,2,NA,1.35,,,NA,NA
60588,1,,,,,1,1,caco,615,13.4,7.3,,,,,,,7567,7567,NA,292.3,,586,2,NA,1.5,,,NA,NA
62114,1,,,,,1,1,quve,619,18.7,12.6,,,,,,,7692,7692,NA,306,,872,2,NA,1.4,,,NA,NA
62181,1,,,,,1,1,quve,621,8.8,13.5,,,,,,,7759,7759,NA,1118.5,,48,2,NA,1.25,,,NA,NA
62224,1,,,,,1,1,litu,622,3.2,17.3,,,,,,,7801,7801,NA,1040.5,,849,2,NA,1.3,,,NA,NA
62241,1,,,,,1,0,litu,623,13.9,0.7,,,,,,,7818,7818,NA,928.5,,50,2,NA,1.26,,,NA,NA
62285,1,,,,,1,0,quru,625,4.8,2,,,,,,,7862,7862,NA,714,,873,2,NA,1.4,,,NA,NA
62300,1,,,,,1,0,quve,625,13.8,17.5,,,,,,,7877,7877,NA,450,,950,2,NA,1.4,,,NA,NA
62312,1,,,,,1,0,cato,626,14.3,0.4,,,,,,,7889,7889,NA,129,,875,2,NA,1.4,,,NA,NA
62449,1,,,,,1,0,qual,632,18.7,3.9,,,,,,,8020,8020,NA,891,,52,2,NA,1.25,,,NA,NA
70096,1,,,,,1,1,quru,704,3.3,12.7,,,,,,,8126,8126,NA,893,,901,2,NA,1.4,,,NA,NA
70126,1,,,,,1,0,quru,705,9.3,12.5,,,,,,,8152,8152,NA,821,,730,2,NA,1.3,,,NA,NA
70146,1,,,,,1,0,quve,706,8.8,7.2,,,,,,,8166,8166,NA,662,,876,2,NA,1.4,,,NA,NA
70216,1,,,,,1,1,quve,701,18.7,11.6,,,,,,,8234,8234,NA,930.2,,56,2,NA,1.29,,,NA,NA
70220,1,,,,,1,1,qual,702,18.3,0.8,,,,,,,8238,8238,NA,557,,967,2,NA,1.4,,,NA,NA
70278,1,,,,,1,1,qupr,704,15.6,15.4,,,,,,,8293,8293,NA,679.8,,803,2,NA,1.23,,,NA,NA
70292,1,,,,,1,0,cagl,705,14.6,2.1,,,,,,,8303,8303,NA,456.3,,59,2,NA,1.2,,,NA,NA
70352,1,,,,,1,0,litu,707,18.5,11,,,,,,,8357,8357,NA,751.1,,60,2,NA,1.24,,,NA,NA
70358,1,,,,,1,0,litu,708,18.4,2,,,,,,,8363,8363,NA,363.8,,63,2,NA,1.28,,,NA,NA
70433,1,,,,,1,0,litu,710,11.4,13.8,,,,,,,8436,8436,NA,716.9,,64,2,NA,1.3,,,NA,NA
70492,1,,,,,1,1,nysy,714,0.1,11.2,,,,,,,8495,8495,NA,198.6,,836,2,NA,1.44,,,NA,NA
70493,1,,,,,1,0,litu,714,0.3,15.2,,,,,,,8496,8496,NA,539.2,,984,2,NA,1.44,,,NA,NA
70494,2,,,,,1,1,caca,714,0.4,15.7,,,,,,,31371,181,NA,60,,838,2,NA,1.42,,,NA,NA
70495,1,,,,,1,1,caca,714,1.7,18.6,,,,,,,8497,8497,NA,79,,954,2,NA,1.4,,,NA,NA
70519,1,,,,,1,1,qual,711,15.5,3.3,,,,,,,8520,8520,NA,544.8,,65,2,NA,1.21,,,NA,NA
70536,1,,,,,1,1,qual,711,11.9,7.4,,,,,,,8537,8537,NA,599,,929,2,NA,1.4,,,NA,NA
70579,1,,,,,1,1,caovl,714,19.2,4.3,,,,,,,8578,8578,NA,236.1,,67,2,NA,1.33,,,NA,NA
70581,1,,,,,1,1,quru,714,13.7,1.2,,,,,,,8580,8580,NA,614.5,,839,2,NA,1.45,,,NA,NA
72024,1,,,,,1,1,quve,717,20,9.6,,,,,,,8670,8670,NA,482.3,,758,2,NA,1.4,,,NA,NA
72104,1,,,,,1,0,qual,718,6.2,17.8,,,,,,,8749,8749,NA,260,,877,2,NA,1.4,,,NA,NA
72107,1,,,,,1,0,fagr,719,8,1.2,,,,,,,8752,8752,NA,441,,1229,2,NA,,,,NA,NA
72115,1,,,,,1,0,litu,719,11.2,10.7,,,,,,,8760,8760,NA,510,1,1243,2,NA,1.4,,,NA,NA
72116,1,,,,,1,1,litu,719,14.4,10.8,,,,,,,8761,8761,NA,502,,973,2,NA,1.4,,,NA,NA
72122,1,,,,,1,0,caca,719,19.9,19,,,,,,,8767,8767,81,81,,1162,2,NA,1.25,,,NA,NA
72124,1,,,,,1,1,quru,719,12.5,19.4,,,,,,,8769,8769,NA,747.2,,850,2,NA,1.54,,,NA,NA
72149,1,,,,,1,0,litu,720,13.8,0.7,,,,,,,8794,8794,NA,554.1,,804,2,NA,1.45,,,NA,NA
72173,1,,,,,1,0,qual,720,6,10.2,,,,,,,8818,8818,NA,450,,897,2,NA,1.4,,,NA,NA
72210,1,,,,,1,1,qual,721,5.2,11.5,,,,,,,8853,8853,NA,872,,976,2,NA,1.4,,,NA,NA
72232,1,,,,,1,0,qual,722,14.5,12.6,,,,,,,8875,8875,NA,728.5,,77,2,NA,1.45,,,NA,NA
72248,1,,,,,1,0,caovl,723,15,0.3,,,,,,,8890,8890,NA,313.2,,78,2,NA,1.39,,,NA,NA
72308,1,,,,,1,1,qual,725,15.2,13.3,,,,,,,8948,8948,NA,654.2,,79,2,NA,1.4,,,NA,NA
72322,1,,,,,1,0,litu,726,18.1,0.3,,,,,,,8962,8962,NA,247.8,,80,2,NA,1.3,,,NA,NA
72324,1,,,,,1,1,litu,726,14.4,6.6,,,,,,,8964,8964,NA,667.2,,840,2,NA,1.31,,,NA,NA
72337,1,,,,,1,1,quru,727,7.9,2.6,,,,,,,8977,8977,NA,905.8,,759,2,NA,1.36,,,NA,NA
72348,1,,,,,1,1,quru,727,12,15.1,,,,,,,8988,8988,NA,971,,930,2,NA,1.4,,,NA,NA
72357,1,,,,,1,1,quru,728,1.7,2,,,,,,,8997,8997,NA,938,,977,2,NA,1.4,,,NA,NA
72375,1,,,,,1,0,litu,728,13.7,17.1,,,,,,,9015,9015,NA,669.1,,85,2,NA,1.28,,,NA,NA
72377,1,,,,,1,0,litu,728,10.6,16.1,,,,,,,9016,9016,NA,768,,931,2,NA,1.2,,,NA,NA
72447,1,,,,,1,0,litu,732,14.9,4.1,,,,,,,9085,9085,NA,591.3,,710,2,NA,1.31,,,NA,NA
72448,1,,,,,1,0,litu,732,18.9,4.7,,,,,,,9086,9086,NA,490,,902,2,NA,1.35,,,NA,NA
80100,1,,,,,1,0,litu,804,2.4,10.8,,,,,,,9197,9197,NA,582,,903,2,NA,1.4,,,NA,NA
80121,1,,,,,1,0,quve,801,8.8,19.2,,,,,,,9215,9215,NA,114,,878,2,NA,1.4,,,NA,NA
80180,1,,,,,1,1,cagl,804,15.9,5.3,,,,,,,9268,9268,NA,1015,,932,2,NA,1.4,,,NA,NA
80401,1,,,,,1,1,caco,807,7.4,19.6,,,,,,,9477,9477,NA,469,,933,2,NA,1.35,,,NA,NA
80559,1,,,,,1,1,nysy,813,8.9,17.8,,,,,,,9635,9635,NA,434.6,,99,2,NA,1.4,,,NA,NA
80615,1,,,,,1,0,litu,810,4.4,16.8,,,,,,,9687,9687,NA,653.2,,785,2,NA,1.18,,,NA,NA
80628,1,,,,,1,0,quve,811,7.5,3,,,,,,,9700,9700,NA,544.5,,102,2,NA,1.24,,,NA,NA
80631,1,,,,,1,0,litu,811,0.2,6.1,,,,,,,9703,9703,NA,521.4,,103,2,NA,1.27,,,NA,NA
82125,1,,,,,1,0,cagl,819,1.6,14.3,,,,,,,9972,9972,NA,145.9,,104,2,NA,1.5,,,NA,NA
82138,1,,,,,1,0,quru,820,1.1,2.7,,,,,,,9984,9984,NA,632.1,,732,2,NA,1.6,,,NA,NA
82203,1,,,,,1,1,litu,822,8,9.4,,,,,,,10045,10045,NA,654,,934,2,NA,1.4,,,NA,NA
82223,1,,,,,1,0,litu,822,0.5,17.7,,,,,,,10065,10065,NA,427,,935,2,NA,1.35,,,NA,NA
82226,1,,,,,1,0,litu,823,2,4,,,,,,,10068,10068,NA,253.3,,108,2,NA,1.39,,,NA,NA
82292,1,,,,,1,0,litu,826,1.8,0.4,,,,,,,10132,10132,NA,504,,936,2,NA,1.4,,,NA,NA
82298,1,,,,,1,0,litu,826,0.3,5.1,,,,,,,10138,10138,NA,561.7,,805,2,NA,1.3,,,NA,NA
82326,1,,,,,1,0,quve,827,14.6,8.3,,,,,,,10165,10165,NA,842.7,,112,2,NA,1.41,,,NA,NA
82357,1,,,,,1,0,litu,828,4,13.8,,,,,,,10196,10196,NA,518.4,,806,2,NA,1.37,,,NA,NA
82360,1,,,,,1,1,litu,829,2.3,0.7,,,,,,,10198,10198,NA,604.5,,841,2,NA,1.23,,,NA,NA
82365,1,,,,,1,1,qual,829,4.9,4.7,,,,,,,10203,10203,NA,438.1,,115,2,NA,1.21,,,NA,NA
82368,1,,,,,1,0,litu,829,16.8,3.4,,,,,,,10206,10206,NA,993.9,,116,2,NA,1.42,,,NA,NA
82419,1,,,,,1,0,litu,831,3.3,10,,,,,,,10257,10257,NA,804.5,,807,2,NA,1.24,,,NA,NA
82421,1,,,,,1,0,litu,831,5.6,14.7,,,,,,,10259,10259,NA,561,,118,2,NA,1.19,,,NA,NA
82422,1,,,,,1,1,litu,831,6.9,19.5,,,,,,,10260,10260,NA,546.5,,119,2,NA,1.24,,,NA,NA
82434,1,,,,,1,0,quve,832,6,15.6,,,,,,,10272,10272,NA,826.8,,120,2,NA,1.33,,,NA,NA
90162,1,,,,,1,0,litu,904,16.9,11.1,,,,,,,10426,10426,NA,655.9,,596,2,NA,1.35,,,NA,NA
90311,1,,,,,1,0,cagl,904,17.5,15.8,,,,,,,10565,10565,NA,167.8,,513,2,NA,1.3,,,NA,NA
90354,1,,,,,1,0,litu,905,10.6,5,,,,,,,10607,10607,NA,670.9,,248,2,NA,1.3,,,NA,NA
90612,1,,,,,1,0,quru,910,10.7,14,,,,,,,10857,10857,NA,552,,253,2,NA,1.4,,,NA,NA
90631,1,,,,,1,0,quve,911,1.5,13.9,,,,,,,10876,10876,NA,180,1,1220,2,NA,,,,NA,NA
90752,1,,,,,1,1,qual,916,12.4,7.4,,,,,,,10963,10963,NA,565,1,1244,2,NA,1.4,,,NA,NA
91451,1,,,,,1,0,litu,907,18.7,17.6,,,,,,,11118,11118,NA,555.1,,255,2,NA,1.3,,,NA,NA
91474,1,,,,,1,0,litu,908,14.5,4.7,,,,,,,11140,11140,NA,438.2,,733,2,NA,1.33,,,NA,NA
91476,1,,,,,1,0,litu,908,18.4,2.4,,,,,,,11142,11142,NA,505.4,,257,2,NA,1.35,,,NA,NA
91477,1,,,,,1,1,litu,908,19.3,3.5,,,,,,,11143,11143,NA,210,,258,2,NA,1.35,,,NA,NA
91486,1,,,,,1,1,cagl,908,17.5,9.2,,,,,,,11152,11152,NA,570.9,,711,2,NA,1.3,,,NA,NA
90544,1,,,,,1,0,qupr,911,18.5,15.4,,,,,,,10790,10790,NA,199,,1224,2,NA,,,,NA,NA
92018,1,,,,,1,0,acru,917,16.2,5.6,,,,,,,11184,11184,NA,519.5,,261,2,NA,1.3,,,NA,NA
92112,1,,,,,1,0,litu,919,14.4,18.8,,,,,,,11276,11276,NA,489.1,,597,2,NA,1.3,,,NA,NA
92140,1,,,,,1,0,cato,920,18.7,0.7,,,,,,,11304,11304,NA,60,,692,2,NA,1.4,,,NA,NA
92141,1,,,,,1,0,cagl,920,19.4,4.7,,,,,,,11305,11305,NA,84.3,,535,2,NA,1.3,,,NA,NA
92237,1,,,,,1,1,nysy,922,14.7,19.5,,,,,,,11397,11397,NA,218.1,,266,2,NA,1.3,,,NA,NA
92280,1,,,,,1,0,quve,923,15,6.9,,,,,,,11438,11438,NA,650.3,,269,2,NA,1.3,,,NA,NA
92393,1,,,,,1,1,cagl,925,19.8,7.7,,,,,,,11540,11540,NA,617,,270,2,NA,1.3,,,NA,NA
92414,1,,,,,1,0,litu,926,11.2,0.9,,,,,,,11561,11561,NA,440,,937,2,NA,1.4,,,NA,NA
92466,1,,,,,1,0,litu,927,0.6,16.3,,,,,,,11610,11610,NA,834.5,,124,2,NA,1.38,,,NA,NA
92488,1,,,,,1,0,litu,928,12.7,13.5,,,,,,,11632,11632,NA,674,,712,2,NA,1.3,,,NA,NA
92545,1,,,,,1,0,litu,931,15.3,15.6,,,,,,,11689,11689,NA,577.3,,273,2,NA,1.3,,,NA,NA
92546,1,,,,,1,0,litu,931,16.5,16.7,,,,,,,11690,11690,NA,647.2,,713,2,NA,1.3,,,NA,NA
92547,1,,,,,1,0,litu,931,11.7,13.9,,,,,,,11691,11691,NA,638.8,,274,2,NA,1.3,,,NA,NA
100516,1,,,,,1,0,litu,1004,17.9,2.3,,,,,,,12180,12180,NA,1036.1,,638,2,NA,1.42,,,NA,NA
100562,1,,,,,1,0,litu,1004,9.1,19.2,,,,,,,12224,12224,NA,628.2,,275,2,NA,1.4,,,NA,NA
100612,1,,,,,1,0,litu,1003,12,4.4,,,,,,,12269,12269,NA,1200.9,,714,2,NA,1.38,,,NA,NA
100754,1,,,,,1,0,quru,1005,3.8,6.8,,,,,,,12406,12406,NA,430.2,,764,2,NA,1.35,,,NA,NA
100771,1,,,,,1,1,quru,1005,8.5,17,,,,,,,12422,12422,NA,968,,960,2,NA,1.4,,,NA,NA
100905,1,,,,,1,1,litu,1008,10,1.6,,,,,,,12529,12529,NA,680,,968,2,NA,1.4,,,NA,NA
100906,1,,,,,1,0,litu,1008,9.3,1.1,,,,,,,12530,12530,NA,497,,598,2,NA,1.3,,,NA,NA
101075,1,,,,,1,0,qupr,1008,3,13.1,,,,,,,12695,12695,NA,373,,1225,2,NA,,,,NA,NA
100955,1,,,,,1,0,quru,1010,16.7,6.8,,,,,,,12578,12578,NA,321,,987,2,NA,1.4,,,NA,NA
100960,1,,,,,1,0,quru,1010,13.8,10.5,,,,,,,12583,12583,NA,563.5,,765,2,NA,1.5,,,NA,NA
101111,1,,,,,1,0,litu,1011,0.1,1.3,,,,,,,12730,12730,NA,96.2,,281,2,NA,1.5,,,NA,NA
101118,1,,,,,1,0,litu,1011,0.3,3,,,,,,,12737,12737,NA,190.7,,643,2,NA,1.4,,,NA,NA
101223,1,,,,,1,0,qupr,1013,9.4,17.8,,,,,,,12841,12841,NA,679,,881,2,NA,1.4,,,NA,NA
102148,1,,,,,1,1,cato,1019,2,15.4,,,,,,,13086,13086,NA,251.2,,286,2,NA,1.3,,,NA,NA
102149,1,,,,,1,0,cagl,1020,1.4,0.2,,,,,,,13087,13087,70,84,,1163,2,NA,1.4,,,NA,NA
102150,1,,,,,1,0,qual,1020,4.3,2.1,,,,,,,13088,13088,NA,479,,599,2,NA,1.3,,,NA,NA
102154,1,,,,,1,0,qual,1020,5.4,8.5,,,,,,,13092,13092,NA,512.5,,288,2,NA,1.8,,,NA,NA
102199,1,,,,,1,0,cagl,1021,1.3,8,,,,,,,13136,13136,NA,494,1,1245,2,NA,1.4,,,NA,NA
102258,1,,,,,1,0,qual,1022,10.3,17.4,,,,,,,13195,13195,NA,430,,938,2,NA,1.35,,,NA,NA
102261,1,,,,,1,0,qual,1022,5.3,20,,,,,,,13198,13198,NA,675,,969,2,NA,1.4,,,NA,NA
102262,1,,,,,1,0,qual,1022,1.8,20,,,,,,,13199,13199,NA,532.8,,292,2,NA,1.3,,,NA,NA
102264,1,,,,,1,1,qual,1022,1.5,14.2,,,,,,,13201,13201,NA,464.4,,293,2,NA,1.3,,,NA,NA
102303,1,,,,,1,0,quve,1024,8.2,0.9,,,,,,,13239,13239,916,904,,1152,2,NA,1.4,,,NA,NA
102348,1,,,,,1,1,qual,1025,16.5,11.5,,,,,,,13284,13284,NA,888,,970,2,NA,1.4,,,NA,NA
102371,1,,,,,1,0,qual,1026,1.6,6.6,,,,,,,13307,13307,NA,783,,296,2,NA,1.3,,,NA,NA
102438,1,,,,,1,0,litu,1028,8.5,16.6,,,,,,,13374,13374,NA,468.2,,600,2,NA,1.34,,,NA,NA
102438,2,,,,,1,0,litu,1028,8.5,16.6,,,,,,,33848,13374,NA,462.6,,601,2,NA,1.34,,,NA,NA
102439,1,,,,,1,0,litu,1028,4.3,19.6,,,,,,,13375,13375,NA,224,,298,2,NA,1.3,,,NA,NA
102441,1,,,,,1,0,litu,1029,1.3,3,,,,,,,13377,13377,NA,484,,667,2,NA,1.3,,,NA,NA
102443,1,,,,,1,0,litu,1029,4.1,7,,,,,,,13379,13379,NA,512.5,,301,2,NA,1.3,,,NA,NA
102444,1,,,,,1,0,litu,1029,4.3,5.3,,,,,,,13380,13380,NA,630,,808,2,NA,1.3,,,NA,NA
102446,1,,,,,1,0,litu,1029,0.5,3.7,,,,,,,13382,13382,NA,494,,602,2,NA,1.3,,,NA,NA
102446,2,,,,,1,0,litu,1029,0.5,3.7,,,,,,,33849,13382,NA,273.2,,603,2,NA,1.3,,,NA,NA
102475,1,,,,,1,0,litu,1030,20,14.3,,,,,,,13411,13411,NA,881.1,,516,2,NA,1.3,,,NA,NA
102501,1,,,,,1,0,litu,1031,9.8,17.3,,,,,,,13437,13437,NA,634.2,,304,2,NA,1.3,,,NA,NA
102502,1,,,,,1,0,ulru,1031,0.1,18.6,,,,,,,13438,13438,NA,126,,305,2,NA,1.3,,,NA,NA
102509,1,,,,,1,0,quve,1032,9.6,0.9,,,,,,,13445,13445,NA,859.2,,766,2,NA,1.4,,,NA,NA
110061,1,,,,,1,1,litu,1101,17,10,,,,,,,13507,13507,NA,1205,,905,2,NA,1.4,,,NA,NA
110680,1,,,,,1,0,litu,1104,2,6.5,,,,,,,14057,14057,NA,683.9,,604,2,NA,1.3,,,NA,NA
110791,1,,,,,1,1,litu,1104,11.3,10,,,,,,,14158,14158,NA,660,,961,2,NA,1.4,,,NA,NA
110798,1,,,,,1,0,litu,1104,16,15.5,,,,,,,14165,14165,NA,712.3,,309,2,NA,1.45,,,NA,NA
110901,1,,,,,1,1,litu,1105,20,4.1,,,,,,,14265,14265,NA,524.1,,955,2,NA,1.35,,,NA,NA
111014,1,,,,,1,0,litu,1107,13.9,12.2,,,,,,,14365,14365,NA,671.3,,311,2,NA,1.34,,,NA,NA
111030,1,,,,,1,1,litu,1107,15.1,19.9,,,,,,,14380,14380,NA,600.5,,313,2,NA,1.4,,,NA,NA
111032,1,,,,,1,0,litu,1107,10.3,19,,,,,,,14382,14382,NA,600,,605,2,NA,1.3,,,NA,NA
111032,2,,,,,1,0,litu,1107,10.3,19,,,,,,,34073,14382,NA,424.3,,606,2,NA,1.3,,,NA,NA
111039,1,,,,,1,0,litu,1108,19.7,4.1,,,,,,,14388,14388,NA,463,,940,2,NA,1.4,,,NA,NA
111092,1,,,,,1,0,litu,1110,18.3,17.7,,,,,,,14441,14441,NA,543.6,,607,2,NA,1.3,,,NA,NA
111093,1,,,,,1,0,litu,1110,13.4,16.4,,,,,,,14442,14442,NA,460.5,,715,2,NA,1.4,,,NA,NA
112014,1,,,,,1,0,cagl,1117,18,11.2,,,,,,,14747,14747,NA,480.4,,644,2,NA,1.3,,,NA,NA
112057,1,,,,,1,0,acru,1117,8.8,4.2,,,,,,,14787,14787,NA,700.2,,320,2,NA,1.3,,,NA,NA
112130,1,,,,,1,0,qual,1119,17.2,18.3,,,,,,,14857,14857,NA,147.8,,608,2,NA,1.35,,,NA,NA
112136,1,,,,,1,1,pist,1120,13.9,2.5,,,,,,,14862,14862,NA,274.1,,809,2,NA,1.3,,,NA,NA
112137,1,,,,,1,0,qual,1120,13.4,3.9,,,,,,,14863,14863,NA,572,,810,2,NA,1.45,,,NA,NA
112142,1,,,,,1,0,qual,1120,16,3.5,,,,,,,14868,14868,NA,385.6,,811,2,NA,1.3,,,NA,NA
112192,1,,,,,1,0,quve,1121,9.1,13.1,,,,,,,14915,14915,NA,345,,1221,2,NA,,,,NA,NA
112250,1,,,,,1,1,pist,1122,10.8,18.4,,,,,,,14967,14967,NA,477,1,1246,2,NA,1.4,,,NA,NA
112252,1,,,,,1,0,litu,1122,13.6,19.4,,,,,,,14969,14969,NA,451,,988,2,NA,1.4,,,NA,NA
112262,1,,,,,1,1,quru,1123,17.5,1.5,,,,,,,14979,14979,130,133,,1164,2,NA,1.4,,,NA,NA
112316,1,,,,,1,0,quve,1125,8.7,1,,,,,,,15032,15032,NA,822.8,,137,2,NA,1.45,,,NA,NA
112342,1,,,,,1,0,nysy,1125,14.2,16.7,,,,,,,15055,15055,NA,196.7,,332,2,NA,1.3,,,NA,NA
112350,1,,,,,1,0,cagl,1126,11.7,5.6,,,,,,,15063,15063,NA,602,,333,2,NA,1.3,,,NA,NA
112466,1,,,,,1,0,cato,1129,17.5,7.1,,,,,,,15174,15174,NA,234.6,,517,2,NA,1.3,,,NA,NA
112467,1,,,,,1,0,litu,1129,19.6,12.5,,,,,,,15175,15175,NA,479,,335,2,NA,1.3,,,NA,NA
112480,1,,,,,1,0,litu,1131,14.4,10.9,,,,,,,15187,15187,NA,611.3,,336,2,NA,1.3,,,NA,NA
112481,1,,,,,1,0,litu,1131,14.9,14.4,,,,,,,15188,15188,NA,460.1,,337,2,NA,1.3,,,NA,NA
112482,1,,,,,1,1,litu,1131,17.8,15.9,,,,,,,15189,15189,NA,263.2,,842,2,NA,1.3,,,NA,NA
112698,1,,,,,1,0,ulru,1128,17.9,18.2,,,,,,,15205,15205,NA,106.5,,340,2,NA,1.3,,,NA,NA
120278,1,,,,,1,0,litu,1201,5,8.6,,,,,,,15464,15464,NA,830,,671,2,NA,1.25,,,NA,NA
120755,1,,,,,1,0,litu,1204,6.8,10,,,,,,,15892,15892,NA,639,,341,2,NA,1.42,,,NA,NA
120777,1,,,,,1,0,litu,1205,3.8,0.2,,,,,,,15911,15911,NA,527,,342,2,NA,1.3,,,NA,NA
120781,1,,,,,1,1,litu,1205,3,2.2,,,,,,,15914,15914,NA,605.9,,343,2,NA,1.28,,,NA,NA
120790,1,,,,,1,0,litu,1205,0.4,6.2,,,,,,,15923,15923,NA,452.5,,344,2,NA,1.38,,,NA,NA
121195,1,,,,,1,1,quru,1211,12.4,0.4,,,,,,,16293,16293,NA,914.7,,716,2,NA,1.22,,,NA,NA
121221,1,,,,,1,1,litu,1207,1.7,19.3,,,,,,,16317,16317,NA,117.2,,768,2,NA,1.3,,,NA,NA
121275,1,,,,,1,1,qupr,1209,1.7,16.9,,,,,,,16370,16370,NA,256,,518,2,NA,1.15,,,NA,NA
121301,1,,,,,1,1,caovl,1211,1.2,2.5,,,,,,,16396,16396,NA,241.3,,349,2,NA,1.35,,,NA,NA
121305,1,,,,,1,1,quru,1211,1.1,11.2,,,,,,,16400,16400,NA,753.8,,350,2,NA,1.4,,,NA,NA
121367,1,,,,,1,0,nysy,1216,4.6,10.8,,,,,,,16460,16460,NA,255.6,,519,2,NA,1.31,,,NA,NA
121374,1,,,,,1,1,juni,1216,0.7,18.5,,,,,,,16466,16466,371,310.4,,1153,2,NA,1.4,,,NA,NA
121438,1,,,,,1,0,caco,1215,19.1,6.5,,,,,,,16509,16509,NA,393,,989,2,NA,1.4,,,NA,NA
122006,1,,,,,1,1,acru,1217,9.9,8.3,,,,,,,16543,16543,NA,395.9,,352,2,NA,1.3,,,NA,NA
122009,1,,,,,1,1,acru,1217,1.2,4.1,,,,,,,16546,16546,NA,277,,353,2,NA,1.25,,,NA,NA
122120,1,,,,,1,0,qual,1220,2.6,0.6,,,,,,,16654,16654,NA,305.8,,354,2,NA,1.3,,,NA,NA
122121,1,,,,,1,0,pist,1220,1.6,2.3,,,,,,,16655,16655,NA,271.5,,812,2,NA,1.3,,,NA,NA
122136,1,,,,,1,1,quru,1220,5.5,7.6,,,,,,,16665,16665,NA,587.7,,843,2,NA,1.3,,,NA,NA
122184,1,,,,,1,1,pist,1222,2.9,13.9,,,,,,,16710,16710,NA,217.8,,358,2,NA,1.3,,,NA,NA
122185,1,,,,,1,0,pist,1222,5.6,14.9,,,,,,,16711,16711,NA,149.3,,612,2,NA,1.35,,,NA,NA
122189,1,,,,,1,1,qual,1222,5.5,19.5,,,,,,,16715,16715,NA,665.1,,359,2,NA,1.3,,,NA,NA
122248,1,,,,,1,0,qual,1222,10.5,13.1,,,,,,,16767,16767,NA,559,,990,2,NA,1.25,,,NA,NA
122303,1,,,,,1,1,qual,1223,1.9,8.5,,,,,,,16814,16814,NA,624.3,,360,2,NA,1.3,,,NA,NA
122427,1,,,,,1,1,qual,1227,17,15.6,,,,,,,16878,16878,NA,832.7,,844,2,NA,1.23,,,NA,NA
122439,1,,,,,1,0,cagl,1228,12.6,13,,,,,,,16889,16889,NA,179,,522,2,NA,1.3,,,NA,NA
122450,1,,,,,1,0,ulru,1225,3,19.1,,,,,,,44444,31862,NA,246,,542,2,NA,1.3,,,NA,NA
122458,1,,,,,1,0,cagl,1226,4.6,4.9,,,,,,,16907,16907,NA,233,,942,2,NA,1.2,,,NA,NA
122482,1,,,,,1,1,litu,1228,14.5,2.4,,,,,,,16931,16931,NA,562.4,,613,2,NA,1.3,,,NA,NA
122486,1,,,,,1,0,litu,1228,2.7,17,,,,,,,16935,16935,NA,620.3,,367,2,NA,1.3,,,NA,NA
122489,1,,,,,1,0,cagl,1229,2.8,4.3,,,,,,,16938,16938,NA,282.1,,368,2,NA,1.3,,,NA,NA
122492,1,,,,,1,0,litu,1229,2.5,11.5,,,,,,,16941,16941,NA,502.8,,647,2,NA,1.3,,,NA,NA
122522,1,,,,,1,0,litu,1232,3.4,17.4,,,,,,,16969,16969,NA,424.6,,523,2,NA,1.34,,,NA,NA
122561,1,,,,,1,0,litu,1231,0,10.5,,,,,,,16983,16983,NA,664.7,,370,2,NA,1.3,,,NA,NA
130348,1,,,,,1,0,litu,1302,19.9,1.9,,,,,,,17329,17329,NA,578.3,,640,2,NA,1.45,,,NA,NA
130838,1,,,,,1,1,litu,1305,12.2,1,,,,,,,17779,17779,NA,652.4,,845,2,NA,1.36,,,NA,NA
131009,1,,,,,1,0,quve,1308,13.9,0.7,,,,,,,17936,17936,NA,757.6,,813,2,NA,1.35,,,NA,NA
131087,1,,,,,1,1,quru,1310,17.3,17.8,,,,,,,18013,18013,NA,665,,770,2,NA,1.21,,,NA,NA
131092,1,,,,,1,0,litu,1311,13.1,2.7,,,,,,,18018,18018,NA,472.9,,786,2,NA,1.3,,,NA,NA
131096,1,,,,,1,0,litu,1311,19,4.7,,,,,,,18022,18022,NA,280.8,,150,2,NA,1.22,,,NA,NA
131188,1,,,,,1,0,litu,1313,10,15.3,,,,,,,18113,18113,NA,586.3,,814,2,NA,1.35,,,NA,NA
131233,1,,,,,1,0,litu,1313,18.3,19.6,,,,,,,18158,18158,NA,301.6,,154,2,NA,1.31,,,NA,NA
131239,1,,,,,1,1,quru,1314,19.5,5.7,,,,,,,18164,18164,NA,587.1,,735,2,NA,1.47,,,NA,NA
131364,1,,,,,1,1,acru,1316,12,12.9,,,,,,,18286,18286,NA,460,,943,2,NA,1.5,,,NA,NA
132077,1,,,,,1,1,qual,1319,9.9,15.9,,,,,,,18414,18414,NA,592.4,,771,2,NA,1.45,,,NA,NA
132171,1,,,,,1,0,litu,1320,13.7,6.7,,,,,,,18501,18501,NA,522.3,,772,2,NA,1.39,,,NA,NA
132280,1,,,,,1,0,fram,1324,6.1,18.2,,,,,,,18603,18603,109,112,,1166,2,NA,1.4,,,NA,NA
132302,1,,,,,1,0,quru,1321,13,14.4,,,,,,,18624,18624,927,951,,1165,2,NA,1.4,,,NA,NA
132311,1,,,,,1,0,qual,1322,12.9,14.2,,,,,,,18633,18633,NA,536.5,,737,2,NA,1.47,,,NA,NA
132321,1,,,,,1,0,quru,1323,17.6,1,,,,,,,18643,18643,NA,628.9,,165,2,NA,1.38,,,NA,NA
132371,1,,,,,1,0,quru,1325,19.9,12.9,,,,,,,18692,18692,NA,752,,909,2,NA,1.4,,,NA,NA
132529,1,,,,,1,0,litu,1329,16.6,13.2,,,,,,,18822,18822,NA,872.5,,718,2,NA,1.29,,,NA,NA
132539,1,,,,,1,1,litu,1331,15,15.9,,,,,,,18832,18832,NA,604.5,,773,2,NA,1.37,,,NA,NA
132542,1,,,,,1,0,quve,1332,15.4,2.9,,,,,,,18835,18835,NA,718,,173,2,NA,1.37,,,NA,NA
132545,1,,,,,1,0,litu,1332,9.5,11.2,,,,,,,18838,18838,NA,446,,174,2,NA,1.29,,,NA,NA
140609,1,,,,,1,0,litu,1403,4.3,3.6,,,,,,,19411,19411,NA,1081.9,,815,2,NA,1.2,,,NA,NA
140646,1,,,,,1,0,litu,1405,1,8.3,,,,,,,19443,19443,NA,716.8,,719,2,NA,1.32,,,NA,NA
140813,1,,,,,1,0,litu,1410,8.3,11.2,,,,,,,19601,19601,NA,700.6,,641,2,NA,1.28,,,NA,NA
140821,1,,,,,1,0,litu,1411,4.6,0.4,,,,,,,19609,19609,NA,531.4,,817,2,NA,1.14,,,NA,NA
140825,1,,,,,1,1,litu,1411,8,5.9,,,,,,,19613,19613,NA,523,,956,2,NA,1.25,,,NA,NA
140829,1,,,,,1,0,litu,1411,0.6,4.9,,,,,,,19617,19617,NA,642,,944,2,NA,1.35,,,NA,NA
140833,1,,,,,1,0,litu,1411,5.6,9.5,,,,,,,19621,19621,NA,561.3,,189,2,NA,1.31,,,NA,NA
140872,1,,,,,1,0,litu,1413,6.1,14.9,,,,,,,19659,19659,NA,599.8,,788,2,NA,1.44,,,NA,NA
141216,1,,,,,1,0,caco,1415,2.1,6.2,,,,,,,19931,19931,NA,147,,886,2,NA,1.4,,,NA,NA
142113,1,,,,,1,0,cagl,1417,3,5,,,,,,,20076,20076,NA,477.2,,192,2,NA,1.39,,,NA,NA
142380,1,,,,,1,1,qual,1425,6.8,13.1,,,,,,,20329,20329,NA,593,,971,2,NA,1.4,,,NA,NA
142399,1,,,,,1,0,qual,1427,14.4,0.5,,,,,,,20345,20345,NA,628,,887,2,NA,1.4,,,NA,NA
142521,1,,,,,1,1,pist,1422,6.4,11.1,,,,,,,20457,20457,NA,452,,739,2,NA,1.42,,,NA,NA
142527,1,,,,,1,0,cagl,1422,1.9,18.4,,,,,,,20461,20461,NA,159.8,,196,2,NA,1.35,,,NA,NA
142548,1,,,,,1,0,qual,1424,4,4.7,,,,,,,20482,20482,NA,613,,888,2,NA,1.4,,,NA,NA
142575,1,,,,,1,0,quve,1426,1.8,6.4,,,,,,,20508,20508,NA,499.5,,789,2,NA,1.26,,,NA,NA
142656,1,,,,,1,0,litu,1431,12.4,12.8,,,,,,,20580,20580,NA,424.6,,199,2,NA,1.4,,,NA,NA
142708,1,,,,,1,1,juni,1429,4.3,6.2,,,,,,,20599,20599,NA,428,1,1249,2,NA,1.4,,,NA,NA
142727,1,,,,,1,0,litu,1431,1.7,8.2,,,,,,,20618,20618,NA,932.5,,201,2,NA,1.4,,,NA,NA
142729,1,,,,,1,1,litu,1431,4.7,14.7,,,,,,,20620,20620,NA,474,,202,2,NA,1.28,,,NA,NA
142730,1,,,,,1,0,litu,1431,9.9,14.7,,,,,,,20621,20621,NA,670,,818,2,NA,1.24,,,NA,NA
142731,1,,,,,1,0,litu,1432,8.2,2.3,,,,,,,20622,20622,NA,528.2,,204,2,NA,1.35,,,NA,NA
142732,1,,,,,1,0,cagl,1432,1.6,1.2,,,,,,,20623,20623,NA,217.5,,205,2,NA,1.3,,,NA,NA
142733,1,,,,,1,0,litu,1432,0.5,5.4,,,,,,,20624,20624,NA,608.5,,790,2,NA,1.34,,,NA,NA
143707,1,,,,,1,0,cagl,1426,0.9,1.6,,,,,,,46862,33781,NA,144.5,,630,2,NA,1.35,,,NA,NA
152153,1,,,,,1,0,ploc,1520,6.8,0.3,,,,,,,21906,21906,NA,961.6,,775,2,NA,1.46,,,NA,NA
152513,1,,,,,1,0,qupr,1525,4.6,19.2,,,,,,,22252,22252,NA,615,,889,2,NA,1.4,,,NA,NA
152561,1,,,,,1,0,quve,1527,11.9,3.1,,,,,,,22291,22291,NA,809,,1281,2,NA,,,,NA,NA
152673,1,,,,,1,0,litu,1530,3.6,18.8,,,,,,,22390,22390,NA,932.7,,776,2,NA,1.23,,,NA,NA
152701,1,,,,,1,0,litu,1531,11.3,15.7,,,,,,,22417,22417,NA,951,,777,2,NA,1.41,,,NA,NA
160713,1,,,,,1,0,litu,1603,10.4,13.7,,,,,,,23030,23030,NA,838,,673,2,NA,1.5,,,NA,NA
160742,1,,,,,1,0,litu,1605,19.3,6.6,,,,,,,23054,23054,NA,860,,720,2,NA,1.34,,,NA,NA
160814,1,,,,,1,0,cato,1611,14.3,5.7,,,,,,,23125,23125,NA,441,,890,2,NA,1.4,,,NA,NA
160862,1,,,,,1,0,ploc,1614,12.4,15.2,,,,,,,23171,23171,NA,834,,791,2,NA,1.27,,,NA,NA
161578,1,,,,,1,0,qual,1616,5.6,14.7,,,,,,,23356,23356,NA,228,,891,2,NA,1.4,,,NA,NA
162293,1,,,,,1,0,qual,1623,3,9.4,,,,,,,23639,23639,NA,865.7,,217,2,NA,1.34,,,NA,NA
162439,1,,,,,1,1,quru,1627,16.3,0.3,,,,,,,23778,23778,NA,832.5,,846,2,NA,1.37,,,NA,NA
162446,1,,,,,1,0,quru,1630,14.1,2.9,,,,,,,23785,23785,NA,803,,892,2,NA,1.4,,,NA,NA
162541,1,,,,,1,0,qupr,1627,3.4,15.4,,,,,,,23876,23876,NA,409,,893,2,NA,1.4,,,NA,NA
162543,1,,,,,1,1,qual,1627,7.5,16.6,,,,,,,23878,23878,NA,890,,220,2,NA,1.42,,,NA,NA
170175,1,,,,,1,0,litu,1702,4.7,1.6,,,,,,,24116,24116,NA,885,,778,2,NA,1.3,,,NA,NA
170992,1,,,,,1,0,litu,1704,12.2,15.2,,,,,,,24845,24845,NA,686.7,,675,2,NA,1.4,,,NA,NA
170994,1,,,,,1,0,litu,1704,18.4,16.1,,,,,,,24846,24846,NA,555.9,,374,2,NA,1.3,,,NA,NA
171127,1,,,,,1,0,litu,1705,9.3,1.8,,,,,,,24962,24962,NA,737.2,,677,2,NA,1.3,,,NA,NA
171254,1,,,,,1,0,litu,1708,15.3,3.4,,,,,,,25080,25080,NA,765,,911,2,NA,1.4,,,NA,NA
171257,1,,,,,1,0,litu,1708,12.2,4.5,,,,,,,25083,25083,NA,621,,379,2,NA,1.3,,,NA,NA
171262,1,,,,,1,0,litu,1708,15.9,8.2,,,,,,,25088,25088,NA,616.9,,380,2,NA,1.3,,,NA,NA
171348,1,,,,,1,1,ceca,1714,19.4,2.4,,,,,,,25171,25171,NA,155.4,,1140,2,NA,1.4,,,NA,NA
171454,1,,,,,1,1,caco,1714,1.6,13.8,,,,,,,25271,25271,NA,118,,894,2,NA,1.4,,,NA,NA
171456,1,,,,,1,0,acru,1714,0.8,13.4,,,,,,,25273,25273,NA,715,,617,2,NA,1.35,,,NA,NA
171462,1,,,,,1,0,qual,1715,7.9,7.5,,,,,,,25278,25278,NA,845,,912,2,NA,1.32,,,NA,NA
171505,1,,,,,1,0,litu,1716,14.1,12.4,,,,,,,25303,25303,NA,452,,648,2,NA,1.3,,,NA,NA
171506,1,,,,,1,0,litu,1716,12,12.9,,,,,,,25304,25304,NA,482.1,,618,2,NA,1.3,,,NA,NA
172201,1,,,,,1,0,cagl,1717,19.5,1.2,,,,,,,25503,25503,NA,68,,913,2,NA,1.4,,,NA,NA
172202,1,,,,,1,1,quru,1717,17.1,1.8,,,,,,,25504,25504,NA,555.1,,649,2,NA,1.3,,,NA,NA
172203,1,,,,,1,1,qual,1717,15.5,0.3,,,,,,,25505,25505,NA,368.5,,852,2,NA,1.3,,,NA,NA
172205,1,,,,,1,0,qual,1717,16.1,3.5,,,,,,,25507,25507,NA,493,,388,2,NA,1.3,,,NA,NA
172248,1,,,,,1,1,cato,1719,19.2,19.3,,,,,,,25549,25549,NA,274.2,,389,2,NA,1.3,,,NA,NA
172382,1,,,,,1,0,juni,1723,18.2,14.9,,,,,,,25675,25675,NA,459.2,,657,2,NA,1.3,,,NA,NA
172416,1,,,,,1,0,nysy,1725,19.9,15.6,,,,,,,25708,25708,NA,206,,914,2,NA,1.35,,,NA,NA
172417,1,,,,,1,1,nysy,1725,20,18.4,,,,,,,25709,25709,NA,98.8,,395,2,NA,1.4,,,NA,NA
172418,1,,,,,1,0,nysy,1725,20,19.5,,,,,,,25710,25710,NA,297,,396,2,NA,1.45,,,NA,NA
172421,1,,,,,1,0,cagl,1725,14.7,20,,,,,,,25712,25712,NA,245,,945,2,NA,1.4,,,NA,NA
172423,1,,,,,1,0,litu,1726,18.4,1.6,,,,,,,25714,25714,NA,367,,946,2,NA,1.2,,,NA,NA
172470,1,,,,,1,1,quru,1728,11.1,12,,,,,,,25755,25755,NA,710,,721,2,NA,1.25,,,NA,NA
172499,1,,,,,1,1,qual,1730,17,3.1,,,,,,,25783,25783,NA,1056,,957,2,NA,1.35,,,NA,NA
172556,1,,,,,1,0,litu,1729,5.1,3.9,,,,,,,25837,25837,NA,817.5,,819,2,NA,1.2,,,NA,NA
172624,1,,,,,1,0,litu,1731,17.1,14.5,,,,,,,25900,25900,NA,464.5,,793,2,NA,1.45,,,NA,NA
180235,1,,,,,1,0,litu,1802,11,4.6,,,,,,,26127,26127,1064,1064,1,1160,2,NA,1.4,,,NA,NA
180654,1,,,,,1,0,litu,1805,6,0.3,,,,,,,26485,26485,NA,332.2,,740,2,NA,1.3,,,NA,NA
180691,1,,,,,1,0,litu,1807,6.2,17.3,,,,,,,26520,26520,NA,716,,821,2,NA,1.35,,,NA,NA
180728,1,,,,,1,0,litu,1804,3.1,12.7,,,,,,,26552,26552,NA,409,,406,2,NA,1.35,,,NA,NA
180903,1,,,,,1,0,litu,1808,4.8,2.3,,,,,,,26694,26694,NA,327,,958,2,NA,1.35,,,NA,NA
180904,1,,,,,1,0,litu,1808,2.8,6.5,,,,,,,26695,26695,NA,372.2,,779,2,NA,1.2,,,NA,NA
180948,1,,,,,1,0,qupr,1811,1,9.5,,,,,,,26739,26739,NA,134,,1226,2,NA,,,,NA,NA
180984,1,,,,,1,0,litu,1813,4,11.8,,,,,,,26774,26774,NA,923.5,,822,2,NA,1.21,,,NA,NA
180991,1,,,,,1,0,ploc,1814,1.5,6.7,,,,,,,26779,26779,NA,936.2,,229,2,NA,1.3,,,NA,NA
181030,1,,,,,1,1,qual,1816,5.4,10.6,,,,,,,26817,26817,NA,779,,962,2,NA,1.4,,,NA,NA
181033,1,,,,,1,0,litu,1816,3.4,18.6,,,,,,,26820,26820,NA,515.5,,410,2,NA,1.3,,,NA,NA
182207,1,,,,,1,0,qual,1817,5.6,11.2,,,,,,,27118,27118,NA,539,,411,2,NA,1.3,,,NA,NA
182208,1,,,,,1,0,quru,1817,4,10.1,,,,,,,27119,27119,NA,513,,650,2,NA,1.3,,,NA,NA
182376,1,,,,,1,0,ploc,1823,2.9,12.6,,,,,,,27286,27286,679,679,,1167,2,NA,1.4,,,NA,NA
182491,1,,,,,1,0,litu,1831,7.6,7.9,,,,,,,27397,27397,NA,410,,741,2,NA,1.35,,,NA,NA
182570,1,,,,,1,0,juni,1823,10.5,1,,,,,,,27471,27471,NA,530,,509,2,NA,1.3,,,NA,NA
182681,1,,,,,1,0,litu,1829,13,1,,,,,,,27575,27575,NA,590.1,,418,2,NA,1.4,,,NA,NA
182693,1,,,,,1,0,litu,1830,15.3,13.2,,,,,,,27584,27584,NA,680,,972,2,NA,1.4,,,NA,NA
190065,1,,,,,1,0,litu,1902,18.8,0.4,,,,,,,27684,27684,NA,539,,420,2,NA,1.3,,,NA,NA
190067,1,,,,,1,1,litu,1902,19,2.2,,,,,,,27685,27685,NA,739,,974,2,NA,1.4,,,NA,NA
190071,1,,,,,1,0,litu,1902,20,4.3,,,,,,,27689,27689,NA,211.6,,795,2,NA,1.3,,,NA,NA
190115,1,,,,,1,0,litu,1902,4.8,18.6,,,,,,,27723,27723,NA,923.5,,1141,2,NA,1.25,,,NA,NA
190413,1,,,,,1,1,litu,1904,14.7,5.6,,,,,,,28001,28001,NA,1001.6,,681,2,NA,1.2,,,NA,NA
190426,1,,,,,1,0,litu,1904,11,16,,,,,,,28014,28014,NA,1016.2,,824,2,NA,1.4,,,NA,NA
190429,1,,,,,1,0,litu,1904,12.5,19.1,,,,,,,28017,28017,NA,724.9,,423,2,NA,1.3,,,NA,NA
190568,1,,,,,1,1,juni,1912,2.6,18.8,,,,,,,28141,28141,NA,903,,622,2,NA,1.3,,,NA,NA
190655,1,,,,,1,0,litu,1907,12.9,16.1,,,,,,,28220,28220,NA,545.6,,682,2,NA,1.15,,,NA,NA
190658,1,,,,,1,0,litu,1907,10.6,16.7,,,,,,,28222,28222,NA,473.2,,623,2,NA,1.5,,,NA,NA
190670,1,,,,,1,0,litu,1908,8,3.2,,,,,,,28234,28234,NA,572,,1158,2,NA,1.4,,,NA,NA
190694,1,,,,,1,1,quru,1909,18.2,14.7,,,,,,,28251,28251,NA,1265.5,,859,2,NA,1.42,,,NA,NA
190793,1,,,,,1,0,litu,1914,12.2,1.3,,,,,,,28335,28335,NA,601,,427,2,NA,1.3,,,NA,NA
190794,1,,,,,1,0,quru,1914,10.6,1.4,,,,,,,28336,28336,NA,639.8,,428,2,NA,1.3,,,NA,NA
190798,1,,,,,1,0,cagl,1914,12.5,8.4,,,,,,,28340,28340,NA,269.3,,796,2,NA,1.32,,,NA,NA
190840,1,,,,,1,0,litu,1916,15,17.2,,,,,,,28379,28379,NA,164.9,,722,2,NA,1.3,,,NA,NA
192008,1,,,,,1,0,qual,1917,12,2,,,,,,,28434,28434,NA,655.8,,432,2,NA,1.3,,,NA,NA
192133,1,,,,,1,1,caovl,1923,11.7,2.3,,,,,,,28553,28553,NA,565,,949,2,NA,1.4,,,NA,NA
192244,1,,,,,1,1,qual,1919,18.1,16.8,,,,,,,28661,28661,NA,443.5,,780,2,NA,1.3,,,NA,NA
192437,1,,,,,1,1,litu,1925,17,11.5,,,,,,,28848,28848,NA,436.9,,853,2,NA,1.3,,,NA,NA
192466,1,,,,,1,1,quru,1926,13.3,1.7,,,,,,,28877,28877,857,864,,1171,2,NA,1.4,,,NA,NA
192484,1,,,,,1,1,quru,1926,17.4,11.2,,,,,,,28895,28895,NA,422.5,,683,2,NA,1.4,,,NA,NA
192527,1,,,,,1,0,litu,1928,11.9,5,,,,,,,28934,28934,NA,503.9,,529,2,NA,1.25,,,NA,NA
192528,1,,,,,1,0,litu,1928,12.4,9.7,,,,,,,28935,28935,NA,569.5,,442,2,NA,1.3,,,NA,NA
192533,1,,,,,1,0,litu,1928,18.4,17.2,,,,,,,28940,28940,NA,430,1,1251,2,NA,1.4,,,NA,NA
192534,1,,,,,1,0,litu,1928,13.3,17.4,,,,,,,28941,28941,NA,554.9,,445,2,NA,1.3,,,NA,NA
192542,1,,,,,1,1,litu,1929,18.9,3.8,,,,,,,28948,28948,NA,326,,963,2,NA,1.4,,,NA,NA
192543,1,,,,,1,0,litu,1929,14.9,4.4,,,,,,,28949,28949,NA,445.5,,746,2,NA,1.3,,,NA,NA
192544,1,,,,,1,1,litu,1929,14.4,1.8,,,,,,,28950,28950,NA,349,,964,2,NA,1.4,,,NA,NA
192546,1,,,,,1,0,litu,1929,17.4,7.3,,,,,,,28952,28952,NA,533.5,,449,2,NA,1.3,,,NA,NA
192548,1,,,,,1,0,litu,1929,15.3,11.3,,,,,,,28954,28954,NA,467,,450,2,NA,1.3,,,NA,NA
192560,1,,,,,1,1,qual,1930,12.9,19.5,,,,,,,28965,28965,NA,933.1,,236,2,NA,1.25,,,NA,NA
192619,1,,,,,1,1,quru,1926,12.6,8.5,,,,,,,29017,29017,NA,854,1,1250,2,NA,1.35,,,NA,NA
200142,1,,,,,1,1,litu,2002,1.3,3.5,,,,,,,29241,29241,NA,604,,454,2,NA,1.3,,,NA,NA
200151,1,,,,,1,0,litu,2002,6.9,4,,,,,,,29250,29250,NA,669.3,,826,2,NA,1.4,,,NA,NA
200547,1,,,,,1,0,litu,2005,2.6,1.1,,,,,,,29606,29606,NA,654,,456,2,NA,1.3,,,NA,NA
200551,1,,,,,1,1,litu,2005,1,5.3,,,,,,,29610,29610,NA,576,,1142,2,NA,1.4,,,NA,NA
200577,1,,,,,1,0,juni,2007,6.1,9.6,,,,,,,29636,29636,NA,548,,1143,2,NA,1.3,,,NA,NA
200676,1,,,,,1,0,litu,2008,12.2,6.9,,,,,,,29730,29730,NA,869.1,,625,2,NA,1.28,,,NA,NA
200812,1,,,,,1,0,juni,2008,8,1.2,,,,,,,29859,29859,NA,548,,461,2,NA,1.3,,,NA,NA
200818,1,,,,,1,0,litu,2008,4.4,3.9,,,,,,,29865,29865,NA,348,,1144,2,NA,1.3,,,NA,NA
200822,1,,,,,1,0,litu,2008,5.6,10.3,,,,,,,29869,29869,NA,854,,1145,2,NA,1.3,,,NA,NA
201207,1,,,,,1,0,litu,2012,10,17.3,,,,,,,30211,30211,NA,1332,,1146,2,NA,1.35,,,NA,NA
201261,1,,,,,1,0,juni,2013,0.3,17.3,,,,,,,30255,30255,NA,492,,919,2,NA,1.4,,,NA,NA
201264,1,,,,,1,0,litu,2014,0.3,6.8,,,,,,,30258,30258,NA,419.1,,654,2,NA,1.4,,,NA,NA
201274,1,,,,,1,0,litu,2014,5.3,8.9,,,,,,,30267,30267,NA,606.8,,466,2,NA,1.3,,,NA,NA
201278,1,,,,,1,0,litu,2014,2.2,11.8,,,,,,,30270,30270,NA,641.8,,467,2,NA,1.3,,,NA,NA
201279,1,,,,,1,0,quru,2014,1.9,13,,,,,,,30271,30271,NA,475,,1147,2,NA,1.3,,,NA,NA
201331,1,,,,,1,0,qupr,2015,14.3,9.5,,,,,,,30322,30322,NA,432,,896,2,NA,1.4,,,NA,NA
201432,1,,,,,1,0,quve,2016,0.3,12.5,,,,,,,30376,30376,NA,429,,747,2,NA,1.3,,,NA,NA
201441,1,,,,,1,0,litu,2016,11.8,19.2,,,,,,,30385,30385,NA,763,,781,2,NA,1.3,,,NA,NA
202050,1,,,,,1,0,qual,2019,9.2,14.5,,,,,,,30435,30435,NA,480.5,,694,2,NA,1.3,,,NA,NA
202072,1,,,,,1,1,qual,2020,2.1,10.8,,,,,,,30457,30457,NA,710.1,,848,2,NA,1.3,,,NA,NA
202201,1,,,,,1,1,cato,2017,3.2,1.1,,,,,,,30581,30581,NA,131,,724,2,NA,1.3,,,NA,NA
202203,1,,,,,1,0,quru,2017,9.2,1.4,,,,,,,30583,30583,NA,548,1,1247,2,NA,1.4,,,NA,NA
202212,1,,,,,1,0,quve,2017,4.3,9.5,,,,,,,30592,30592,619,627,,1168,2,NA,1.4,,,NA,NA
202215,1,,,,,1,1,qual,2017,5.5,11.7,,,,,,,30595,30595,NA,569,1,1248,2,NA,1.3,,,NA,NA
202283,1,,,,,1,0,litu,2020,4.5,2.9,,,,,,,30656,30656,327,329,,1169,2,NA,1.4,,,NA,NA
202336,1,,,,,1,0,cagl,2022,3,10.7,,,,,,,30709,30709,463,465,,1170,2,NA,1.4,,,NA,NA
202337,1,,,,,1,0,cagl,2023,1,0.2,,,,,,,30710,30710,NA,417.2,,656,2,NA,1.3,,,NA,NA
202444,1,,,,,1,0,litu,2025,0.9,12.5,,,,,,,30813,30813,NA,650,,624,2,NA,1.3,,,NA,NA
202449,1,,,,,1,0,litu,2026,0,1,,,,,,,30818,30818,NA,608.5,,481,2,NA,1.3,,,NA,NA
202543,1,,,,,1,0,litu,2028,0.5,15.6,,,,,,,30905,30905,NA,256,1,1252,2,NA,1.5,,,NA,NA
202550,1,,,,,1,0,litu,2029,2.1,10.7,,,,,,,30912,30912,NA,566.1,,486,2,NA,1.3,,,NA,NA
202585,1,,,,,1,0,juni,2032,1,4.8,,,,,,,30941,30941,NA,420.3,,686,2,NA,1.3,,,NA,NA
100498,1,,,,,1,0,caco,1003,16.7,14.2,,,,,,,12165,12165,153,152,,1119,2,NA,1.4,,,NA,NA
100963,1,,,,,1,0,caovl,1010,11.1,14.7,,,,,,,12586,12586,206,204,,1121,2,NA,1.4,,,NA,NA
101008,1,,,,,1,1,tiam,1006,4.2,11.6,,,,,,,12628,12628,186,177,,1120,2,NA,1.4,,,NA,NA
102163,1,,,,,1,0,cato,1020,14.3,14.8,,,,,,,13101,13101,101,101,,1102,2,NA,1.4,,,NA,NA
110526,1,,,,,1,0,ceca,1103,15.1,3,,,,,,,13927,13927,140,143,,1122,2,NA,1.6,,,NA,NA
111305,1,,,,,1,0,caovl,1113,4.7,19.3,,,,,,,14647,14647,229,229,,1124,2,NA,1.4,,,NA,NA
122150,1,,,,,1,0,pist,1221,0.8,0.7,,,,,,,16679,16679,340,340,,1105,2,NA,1.4,,,NA,NA
122154,1,,,,,1,0,pist,1221,5.8,5.2,,,,,,,16683,16683,146,148,,1106,2,NA,1.4,,,NA,NA
131422,1,,,,,1,0,caco,1316,13.4,9.6,,,,,,,18325,18325,154,139,,1108,2,NA,1.4,,,NA,NA
150781,1,,,,,1,0,ulru,1504,1.2,18.5,,,,,,,21327,21327,120,126,,1157,2,NA,1.4,,,NA,NA
171245,1,,,,,1,0,ulru,1707,17.3,8.8,,,,,,,25071,25071,135,133,,1128,2,NA,1.35,,,NA,NA
182398,1,,,,,1,0,ceca,1825,0.6,5.5,,,,,,,27308,27308,111,110,,1111,2,NA,1.4,,,NA,NA
190704,1,,,,,1,0,caco,1910,15.2,4.3,,,,,,,28260,28260,211,209,,1129,2,NA,1.4,,,NA,NA
201171,1,,,,,1,0,ceca,2011,8.7,9.4,,,,,,,30195,30195,119,116,,1130,2,NA,1.33,,,NA,NA
201180,1,,,,,1,0,caco,2011,10.5,14.6,,,,,,,30201,30201,128,125,,1131,2,NA,1.2,,,NA,NA
202276,1,,,,,1,0,caovl,2019,7.1,13.8,,,,,,,30649,30649,275,264,,1112,2,NA,1.4,,,NA,NA
20737,1,,,,,1,0,tiam,213,12.6,3.8,,,,,,,2922,2922,187,180,,1113,2,NA,1.4,,,NA,NA
22141,1,,,,,1,0,tiam,221,1.9,1.2,,,,,,,3170,3170,147,142,,1091,2,NA,1.4,,,NA,NA
22186,1,,,,,1,1,tiam,222,17,7.5,,,,,,,3212,3212,378,370,,1092,2,NA,1.4,,,NA,NA
32157,1,,,,,1,0,tiam,322,7.5,4,,,,,,,4384,4384,391,382,,1094,2,NA,1.4,,,NA,NA
32180,2,,,,,1,0,tiam,322,6.4,12.3,,,,,,,32736,4407,188,183,,1095,2,NA,1.4,,,NA,NA
52384,1,,,,,1,0,caovl,529,1.2,13.1,,,,,,,6934,6934,125,121,,1096,2,NA,1.4,,,NA,NA
82091,1,,,,,1,0,caovl,819,3.5,1.3,,,,,,,9938,9938,195,193,,1098,2,NA,1.4,,,NA,NA
82117,1,,,,,1,0,cato,819,11.6,14.3,,,,,,,9964,9964,156,155,,1099,2,NA,1.4,,,NA,NA
82219,1,,,,,1,1,ceca,822,14.7,18.8,,,,,,,10061,10061,92,87,,1100,2,NA,1.4,,,NA,NA
90684,1,,,,,1,0,ploc,915,9.1,6.2,,,,,,,10927,10927,463,446,,1118,2,NA,1.2,,,NA,NA
92115,1,,,,,1,0,acru,919,10.1,19.3,,,,,,,11279,11279,156,153,,1101,2,NA,1.4,,,NA,NA
22489,1,,,,,1,0,cato,229,16.1,1.8,,,,,,,3507,3507,13.9,137,,1139,2,NA,1.4,,,NA,NA
62121,1,,,,,1,0,cato,619,5.1,12.8,,,,,,,7699,7699,11.4,114,,1133,2,NA,1.4,,,NA,NA
142650,1,,,,,1,0,ceca,1430,17.4,5.7,,,,,,,20574,20574,119,115,,1134,2,NA,1.4,,,NA,NA
182471,1,,,,,1,1,ceca,1829,2.6,19,,,,,,,27378,27378,86,78,,1135,2,NA,1.4,,,NA,NA
90236,1,,,,,1,0,ulru,902,14.4,2.5,,,,,,,10496,10496,156,155,,1136,2,NA,1.4,,,NA,NA
180648,1,,,,,1,0,juni,1804,7.5,10.9,,,,,,,26480,26480,293,299,,1137,2,NA,1.2,,,NA,NA
102177,1,,,,,1,0,qual,1020,3.4,11.7,,,,,,,13115,13115,731,720,,1103,2,NA,1.4,,,NA,NA
102364,1,,,,,1,1,qual,1025,2.1,18,,,,,,,13300,13300,659,649,,1104,2,NA,1.4,,,NA,NA
110788,1,,,,,1,1,litu,1104,19.9,11.7,,,,,,,14155,14155,665,656,,1123,2,NA,1.45,,,NA,NA
121291,1,,,,,1,0,qupr,1210,2.8,9.4,,,,,,,16386,16386,467,460,,1125,2,NA,1.35,,,NA,NA
122343,1,,,,,1,1,qual,1225,10.7,14.4,,,,,,,16851,16851,651,638,,1107,2,NA,1.4,,,NA,NA
140751,1,,,,,1,0,quve,1408,9.9,1.5,,,,,,,19542,19542,720,NA,,1159,2,NA,1.4,,,NA,NA
30331,1,,,,,1,1,cagl,306,8.3,19.5,,,,,,,3967,3967,229,231,,1114,2,NA,1.34,,,NA,NA
40564,1,,,,,1,1,fagr,406,2.4,12.4,,,,,,,5041,5041,68,69,,1115,2,NA,1.38,,,NA,NA
62128,1,,,,,1,0,quru,620,8,0.8,,,,,,,7706,7706,871,NA,,1097,2,NA,1.4,,,NA,NA
80554,1,,,,,1,1,caovl,813,6.9,11.2,,,,,,,9630,9630,534,529,,1116,2,NA,1.5,,,NA,NA
90660,1,,,,,1,1,quru,913,4.9,7.9,,,,,,,10904,10904,1020,988,,1117,2,NA,1.55,,,NA,NA
160910,1,,,,,1,1,litu,1607,8.6,1.1,,,,,,,23183,23183,1020,996,,1132,2,NA,1.53,,,NA,NA
200586,1,,,,,1,0,juni,2007,2,13.9,,,,,,,29644,29644,443,453,,1138,2,NA,1.45,,,NA,NA
22601,1,,,,,1,1,juni,231,17.8,10,,,,,,,3617,3617,,197,1,1155,2,NA,,,,NA,NA
162024,1,,,,,1,1,quve,1618,9.7,9.7,,,,,,,23379,23379,292,294,1,1156,2,NA,1.35,,,NA,NA
