tag,stemtag,survey.ID,exactdate,biannual,intraannual,sp,quadrat,lx,ly,measure,codes,notes,status,field.recorders,data.enter,stemID,treeID,dendDiam,dbh,new.band,dendroID,type,dir,dendHt,crown.condition,crown.illum,lianas,measureID
10469,1,2015.01,3/22/2015,1,0,litu,109,9.7,1,33.14,,,alive,Kent Harlow,Kent Harlow,,,852.5,838.7999878,1,632,2,,1.4,4,4,,
10587,1,2015.01,3/22/2015,1,0,litu,113,2.6,13,103.09,,,alive,Kent Harlow,Kent Harlow,,,967,965,0,2,2,,1.38,4,4,,
10609,1,2015.01,3/22/2015,1,0,cagl,111,19.5,2.9,44.13,,,alive,Kent Harlow,Kent Harlow,,,425,439,0,3,2,,1.39,3,5,,
10671,1,2015.01,3/22/2015,1,0,quru,114,6.2,14.5,62.9,,,alive,Kent Harlow,Kent Harlow,,,859,851,0,533,2,,1.32,4,4,,
12025,1,2015.01,3/24/2015,1,0,quru,117,15,16.25,82.52,,,alive,Kent Harlow,Kent Harlow,,,837.5,832.5,0,244,2,,1.3,3,4,,
12101,1,2015.01,3/24/2015,1,0,quru,120,10.7,1.9,NA,DC,Dead,dead,Kent Harlow,Kent Harlow,,,NA,0,0,5,2,,1.42,3,4,,
12259,1,2015.01,3/24/2015,1,0,litu,125,16.3,1.5,25.25,I,,alive,Kent Harlow,Kent Harlow,,,1021,1018.799988,1,659,2,,1.23,4,4,,
12270,1,2015.01,3/24/2015,1,0,tiam,125,19.4,19.6,18.61,,,alive,Kent Harlow,Kent Harlow,,,289.5,280.7000122,1,633,2,,1.19,4,4,,
12308,1,2015.01,3/24/2015,1,0,caca,126,11.7,0.6,33.03,,,alive,Kent Harlow,Kent Harlow,,,107.5,106,0,8,2,,1.22,4,2,,
12508,1,2015.01,3/24/2015,1,0,litu,131,10.7,10.4,92.9,,band includes 2 forking main stems,alive,Kent Harlow,Kent Harlow,,,900,889.2000122,0,9,2,,1.3,4,4,,
20432,1,2015.01,3/22/2015,1,0,fram,204,3.5,19.8,55.32,,,alive,Kent Harlow,Kent Harlow,,,556,550.5,0,10,2,,1.35,3,5,,
20587,1,2015.01,3/22/2015,1,0,litu,208,14.8,1.3,4.14,I,New band Nov/2014,alive,Kent Harlow,Kent Harlow,,,1226,1207.300049,1,634,2,,1.33,4,5,,
20603,1,2015.01,3/22/2015,1,0,fram,208,6,12.8,88.49,,,alive,Kent Harlow,Kent Harlow,,,846,840.7999878,0,12,2,,1.33,3,4,,
20617,1,2015.01,3/22/2015,1,0,litu,209,6.9,7.6,114.18,,,alive,Kent Harlow,Kent Harlow,,,859,851,0,13,2,,1.32,3,4,,
20712,1,2015.01,3/22/2015,1,0,litu,212,1.5,8.3,130.92,,no tag,alive,Kent Harlow,Kent Harlow,,,904,896.2000122,0,14,2,,1.45,4,4,,
22004,2,2015.01,3/24/2015,1,0,litu,217,11.39,1.71,92.47,M;main,,alive,Kent Harlow,Kent Harlow,,,820,810,0,245,2,,1.3,3,4,,
22041,1,2015.01,3/24/2015,1,0,litu,217,1.76,19,129.74,,,alive,Kent Harlow,Kent Harlow,,,830.5,817,0,15,2,,1.32,3,4,,
22170,1,2015.01,3/24/2015,1,0,litu,221,7.9,13.8,45.26,I,"band messed up, fixed, then measured",alive,Kent Harlow,Kent Harlow,,,1127,1128,0,16,2,,1.2,3,4,,
22333,1,2015.01,3/24/2015,1,0,fram,226,5.5,2.7,35.86,M; main,dendroband below stem split/dbh mark,alive,Kent Harlow,Kent Harlow,,,638,421.6000061,0,17,2,,0.97,4,4,,
30039,1,2015.01,3/22/2015,1,0,fram,302,4.6,2.7,29.73,,along rock wall near stream,alive,Kent Harlow,Kent Harlow,,,935,932,0,18,2,,1.3,3,4,,
30225,1,2015.01,3/22/2015,1,0,qual,306,20,3.1,9.26,,From sap flow cluster,alive,Kent Harlow,Kent Harlow,,,265,301,0,543,2,,1.42,4,3,,
30233,1,2015.01,3/22/2015,1,0,fagr,306,15.6,16.2,78.09,,From sap flow cluster,alive,Kent Harlow,Kent Harlow,,,1053,1046.800049,0,627,2,,1.28,4,4,,
30234,1,2015.01,3/22/2015,1,0,fagr,306,15.3,18.5,19.34,,From sap flow cluster,alive,Kent Harlow,Kent Harlow,,,77,71.5,0,544,2,,1.4,4,2,,
30331,1,2015.01,3/22/2015,1,0,cagl,306,8.3,19.5,13.28,,From sap flow cluster,alive,Kent Harlow,Kent Harlow,,,214,216,0,545,2,,1.46,4,3,,
30333,1,2015.01,3/22/2015,1,0,fagr,306,14,19.3,28.05,,From sap flow cluster,alive,Kent Harlow,Kent Harlow,,,227,222,0,546,2,,1.52,4,3,,
30339,1,2015.01,3/22/2015,1,0,litu,307,8.6,4.1,22.44,M; main,No typo. From sap flow cluster,alive,Kent Harlow,Kent Harlow,,,611,588,0,547,2,,1.3,4,5,,
30339,2,2015.01,3/22/2015,1,0,litu,307,8.6,4.1,110.85,S,From sap flow cluster,alive,Kent Harlow,Kent Harlow,,,520,504,0,548,2,,1.3,4,5,,
30339,3,2015.01,3/22/2015,1,0,litu,307,8.6,4.1,23.45,S,From sap flow cluster,alive,Kent Harlow,Kent Harlow,,,158,153.1000061,0,549,2,,1.3,4,3,,
30343,1,2015.01,3/22/2015,1,0,quru,307,17.9,8,23.53,,From sap flow cluster,alive,Kent Harlow,Kent Harlow,,,595,600,0,550,2,,1.38,4,5,,
30365,1,2015.01,3/22/2015,1,0,fram,308,19.6,1.8,122.04,,,alive,Kent Harlow,Kent Harlow,,,998,992,0,20,2,,1.3,4,4,,
30462,1,2015.01,3/22/2015,1,0,litu,313,16.2,19,75.54,,,alive,Kent Harlow,Kent Harlow,,,498,492,0,21,2,,1.3,4,4,,
30467,1,2015.01,3/22/2015,1,0,litu,314,17.3,3,66.29,,,alive,Kent Harlow,Kent Harlow,,,615,608,0,22,2,,1.3,4,3,,
30512,1,2015.01,3/22/2015,1,0,quru,313,2.9,14.3,77.54,,,alive,Kent Harlow,Kent Harlow,,,850,845.5,0,23,2,,1.28,4,4,,
30584,1,2015.01,3/24/2015,1,0,quve,316,2.2,14.4,131.24,,,alive,Kent Harlow,Kent Harlow,,,875,873.5,0,24,2,,1.32,4,4,,
32084,1,2015.01,3/24/2015,1,0,litu,319,6.5,11.5,49.62,,,alive,Kent Harlow,Kent Harlow,,,1132.5,1139.099976,0,25,2,,1.3,2,4,,
32097,1,2015.01,3/24/2015,1,0,litu,320,17.9,3,35.02,,,alive,Kent Harlow,Kent Harlow,,,639,633.5,0,593,2,,1.42,4,5,,
32126,1,2015.01,3/24/2015,1,0,litu,321,9.6,5,116.21,,,alive,Kent Harlow,Kent Harlow,,,969,995.5,0,27,2,,1.48,4,4,,
32381,1,2015.01,3/24/2015,1,0,qupr,327,4.6,12.8,122.97,,,alive,Kent Harlow,Kent Harlow,,,838,834,0,28,2,,1.34,2,4,,
32423,1,2015.01,3/24/2015,1,0,litu,329,17.6,13.1,120.5,A;I,,alive,Kent Harlow,Kent Harlow,,,916,914,0,29,2,,1.31,4,4,,
32540,1,2015.01,3/24/2015,1,0,qupr,332,19.9,15.6,76.3,,,alive,Kent Harlow,Kent Harlow,,,844,841.7999878,0,30,2,,1.35,2,3,,
40562,1,2015.01,3/22/2015,1,0,fagr,406,6.3,16.2,9.75,,From sap flow cluster,alive,Kent Harlow,Kent Harlow,,,82.5,80.90000153,0,551,2,,1.41,4,2,,
40563,1,2015.01,3/22/2015,1,0,fagr,406,3.6,17.8,42.1,,From sap flow cluster,alive,Kent Harlow,Kent Harlow,,,374.5,365,0,552,2,,1.44,4,4,,
40564,1,2015.01,3/22/2015,1,0,fagr,406,2.4,12.4,12.75,,From sap flow cluster,alive,Kent Harlow,Kent Harlow,,,63,57.79999924,0,553,2,,1.43,4,2,,
40565,1,2015.01,3/22/2015,1,0,cagl,406,1.9,10.1,11.33,,From sap flow cluster,alive,Kent Harlow,Kent Harlow,,,183,182.1000061,0,554,2,,1.36,4,3,,
40566,1,2015.01,3/22/2015,1,0,cagl,406,1.1,9.4,9.79,,From sap flow cluster,alive,Kent Harlow,Kent Harlow,,,272,270.2000122,0,555,2,,1.41,4,4,,
40567,1,2015.01,3/22/2015,1,0,fagr,406,1.6,7.2,13.07,,From sap flow cluster,alive,Kent Harlow,Kent Harlow,,,93,93.30000305,0,556,2,,1.43,4,2,,
40568,1,2015.01,3/22/2015,1,0,fagr,406,0.1,5.2,40.62,,From sap flow cluster,alive,Kent Harlow,Kent Harlow,,,176,169.8999939,0,557,2,,1.39,4,3,,
40569,1,2015.01,3/22/2015,1,0,litu,407,5.6,1.7,37.73,,From sap flow cluster,alive,Kent Harlow,Kent Harlow,,,292,280,0,558,2,,1.41,4,4,,
40635,1,2015.01,3/22/2015,1,0,cagl,408,18.7,1,23.73,,,alive,Kent Harlow,Kent Harlow,,,260,258.7000122,0,31,2,,1.22,4,3,,
40875,1,2015.01,3/22/2015,1,0,qual,412,14.4,14.4,NA,D,Dead,dead,Kent Harlow,Kent Harlow,,,NA,0,0,32,2,,1.28,3,4,,
40941,1,2015.01,3/22/2015,1,0,litu,414,6,15.4,98.87,M; main,"Band way under 1.3, the dbh refers to the main stem",alive,Kent Harlow,Kent Harlow,,,979,653,0,33,2,,0.7,4,4,,
40942,1,2015.01,3/22/2015,1,0,acru,414,2.2,2,57.02,,,alive,Kent Harlow,Kent Harlow,,,401,395.8999939,0,34,2,,1.32,4,3,,
40972,1,2015.01,3/24/2015,1,0,litu,415,7.2,9.6,110.24,M;main,"bigger trunk has band, smaller is listed for dbh but doesn’t have band",alive,Kent Harlow,Kent Harlow,,,822,685.5999756,0,246,2,,1.3,3,4,,
42009,1,2015.01,3/24/2015,1,0,ploc,417,4.1,19.2,64.87,,,alive,Kent Harlow,Kent Harlow,,,583,576.7999878,0,35,2,,1.4,4,5,,
42270,1,2015.01,3/24/2015,1,0,quru,424,12.3,18.6,NA,D,Dead,dead,Kent Harlow,Kent Harlow,,,NA,0,0,36,2,,1.24,3,4,,
42397,1,2015.01,3/24/2015,1,0,quru,428,10.4,5.5,21.2,,,alive,Kent Harlow,Kent Harlow,,,1505,1483,1,635,2,,1,3,4,,
42562,1,2015.01,3/24/2015,1,0,quru,431,15.2,0.4,NA,,tree fall/fell/Dead,dead,Kent Harlow,Kent Harlow,,,NA,878,0,38,2,,1.2,3,3,,
50160,1,2015.01,3/22/2015,1,0,fram,502,7.4,11,135.12,,,alive,Kent Harlow,Kent Harlow,,,881.5,868.0999756,0,39,2,,1.36,4,4,,
50288,1,2015.01,3/17/2015,1,0,quru,505,10.8,10.6,146.47,,,alive,Kent Harlow,Kent Harlow,,,880,877.7000122,0,40,2,,1.34,3,4,,
50364,1,2015.01,3/17/2015,1,0,qual,507,4.2,18.1,76.98,,,alive,Kent Harlow,Kent Harlow,,,664,661.9000244,0,41,2,,1.35,4,4,,
50650,1,2015.01,3/22/2015,1,0,litu,514,19.5,14.9,5.21,,From sap flow cluster,alive,Kent Harlow,Kent Harlow,,,183.5,184.3000031,0,559,2,,1.44,4,3,,
50654,1,2015.01,3/22/2015,1,0,litu,514,17.2,19.1,32.17,,From sap flow cluster,alive,Kent Harlow,Kent Harlow,,,714,717.2000122,0,560,2,,1.45,4,5,,
52087,1,2015.01,3/24/2015,1,0,quru,519,1.1,11.1,139.35,I,"tree dying, bark falling off caused band to sag a lot",alive,Kent Harlow,Kent Harlow,,,1459,1451,0,42,2,,1.3,2,5,,
52190,1,2015.01,3/26/2015,1,0,quru,522,16.4,3.4,140,,used tape to measure window. Needs new band,alive,Kent Harlow,Kent Harlow,,,976,968.5,0,43,2,,1.45,3,4,,
52276,1,2015.01,3/24/2015,1,0,quve,525,7.3,10.7,24.24,,,alive,Kent Harlow,Kent Harlow,,,831,828.9000244,0,44,2,,1.32,2,4,,
60161,1,2015.01,3/22/2015,1,0,qupr,608,17.5,14.1,55.64,I,,alive,Kent Harlow,Kent Harlow,,,861,867,0,45,2,,1.13,3,4,,
60414,1,2015.01,3/22/2015,1,0,quru,611,4.2,0,NA,D,Dead,dead,Kent Harlow,Kent Harlow,,,NA,0,0,46,2,,1.4,2,4,,
60456,1,2015.01,3/22/2015,1,0,caca,614,5.3,15,5.63,,From sap flow cluster,alive,Kent Harlow,Kent Harlow,,,47,64.5,0,561,2,,1.44,4,2,,
60457,1,2015.01,3/22/2015,1,0,caca,614,4,15.2,5.53,,From sap flow cluster,alive,Kent Harlow,Kent Harlow,,,100,99.5,0,562,2,,1.43,4,3,,
60458,1,2015.01,3/22/2015,1,0,fagr,615,1.9,0,38.8,,From sap flow cluster,alive,Kent Harlow,Kent Harlow,,,276,269.5,0,563,2,,1.39,4,4,,
60459,1,2015.01,3/22/2015,1,0,fagr,615,2,3,35.72,,From sap flow cluster,alive,Kent Harlow,Kent Harlow,,,111,99.69999695,0,564,2,,1.36,4,2,,
60462,1,2015.01,3/22/2015,1,0,fagr,615,5.6,7.6,31.92,,From sap flow cluster,alive,Kent Harlow,Kent Harlow,,,220,209.5,0,565,2,,1.43,4,3,,
60463,1,2015.01,3/22/2015,1,0,juni,615,7.2,8,22.04,,From sap flow cluster,alive,Kent Harlow,Kent Harlow,,,461,468,0,566,2,,1.43,4,4,,
60468,1,2015.01,3/22/2015,1,0,caca,615,5.4,9.6,12,,From sap flow cluster,alive,Kent Harlow,Kent Harlow,,,66,67.30000305,0,567,2,,1.38,4,2,,
60469,1,2015.01,3/22/2015,1,0,cofl,615,6.8,9.8,5,,From sap flow cluster,alive,Kent Harlow,Kent Harlow,,,70,70,0,568,2,,1.43,4,2,,
60562,1,2015.01,3/22/2015,1,0,fagr,614,19,8.7,29.32,,From sap flow cluster,alive,Kent Harlow,Kent Harlow,,,135,124,0,569,2,,1.47,4,3,,
60563,1,2015.01,3/22/2015,1,0,caca,614,14.2,13.2,13.88,,From sap flow cluster,alive,Kent Harlow,Kent Harlow,,,97,87.5,0,570,2,,1.38,4,2,,
60566,1,2015.01,3/22/2015,1,0,fagr,614,10,11,28.86,,From sap flow cluster,alive,Kent Harlow,Kent Harlow,,,200,194.1999969,0,571,2,,1.44,4,4,,
60567,1,2015.01,3/22/2015,1,0,litu,614,11.6,11.2,41.38,,From sap flow cluster,alive,Kent Harlow,Kent Harlow,,,539,536.7999878,0,572,2,,1.54,4,5,,
60568,1,2015.01,3/22/2015,1,0,caca,614,15.5,15.6,6.33,,From sap flow cluster,alive,Kent Harlow,Kent Harlow,,,91,90.30000305,0,573,2,,1.37,4,2,,
60569,1,2015.01,3/22/2015,1,0,caca,614,19.4,16.2,8.68,,From sap flow cluster,alive,Kent Harlow,Kent Harlow,,,93,89.5,0,574,2,,1.32,4,2,,
60570,1,2015.01,3/22/2015,1,0,caco,614,15.2,16.7,24.82,,From sap flow cluster,alive,Kent Harlow,Kent Harlow,,,395,396.1000061,0,575,2,,1.41,4,4,,
60571,1,2015.01,3/22/2015,1,0,caca,614,12,17.4,6.18,,From sap flow cluster,alive,Kent Harlow,Kent Harlow,,,116,116,0,576,2,,1.48,4,2,,
60573,1,2015.01,3/22/2015,1,0,tiam,614,8.5,16.3,26.46,,From sap flow cluster,alive,Kent Harlow,Kent Harlow,,,264,258.5,0,577,2,,1.45,4,4,,
60576,1,2015.01,3/22/2015,1,0,caca,615,17.1,1,26.54,,From sap flow cluster,alive,Kent Harlow,Kent Harlow,,,98.5,95.09999847,0,578,2,,1.37,4,2,,
60577,1,2015.01,3/22/2015,1,0,litu,615,12.7,1.4,34.25,,From sap flow cluster,alive,Kent Harlow,Kent Harlow,,,552,546.2000122,0,579,2,,1.5,4,5,,
60578,1,2015.01,3/22/2015,1,0,caca,615,13.2,9.9,5.68,,From sap flow cluster,alive,Kent Harlow,Kent Harlow,,,81,78.5,0,580,2,,1.36,4,1,,
60579,1,2015.01,3/22/2015,1,0,caca,615,16.8,4,4.06,,From sap flow cluster,alive,Kent Harlow,Kent Harlow,,,77,76.09999847,0,581,2,,1.32,4,2,,
60581,1,2015.01,3/22/2015,1,0,litu,615,19.8,9.3,37.32,,From sap flow cluster,alive,Kent Harlow,Kent Harlow,,,666,685.0999756,0,582,2,,1.54,4,5,,
60582,1,2015.01,3/22/2015,1,0,quru,615,20,10.2,6.53,,From sap flow cluster,alive,Kent Harlow,Kent Harlow,,,286,285.1000061,0,583,2,,1.37,4,4,,
60586,1,2015.01,3/22/2015,1,0,caca,615,16.2,9.3,2.18,,From sap flow cluster,alive,Kent Harlow,Kent Harlow,,,60,62.5,0,584,2,,1.38,4,2,,
60587,1,2015.01,3/22/2015,1,0,caca,615,14,9.8,7.87,,From sap flow cluster,alive,Kent Harlow,Kent Harlow,,,79,70.5,0,585,2,,1.35,4,2,,
60588,1,2015.01,3/22/2015,1,0,caco,615,13.4,7.3,7.96,,From sap flow cluster,alive,Kent Harlow,Kent Harlow,,,292.5,292.2999878,0,586,2,,1.5,4,4,,
62128,1,2015.01,3/26/2015,1,0,quru,620,8,0.8,76.5,,used tape to measure window,alive,Kent Harlow,Kent Harlow,,,833,831,0,47,2,,1.4,3,4,,
62181,1,2015.01,3/26/2015,1,0,quve,621,8.8,13.5,70,,used tape to measure window,alive,Kent Harlow,Kent Harlow,,,1125,1118.5,0,48,2,,1.25,2,4,,
62224,1,2015.01,3/26/2015,1,0,litu,622,3.2,17.3,65,,used tape to measure window,alive,Kent Harlow,Kent Harlow,,,1045,1040.5,0,49,2,,1.3,3,4,,
62241,1,2015.01,3/26/2015,1,0,litu,623,13.9,0.7,91.82,M; main,,alive,Kent Harlow,Kent Harlow,,,929,928.5,0,50,2,,1.26,3,4,,
62417,1,2015.01,3/26/2015,1,0,quve,630,8.9,17,58.06,,,alive,Kent Harlow,Kent Harlow,,,940,944,0,51,2,,1.4,3,4,,
62449,1,2015.01,3/26/2015,1,0,qual,632,18.7,3.9,74.65,,,alive,Kent Harlow,Kent Harlow,,,898.5,891,0,52,2,,1.25,4,4,,
62454,1,2015.01,3/26/2015,1,0,quve,632,14.7,18.8,91.94,,,alive,Kent Harlow,Kent Harlow,,,917,926.0999756,0,53,2,,1.39,2,4,,
70096,1,2015.01,3/17/2015,1,0,quru,704,3.3,12.7,99.07,,,alive,Kent Harlow,Kent Harlow,,,868,866.9000244,0,54,2,,1.33,3,4,,
70126,1,2015.01,3/17/2015,1,0,quru,705,9.3,12.5,120.81,,,alive,Kent Harlow,Kent Harlow,,,824,821,0,247,2,,1.3,3,4,,
70181,1,2015.01,3/17/2015,1,0,litu,707,13.3,17.2,103.4,,,alive,Kent Harlow,Kent Harlow,,,544,536.2999878,0,55,2,,1.37,4,4,,
70216,1,2015.01,3/17/2015,1,0,quve,701,18.7,11.6,84.47,,,alive,Kent Harlow,Kent Harlow,,,934,930.2000122,0,56,2,,1.29,4,4,,
70220,1,2015.01,3/17/2015,1,0,qual,702,18.3,0.8,96.67,,,alive,Kent Harlow,Kent Harlow,,,536,533.9000244,0,57,2,,1.4,4,4,,
70278,1,2015.01,3/17/2015,1,0,qupr,704,15.6,15.4,97.38,,,alive,Kent Harlow,Kent Harlow,,,684,679.7999878,0,58,2,,1.23,4,4,,
70292,1,2015.01,3/17/2015,1,0,cagl,705,14.6,2.1,41.17,,,alive,Kent Harlow,Kent Harlow,,,457,456.2999878,0,59,2,,1.2,4,4,,
70352,1,2015.01,3/17/2015,1,0,litu,707,20,11,57.34,,,alive,Kent Harlow,Kent Harlow,,,756,751.0999756,0,60,2,,1.24,4,4,,
70356,1,2015.01,3/17/2015,1,0,caca,707,17.5,17.7,4.4,C; B; A,,alive,Kent Harlow,Kent Harlow,,,80.5,78.80000305,0,61,2,,1.13,3,2,,
70357,1,2015.01,3/17/2015,1,0,cagl,708,7.6,18.4,7.14,,,alive,Kent Harlow,Kent Harlow,,,114,115.8000031,0,62,2,,1.38,2,2,,
70358,1,2015.01,3/17/2015,1,0,litu,708,18.1,2.3,57.5,,,alive,Kent Harlow,Kent Harlow,,,372,363.7999878,0,63,2,,1.28,3,4,,
70433,1,2015.01,3/17/2015,1,0,litu,710,11.4,13.8,86.74,,,alive,Kent Harlow,Kent Harlow,,,708,716.9000244,0,64,2,,1.3,4,4,,
70492,1,2015.01,3/22/2015,1,0,nysy,714,0.1,11.2,18.36,,From sap flow cluster,alive,Kent Harlow,Kent Harlow,,,200,198.6000061,0,587,2,,1.44,4,4,,
70493,1,2015.01,3/22/2015,1,0,litu,714,0.3,15.2,36.59,,From sap flow cluster,alive,Kent Harlow,Kent Harlow,,,542,539.2000122,0,588,2,,1.44,4,5,,
70494,1,2015.01,3/22/2015,1,0,caca,714,0.4,15.7,11.7,M; main,From sap flow cluster,alive,Kent Harlow,Kent Harlow,,,81,77.30000305,0,589,2,,1.47,4,2,,
70494,2,2015.01,3/22/2015,1,0,caca,714,0.4,15.7,11.73,S,From sap flow cluster,alive,Kent Harlow,Kent Harlow,,,62,60,0,590,2,,1.42,4,2,,
70495,1,2015.01,3/22/2015,1,0,caca,714,1.7,18.6,8.24,,From sap flow cluster,alive,Kent Harlow,Kent Harlow,,,70,67.90000153,0,591,2,,1.43,4,2,,
70519,1,2015.01,3/17/2015,1,0,qual,711,15.5,3.3,61.13,,,alive,Kent Harlow,Kent Harlow,,,548,544.7999878,0,65,2,,1.21,4,4,,
70536,1,2015.01,3/17/2015,1,0,qual,711,11.9,7.4,75.48,,,alive,Kent Harlow,Kent Harlow,,,591,583.9000244,0,66,2,,1.21,4,4,,
70579,1,2015.01,3/22/2015,1,0,caco,714,19.2,4.3,22.1,,,alive,Kent Harlow,Kent Harlow,,,237,236.1000061,0,67,2,,1.33,3,3,,
70581,1,2015.01,3/22/2015,1,0,quru,714,13.7,1.2,124.27,,,alive,Kent Harlow,Kent Harlow,,,615,614.5,0,68,2,,1.45,3,4,,
70588,1,2015.01,3/22/2015,1,0,quve,714,16.2,5.2,5.8,,,alive,Kent Harlow,Kent Harlow,,,509,520.9000244,0,69,2,,1.42,3,3,,
72024,1,2015.01,3/26/2015,1,0,quve,717,20,9.6,108.27,,,alive,Kent Harlow,Kent Harlow,,,484.5,482.2999878,0,70,2,,1.4,4,4,,
72115,1,2015.01,3/26/2015,1,0,litu,719,11.2,10.7,51.56,,,alive,Kent Harlow,Kent Harlow,,,481,479.8999939,0,71,2,,1.51,4,4,,
72116,1,2015.01,3/26/2015,1,0,litu,719,14.4,10.8,75.39,,,alive,Kent Harlow,Kent Harlow,,,478,476.2000122,0,72,2,,1.39,4,4,,
72122,1,2015.01,3/26/2015,1,0,caca,719,19.9,19,15.1,,,alive,Kent Harlow,Kent Harlow,,,82,83.30000305,0,73,2,,1.48,4,4,,
72124,1,2015.01,3/26/2015,1,0,quru,719,12.5,19.4,159,,used tape to measure window. Needs new band,alive,Kent Harlow,Kent Harlow,,,739,747.2000122,0,74,2,,1.54,3,4,,
72149,1,2015.01,3/26/2015,1,0,litu,720,13.8,0.7,130.5,,"window too long for calipers, used tape to measure",alive,Kent Harlow,Kent Harlow,,,556,554.0999756,0,75,2,,1.45,4,4,,
72210,1,2015.01,3/26/2015,1,0,qual,721,5.2,11.5,85,,used tape to measure window,alive,Kent Harlow,Kent Harlow,,,854.5,853.0999756,0,76,2,,1.33,2,4,,
72232,1,2015.01,3/26/2015,1,0,qual,722,14.5,12.6,64.59,M; main,,alive,Kent Harlow,Kent Harlow,,,724.5,728.5,0,77,2,,1.45,3,4,,
72248,1,2015.01,3/26/2015,1,0,caco,723,15,0.3,41.49,,,alive,Kent Harlow,Kent Harlow,,,313,313.2000122,0,78,2,,1.39,4,4,,
72308,1,2015.01,3/26/2015,1,0,qual,725,15.2,13.3,29.56,,,alive,Kent Harlow,Kent Harlow,,,653.5,654.2000122,0,79,2,,1.4,3,4,,
72322,1,2015.01,3/26/2015,1,0,litu,726,18.1,0.3,15.07,,,alive,Kent Harlow,Kent Harlow,,,250.5,247.8000031,0,80,2,,1.3,3,3,,
72324,1,2015.01,3/26/2015,1,0,litu,726,14.4,6.6,109,,used tape to measure window,alive,Kent Harlow,Kent Harlow,,,675,667.2000122,0,81,2,,1.31,4,4,,
72337,1,2015.01,3/26/2015,1,0,quru,727,7.9,2.6,115,,used tape to measure window,alive,Kent Harlow,Kent Harlow,,,904,905.7999878,0,82,2,,1.36,4,4,,
72348,1,2015.01,3/26/2015,1,0,quru,727,12,15.1,121.39,,,alive,Kent Harlow,Kent Harlow,,,942.5,946.5999756,0,83,2,,1.5,3,4,,
72357,1,2015.01,3/26/2015,1,0,quru,728,1.7,2,79.86,,,alive,Kent Harlow,Kent Harlow,,,869.5,881.2999878,0,594,2,,1.4,4,4,,
72375,1,2015.01,3/26/2015,1,0,litu,728,13.7,17.1,50.5,,,alive,Kent Harlow,Kent Harlow,,,677.5,669.0999756,0,85,2,,1.28,3,4,,
72377,1,2015.01,3/26/2015,1,0,litu,728,10.6,16.1,90.85,,,alive,Kent Harlow,Kent Harlow,,,754.5,746.9000244,0,86,2,,1.3,4,4,,
72408,1,2015.01,3/26/2015,1,0,qual,730,4.8,9.9,NA,D,Dead,dead,Kent Harlow,Kent Harlow,,,NA,0,0,87,2,,1.4,2,3,,
72427,1,2015.01,3/26/2015,1,0,litu,730,3.6,19.4,6.41,,,alive,Kent Harlow,Kent Harlow,,,1424,1422.300049,1,660,2,,1.35,4,4,,
72447,1,2015.01,3/26/2015,1,0,litu,732,14.9,4.1,120.26,,,alive,Kent Harlow,Kent Harlow,,,597,591.2999878,0,89,2,,1.31,3,4,,
72448,1,2015.01,3/26/2015,1,0,litu,732,18.9,4.7,76,,used tape to measure window,alive,Kent Harlow,Kent Harlow,,,466.5,457.7999878,1,636,2,,1.34,1,4,,
72452,1,2015.01,3/26/2015,1,0,quve,732,16.4,11.8,NA,D,Dead,dead,Kent Harlow,Kent Harlow,,,NA,0,0,91,2,,1.33,1,3,,
72460,1,2015.01,3/26/2015,1,0,quru,732,9.1,15.6,42.85,,,alive,Kent Harlow,Kent Harlow,,,497,496.7000122,0,512,2,,1.3,4,4,,
80005,1,2015.01,3/22/2015,1,0,fram,801,1.9,12.4,19.11,A,,alive,Kent Harlow,Kent Harlow,,,704,694.5,0,92,2,,1.15,3,4,,
80100,1,2015.01,3/17/2015,1,0,litu,804,3.4,12.6,94.79,,,alive,Kent Harlow,Kent Harlow,,,567,562.9000244,0,93,2,,1.39,4,3,,
80180,1,2015.01,3/17/2015,1,0,cato,804,11.6,5.6,84.96,,,alive,Kent Harlow,Kent Harlow,,,1000,993.4000244,0,94,2,,1.2,3,4,,
80398,1,2015.01,3/17/2015,1,0,caco,807,1.8,19.6,9.23,,,alive,Kent Harlow,Kent Harlow,,,190,193.3999939,0,95,2,,1.29,3,3,,
80401,1,2015.01,3/17/2015,1,0,caco,807,7.4,19.4,100.77,,,alive,Kent Harlow,Kent Harlow,,,458,446.7000122,0,96,2,,1.35,3,4,,
80491,1,2015.01,3/17/2015,1,0,quru,809,5.2,17.7,NA,D,Dead,dead,Kent Harlow,Kent Harlow,,,NA,1386.099976,0,97,2,,1.25,4,4,,
80554,1,2015.01,3/17/2015,1,0,caovl,813,6.9,11.2,6.86,,,alive,Kent Harlow,Kent Harlow,,,494,489.2000122,1,637,2,,1.46,4,4,,
80559,1,2015.01,3/17/2015,1,0,nysy,813,8.9,17.8,5.5,,,alive,Kent Harlow,Kent Harlow,,,441,434.6000061,0,99,2,,1.4,4,4,,
80614,1,2015.01,3/22/2015,1,0,caco,810,1.9,18.2,5.2,,,alive,Kent Harlow,Kent Harlow,,,101,105.8000031,0,100,2,,1.2,4,2,,
80615,1,2015.01,3/17/2015,1,0,litu,810,4.4,16.8,86.51,,,alive,Kent Harlow,Kent Harlow,,,665,653.2000122,0,101,2,,1.18,3,4,,
80628,1,2015.01,3/17/2015,1,0,quru,811,7.5,3,26.13,,,alive,Kent Harlow,Kent Harlow,,,542,544.5,0,102,2,,1.24,3,3,,
80631,1,2015.01,3/17/2015,1,0,litu,811,0.2,6.1,80.18,,,alive,Kent Harlow,Kent Harlow,,,525,521.4000244,0,103,2,,1.27,3,4,,
82125,1,2015.01,3/26/2015,1,0,cagl,819,1.6,14.28,25.7,,,alive,Kent Harlow,Kent Harlow,,,144.5,145.8999939,0,104,2,,1.48,4,2,,
82138,1,2015.01,3/26/2015,1,0,quru,820,1.05,2.74,128.5,,"window too long for calipers, used tape to measure",alive,Kent Harlow,Kent Harlow,,,613,632.0999756,0,105,2,,1.6,4,4,,
82203,1,2015.01,3/26/2015,1,0,litu,822,8,9.35,91.52,,"large poison ivy vine attached to tree, included in dendro diameter measurement",alive,Kent Harlow,Kent Harlow,,,638,627.7999878,0,106,2,,1.31,4,4,,
82223,1,2015.01,3/26/2015,1,0,litu,822,0.5,17.7,87.5,,used tape to measure window,alive,Kent Harlow,Kent Harlow,,,405.5,400.3999939,0,107,2,,1.37,4,4,,
82226,1,2015.01,3/26/2015,1,0,litu,823,1.95,4,31.35,,,alive,Kent Harlow,Kent Harlow,,,258,253.3000031,0,108,2,,1.39,4,4,,
82284,1,2015.01,3/26/2015,1,0,quve,825,1.3,11.95,74,,used tape to measure window,alive,Kent Harlow,Kent Harlow,,,804.5,801.7999878,0,109,2,,1.27,3,4,,
82292,1,2015.01,3/26/2015,1,0,litu,826,1.8,0.44,74.5,,used tape to measure window,alive,Kent Harlow,Kent Harlow,,,488.5,481.2000122,0,110,2,,1.27,2,4,,
82298,1,2015.01,3/26/2015,1,0,litu,826,0.25,5.1,121,,used tape to measure window,alive,Kent Harlow,Kent Harlow,,,567,561.7000122,0,111,2,,1.3,3,4,,
82326,1,2015.01,3/26/2015,1,0,quve,827,14.6,8.3,95.8,,,alive,Kent Harlow,Kent Harlow,,,836,842.7000122,0,112,2,,1.41,3,4,,
82357,1,2015.01,3/26/2015,1,0,litu,828,4,13.8,93.97,M; main,,alive,Kent Harlow,Kent Harlow,,,525.5,518.4000244,0,113,2,,1.37,4,4,,
82360,1,2015.01,3/26/2015,1,0,litu,829,2.3,0.7,85,,used tape to measure window,alive,Kent Harlow,Kent Harlow,,,612,604.5,0,114,2,,1.23,3,4,,
82365,1,2015.01,3/26/2015,1,0,qual,829,4.9,4.7,39.17,,,alive,Kent Harlow,Kent Harlow,,,439,438.1000061,0,115,2,,1.21,3,4,,
82368,1,2015.01,3/26/2015,1,0,litu,829,16.8,3.4,64.69,M; main,,alive,Kent Harlow,Kent Harlow,,,995,993.9000244,0,116,2,,1.42,3,4,,
82419,1,2015.01,3/26/2015,1,0,litu,831,3.3,10,110.5,,used tape to measure window,alive,Kent Harlow,Kent Harlow,,,808,804.5,0,117,2,,1.24,2,4,,
82421,1,2015.01,3/26/2015,1,0,litu,831,5.6,14.7,91,,used tape to measure window,alive,Kent Harlow,Kent Harlow,,,566,561,0,118,2,,1.19,2,4,,
82422,1,2015.01,3/26/2015,1,0,litu,831,6.9,19.5,53.6,,,alive,Kent Harlow,Kent Harlow,,,550,546.5,0,119,2,,1.24,4,4,,
82434,1,2015.01,3/26/2015,1,0,quve,832,6,15.6,94,,used tape to measure window,alive,Kent Harlow,Kent Harlow,,,829,826.7999878,0,120,2,,1.33,3,4,,
90043,1,2015.01,3/17/2015,1,0,quve,901,12.5,17.6,150.93,,band almost too long for calipers. Nedd new band,alive,Kent Harlow,Kent Harlow,,,1447,1437.599976,0,121,2,,1.26,4,5,,
90084,1,2015.01,3/17/2015,1,0,quve,902,16.2,19.3,125.46,,,alive,Kent Harlow,Kent Harlow,,,1114,1117.099976,0,122,2,,1.4,4,4,,
90162,1,2015.01,3/17/2015,1,0,litu,904,16.9,11.1,40.96,,,alive,Kent Harlow,Kent Harlow,,,659,655.9000244,0,596,2,,1.35,4,4,,
90311,1,2015.01,3/17/2015,1,0,cagl,905,17.5,15.8,6.15,,,alive,Kent Harlow,Kent Harlow,,,170,167.8000031,0,513,2,,1.3,4,3,,
90354,1,2015.01,3/17/2015,1,0,litu,905,10.6,5,111.77,I,,alive,Kent Harlow,Kent Harlow,,,675,670.9000244,0,248,2,,1.3,4,4,,
90413,3,2015.01,3/17/2015,1,0,litu,904,11.7,17.2,NA,"B, S",Band removed in 2013,alive,Kent Harlow,Kent Harlow,,,NA,267.7999878,0,NA,2,,1.3,3,3,,
90446,1,2015.01,3/17/2015,1,0,ulru,905,19.5,0.5,NA,D,Dead,dead,Kent Harlow,Kent Harlow,,,NA,0,0,250,2,,1.3,3,4,,
90530,1,2015.01,3/17/2015,1,0,litu,910,10.2,17.8,62.13,,,alive,Kent Harlow,Kent Harlow,,,641,647.5,0,251,2,,1.45,3,4,,
90533,1,2015.01,3/17/2015,1,0,cagl,911,18.2,2.1,104.4,M; main,,alive,Kent Harlow,Kent Harlow,,,489,492.1000061,0,252,2,,1.3,3,4,,
90612,1,2015.01,3/17/2015,1,0,quru,910,10.7,14,61.19,,,alive,Kent Harlow,Kent Harlow,,,553,552,0,253,2,,1.4,3,3,,
90660,1,2015.01,3/17/2015,1,0,quru,913,4.9,7.9,126.79,,,alive,Kent Harlow,Kent Harlow,,,954,947.4000244,0,123,2,,1.22,3,4,,
90752,1,2015.01,3/26/2015,1,0,qual,916,12.4,7.4,6.91,,"band twisted, fixed",alive,Kent Harlow,Kent Harlow,,,514,510.1000061,1,642,2,,1.3,4,4,,
91435,1,2015.01,3/17/2015,1,0,litu,907,13.6,12.2,35.17,,,alive,Kent Harlow,Kent Harlow,,,233,228.5,0,514,2,,1.3,4,3,,
91451,1,2015.01,3/17/2015,1,0,litu,907,18.7,17.6,48.6,,,alive,Kent Harlow,Kent Harlow,,,562,555.0999756,0,255,2,,1.3,4,4,,
91474,1,2015.01,3/17/2015,1,0,litu,908,14.5,4.7,124.4,,,alive,Kent Harlow,Kent Harlow,,,442,438.2000122,0,256,2,,1.33,3,4,,
91476,1,2015.01,3/17/2015,1,0,litu,908,18.4,2.4,87.59,,,alive,Kent Harlow,Kent Harlow,,,505,505.3999939,0,257,2,,1.35,3,3,,
91477,1,2015.01,3/17/2015,1,0,litu,908,19.3,3.5,35.85,,,alive,Kent Harlow,Kent Harlow,,,218,210,0,258,2,,1.35,4,3,,
91486,1,2015.01,3/17/2015,1,0,cagl,908,17.5,9.2,60.57,,,alive,Kent Harlow,Kent Harlow,,,574,570.9000244,0,259,2,,1.3,3,4,,
92006,1,2015.01,3/26/2015,1,0,litu,917,6.29,1.42,32.62,,,alive,Kent Harlow,Kent Harlow,,,542.5,544.2000122,0,260,2,,1.3,3,4,,
92018,1,2015.01,3/26/2015,1,0,acru,917,16.22,5.6,45.7,,,alive,Kent Harlow,Kent Harlow,,,522.5,519.5,0,261,2,,1.3,4,4,,
92112,1,2015.01,3/26/2015,1,0,litu,919,14.4,18.79,38.89,,,alive,Kent Harlow,Kent Harlow,,,497.5,489.1000061,0,597,2,,1.3,4,4,,
92139,1,2015.01,3/26/2015,1,0,quru,920,17.59,0.29,32.97,,,alive,Kent Harlow,Kent Harlow,,,115,113.5,0,263,2,,1.3,4,2,,
92140,1,2015.01,3/26/2015,1,0,cato,920,18.7,0.7,38,,,alive,Kent Harlow,Kent Harlow,,,57.5,55.09999847,0,515,2,,1.4,2,4,,
92141,1,2015.01,3/26/2015,1,0,cagl,920,19.4,4.7,17.73,,,alive,Kent Harlow,Kent Harlow,,,82.5,84.30000305,0,535,2,,1.3,4,2,,
92234,1,2015.01,3/26/2015,1,0,qual,922,20.1,19.1,NA,D,Dead,dead,Kent Harlow,Kent Harlow,,,NA,0,0,265,2,,1.34,3,1,,
92237,1,2015.01,3/26/2015,1,0,nysy,922,14.7,19.5,17.64,,,alive,Kent Harlow,Kent Harlow,,,218,218.1000061,0,266,2,,1.3,4,3,,
92238,1,2015.01,3/26/2015,1,0,quve,922,10.8,18.3,53.5,,,alive,Kent Harlow,Kent Harlow,,,757,756.2999878,0,267,2,,1.3,3,4,,
92269,1,2015.01,3/26/2015,1,0,ceca,923,19.75,1.65,NA,C,"did not visit tree, C means dead above, needs to be visited in november",alive,Kent Harlow,Kent Harlow,,,NA,0,0,268,2,,1.3,4,1,,
92280,1,2015.01,3/26/2015,1,0,quve,923,15,7.9,69.18,,,alive,Kent Harlow,Kent Harlow,,,649,650.2999878,0,269,2,,1.3,3,4,,
92393,1,2015.01,3/26/2015,1,0,cagl,925,19.8,7.7,60.6,,,alive,Kent Harlow,Kent Harlow,,,617,617,0,270,2,,1.3,4,4,,
92414,1,2015.01,3/26/2015,1,0,litu,926,11.2,0.9,112.47,,,alive,Kent Harlow,Kent Harlow,,,433.5,432.7999878,0,271,2,,1.3,4,4,,
92466,1,2015.01,3/26/2015,1,0,litu,927,0.6,16.3,77.52,I,,alive,Kent Harlow,Kent Harlow,,,841,834.5,0,124,2,,1.38,4,4,,
92487,1,2015.01,3/26/2015,1,0,quve,928,9.8,15.01,58.07,,,alive,Kent Harlow,Kent Harlow,,,663,659,0,500,2,,1.3,3,4,,
92488,1,2015.01,3/26/2015,1,0,litu,928,12.65,13.5,127.5,,used tape to measure window,alive,Kent Harlow,Kent Harlow,,,686,674,0,272,2,,1.3,4,4,,
92545,1,2015.01,3/26/2015,1,0,litu,931,15.3,15.6,40.3,,,alive,Kent Harlow,Kent Harlow,,,580.5,577.2999878,0,273,2,,1.3,4,4,,
92546,1,2015.01,3/26/2015,1,0,litu,931,16.5,16.7,145.5,,used tape to measure window.,alive,Kent Harlow,Kent Harlow,,,651,647.2000122,0,501,2,,1.3,4,4,,
92547,1,2015.01,3/26/2015,1,0,litu,931,11.7,13.9,60.2,,used tape to measure window,alive,Kent Harlow,Kent Harlow,,,642.5,638.7999878,0,274,2,,1.3,4,4,,
100011,1,2015.01,3/22/2015,1,0,fram,1001,0.7,8,70.88,,"band 'crumpled', fixed and measured",alive,Kent Harlow,Kent Harlow,,,960,960.5,0,125,2,,1.3,4,4,,
100516,1,2015.01,3/17/2015,1,0,litu,1004,17.9,2.3,3.5,,,alive,Kent Harlow,Kent Harlow,,,1040,1036.099976,1,638,2,,1.42,4,4,,
100562,1,2015.01,3/17/2015,1,0,litu,1004,9.1,19.2,84.6,,,alive,Kent Harlow,Kent Harlow,,,634,628.2000122,0,275,2,,1.4,4,4,,
100612,1,2015.01,3/17/2015,1,0,litu,1003,12,4.4,135.04,I,,alive,Kent Harlow,Kent Harlow,,,1210,1200.900024,0,127,2,,1.38,4,4,,
100720,2,2015.01,3/17/2015,1,0,litu,1004,1.7,12,NA,S,Band removed in 2013,alive,Kent Harlow,Kent Harlow,,,NA,323.7999878,0,NA,2,,1.3,4,4,,
100754,1,2015.01,3/17/2015,1,0,quru,1005,3.8,6.8,135.27,,,alive,Kent Harlow,Kent Harlow,,,435,430.2000122,0,277,2,,1.35,4,4,,
100771,1,2015.01,3/17/2015,1,0,quru,1005,8.5,17,175.5,,used tape to measure window. Needs new band,alive,Kent Harlow,Kent Harlow,,,928,921.0999756,0,128,2,,1.4,4,4,,
100905,1,2015.01,3/17/2015,1,0,litu,1008,10,1.6,87.68,,,alive,Kent Harlow,Kent Harlow,,,660,659.4000244,0,278,2,,1.35,4,4,,
100906,1,2015.01,3/17/2015,1,0,litu,1008,9.3,1.1,10.49,,,alive,Kent Harlow,Kent Harlow,,,498,497,0,598,2,,1.3,4,4,,
100960,1,2015.01,3/17/2015,1,0,quru,1010,13.8,10.5,124.8,,,alive,Kent Harlow,Kent Harlow,,,571,563.5,0,279,2,,1.5,4,4,,
101082,1,2015.01,3/17/2015,1,0,litu,1009,0,0.7,NA,,Band removed in 2013,alive,Kent Harlow,Kent Harlow,,,NA,814.0999756,0,NA,2,,1.3,4,4,,
101111,1,2015.01,3/17/2015,1,0,litu,1011,0.1,1.3,24.77,,,alive,Kent Harlow,Kent Harlow,,,100,96.19999695,0,281,2,,1.5,4,2,,
101118,1,2015.01,3/17/2015,1,0,litu,1011,0.3,3,37.14,,,alive,Kent Harlow,Kent Harlow,,,200,190.6999969,1,643,2,,1.4,4,3,,
101244,1,2015.01,3/24/2015,1,0,quve,1014,9,9.2,57.54,,,alive,Kent Harlow,Kent Harlow,,,810,815.2999878,0,129,2,,1.28,3,4,,
101310,1,2015.01,3/26/2015,1,0,fram,1016,8,14.1,77.98,I,trunk bulges significantly at dbh measurement height. Last year note: band at 1.5 m,alive,Kent Harlow,Kent Harlow,,,464,490.1000061,0,283,2,,1.3,3,4,,
101312,1,2015.01,3/29/2015,1,0,fram,1016,2.6,16.8,129.37,,,alive,Kent Harlow,Kent Harlow,,,382.5,377,0,284,2,,1.3,3,4,,
102001,1,2015.01,3/26/2015,1,0,fram,1017,6,3.7,39.72,,,alive,Kent Harlow,Kent Harlow,,,281.5,280.2999878,0,285,2,,1.3,4,3,,
102148,1,2015.01,3/26/2015,1,0,cato,1019,2.03,15.4,22.11,,,alive,Kent Harlow,Kent Harlow,,,251,251.1999969,0,286,2,,1.3,4,3,,
102149,1,2015.01,3/26/2015,1,0,cagl,1020,1.35,0.2,36,,,alive,Kent Harlow,Kent Harlow,,,69.5,70.09999847,0,287,2,,1.3,4,2,,
102150,1,2015.01,3/26/2015,1,0,qual,1020,4.3,2.07,22.67,,,alive,Kent Harlow,Kent Harlow,,,481,479,0,599,2,,1.3,4,4,,
102154,1,2015.01,3/26/2015,1,0,qual,1020,5.41,8.49,86.69,L,"band weirdly high on tree, dbh lower, on bulbous part of trunk",alive,Kent Harlow,Kent Harlow,,,496,512.5,0,288,2,,1.55,4,4,,
102177,1,2015.01,3/26/2015,1,0,qual,1020,3.4,11.65,68.13,,,alive,Kent Harlow,Kent Harlow,,,708.5,702.7999878,0,289,2,,1.3,4,4,,
102258,1,2015.01,3/26/2015,1,0,qual,1022,10.25,17.35,104.32,,,alive,Kent Harlow,Kent Harlow,,,424,430,0,290,2,,1.3,4,4,,
102261,1,2015.01,3/26/2015,1,0,qual,1022,5.3,20.05,91.28,,,alive,Kent Harlow,Kent Harlow,,,648.5,651.5,0,291,2,,1.4,4,4,,
102262,1,2015.01,3/26/2015,1,0,qual,1022,1.75,20,63.31,,,alive,Kent Harlow,Kent Harlow,,,532.5,532.7999878,0,292,2,,1.3,4,4,,
102264,1,2015.01,3/26/2015,1,0,qual,1022,1.45,14.2,16.78,,,alive,Kent Harlow,Kent Harlow,,,401,464.3999939,0,293,2,,1.3,3,4,,
102303,1,2015.01,3/26/2015,1,0,quve,1024,8.2,0.85,88.64,,,alive,Kent Harlow,Kent Harlow,,,876,880.2999878,0,130,2,,1.44,4,4,,
102348,1,2015.01,3/26/2015,1,0,qual,1025,16.5,11.5,99.15,,,alive,Kent Harlow,Kent Harlow,,,862,862.7000122,0,131,2,,1.41,4,4,,
102364,1,2015.01,3/26/2015,1,0,qual,1025,2.1,18,48.73,,"check. Dbh mark is at band, confusing",alive,Kent Harlow,Kent Harlow,,,632.5,630.5,0,294,2,,1.3,4,4,,
102365,1,2015.01,3/26/2015,1,0,litu,1025,1.1,13.35,32.81,,,alive,Kent Harlow,Kent Harlow,,,234,230.3000031,0,295,2,,1.3,4,3,,
102371,1,2015.01,3/26/2015,1,0,qual,1026,1.55,6.6,31.23,,,alive,Kent Harlow,Kent Harlow,,,783.5,783,0,296,2,,1.3,4,4,,
102438,1,2015.01,3/26/2015,1,0,litu,1028,8.51,16.6,28.14,M; main,"this measurement trunk with tag, the north facing branch of the two",alive,Kent Harlow,Kent Harlow,,,464,468.2000122,0,600,2,,1.34,4,4,,
102438,2,2015.01,3/26/2015,1,0,litu,1028,8.51,16.6,27.35,S,,alive,Kent Harlow,Kent Harlow,,,473,462.6000061,0,601,2,,1.34,4,4,,
102439,1,2015.01,3/26/2015,1,0,litu,1028,4.26,19.58,14.39,,,alive,Kent Harlow,Kent Harlow,,,222,224,0,298,2,,1.3,4,3,,
102441,1,2015.01,3/26/2015,1,0,litu,1029,1.34,2.98,155,,used tape to measure window. Needs new band,alive,Kent Harlow,Kent Harlow,,,492,484,0,299,2,,1.3,4,4,,
102442,1,2015.01,3/26/2015,1,0,litu,1029,8.39,1.88,56.72,,,alive,Kent Harlow,Kent Harlow,,,583,577.0999756,0,300,2,,1.3,4,4,,
102443,1,2015.01,3/26/2015,1,0,litu,1029,4.05,7.01,54.85,,,alive,Kent Harlow,Kent Harlow,,,513.5,512.5,0,301,2,,1.3,4,4,,
102444,1,2015.01,3/26/2015,1,0,litu,1029,4.33,5.32,104.42,,,alive,Kent Harlow,Kent Harlow,,,641,630,0,302,2,,1.3,4,4,,
102446,1,2015.01,3/26/2015,1,0,litu,1029,0.5,3.66,27.74,M; main,,alive,Kent Harlow,Kent Harlow,,,488,494,0,602,2,,1.3,4,4,,
102446,2,2015.01,3/26/2015,1,0,litu,1029,0.5,3.66,25.49,S,,alive,Kent Harlow,Kent Harlow,,,271.5,273.2000122,0,603,2,,1.3,4,3,,
102475,1,2015.01,3/26/2015,1,0,litu,1030,20,14.3,69.78,,dbh shouldn’t be that far off,alive,Kent Harlow,Kent Harlow,,,823.5,881.0999756,0,516,2,,1.3,4,4,,
102501,1,2015.01,3/26/2015,1,0,litu,1031,9.76,17.3,76.64,,,alive,Kent Harlow,Kent Harlow,,,638,634.2000122,0,304,2,,1.3,4,4,,
102502,1,2015.01,3/26/2015,1,0,ulru,1031,0.14,18.6,31.02,,,alive,Kent Harlow,Kent Harlow,,,126,126,0,305,2,,1.3,4,2,,
102505,1,2015.01,3/26/2015,1,0,ceca,1032,1.28,0.63,NA,D,Dead,dead,Kent Harlow,Kent Harlow,,,NA,61.29999924,0,306,2,,1.3,4,2,,
102509,1,2015.01,3/26/2015,1,0,quve,1032,9.58,0.85,131,M; main,used tape to measure window,alive,Kent Harlow,Kent Harlow,,,863,859.2000122,0,132,2,,1.4,2,4,,
110061,1,2015.01,3/17/2015,1,0,litu,1101,17,10,87.21,,,alive,Kent Harlow,Kent Harlow,,,1194,1185.800049,0,133,2,,1.27,3,4,,
110680,1,2015.01,3/17/2015,1,0,litu,1104,2,6.5,69.48,,,alive,Kent Harlow,Kent Harlow,,,681,683.9000244,0,604,2,,1.3,4,5,,
110788,1,2015.01,3/17/2015,1,0,litu,1104,19.9,11.7,60.56,,,alive,Kent Harlow,Kent Harlow,,,638,638.2999878,0,307,2,,1.5,4,4,,
110791,1,2015.01,3/17/2015,1,0,litu,1104,11.3,10,119.97,,,alive,Kent Harlow,Kent Harlow,,,652,651.2000122,0,308,2,,1.28,4,4,,
110798,1,2015.01,3/17/2015,1,0,qupr,1104,16,15.5,119.08,,,alive,Kent Harlow,Kent Harlow,,,709,712.2999878,0,309,2,,1.45,4,4,,
110901,1,2015.01,3/17/2015,1,0,litu,1105,20,4.1,153.72,,used tape to measure window. Needs new band,alive,Kent Harlow,Kent Harlow,,,527,524.0999756,0,310,2,,1.35,4,4,,
110904,1,2015.01,3/17/2015,1,0,quve,1105,10.8,3.3,NA,D,Dead,dead,Kent Harlow,Kent Harlow,,,NA,0,0,134,2,,1.48,2,4,,
111014,1,2015.01,3/17/2015,1,0,litu,1107,13.9,12.2,104.74,,,alive,Kent Harlow,Kent Harlow,,,673,671.2999878,0,311,2,,1.34,4,4,,
111029,1,2015.01,3/17/2015,1,0,litu,1107,17.2,19,15.46,,,alive,Kent Harlow,Kent Harlow,,,125,124.9000015,0,312,2,,1.35,4,3,,
111030,1,2015.01,3/17/2015,1,0,litu,1107,15.1,19.9,47.02,,,alive,Kent Harlow,Kent Harlow,,,600,600.5,0,313,2,,1.4,4,4,,
111032,1,2015.01,3/17/2015,1,0,litu,1107,10.3,19,16.67,M; main,,alive,Kent Harlow,Kent Harlow,,,601,600,0,605,2,,1.3,4,4,,
111032,2,2015.01,3/17/2015,1,0,litu,1107,10.3,19,19.78,S,,alive,Kent Harlow,Kent Harlow,,,425,424.2999878,0,606,2,,1.3,4,4,,
111039,1,2015.01,3/17/2015,1,0,litu,1108,19.7,4.1,75.78,,,alive,Kent Harlow,Kent Harlow,,,451,450.6000061,0,315,2,,1.35,4,3,,
111041,1,2015.01,3/17/2015,1,0,quru,1108,16.5,5.7,161.4,,used tape to measure window. Needs new band,alive,Kent Harlow,Kent Harlow,,,1004,1004.299988,0,135,2,,1.27,4,4,,
111092,1,2015.01,3/17/2015,1,0,litu,1110,18.3,17.7,39.34,,,alive,Kent Harlow,Kent Harlow,,,550.5,543.5999756,0,607,2,,1.3,4,4,,
111093,1,2015.01,3/17/2015,1,0,litu,1110,13.4,16.4,129.28,,,alive,Kent Harlow,Kent Harlow,,,469,460.5,0,317,2,,1.4,4,4,,
111292,1,2015.01,3/28/2015,1,0,fram,1116,12.8,10.4,48.41,,,alive,Kent Harlow,Kent Harlow,,,698.5,706.5,0,318,2,,1.3,3,4,,
112014,1,2015.01,3/28/2015,1,0,cagl,1117,14.25,11.2,10.65,,,alive,Kent Harlow,Kent Harlow,,,473,480.3999939,1,644,2,,1.3,4,4,,
112057,1,2015.01,3/28/2015,1,0,acru,1117,8.75,4.15,40.21,,,alive,Kent Harlow,Kent Harlow,,,707.5,700.2000122,0,320,2,,1.3,4,4,,
112060,1,2015.01,3/26/2015,1,0,fram,1117,1,7.58,59,,used tape to measure window,alive,Kent Harlow,Kent Harlow,,,826.5,829.7999878,0,136,2,,1.35,4,4,,
112118,1,2015.01,3/26/2015,1,0,quru,1119,13.28,11.43,41.91,L,,alive,Kent Harlow,Kent Harlow,,,577.5,571.5,0,321,2,,1.3,1,2,,
112130,1,2015.01,3/26/2015,1,0,qual,1119,17.19,18.28,5.96,,,alive,Kent Harlow,Kent Harlow,,,146,147.8000031,0,608,2,,1.35,3,3,,
112136,1,2015.01,3/26/2015,1,0,pist,1120,13.87,2.45,58,,used tape to measure window,alive,Kent Harlow,Kent Harlow,,,282.5,274.1000061,0,323,2,,1.3,4,3,,
112137,1,2015.01,3/26/2015,1,0,qual,1120,13.42,3.89,154,,used tape to measure window. Needs new band,alive,Kent Harlow,Kent Harlow,,,565.5,572,0,609,2,,1.45,3,4,,
112142,1,2015.01,3/26/2015,1,0,qual,1120,15.95,3.45,111.18,,,alive,Kent Harlow,Kent Harlow,,,388,385.6000061,0,325,2,,1.3,4,4,,
112143,1,2015.01,3/26/2015,1,0,quru,1120,19.12,4.71,83,,used tape to measure window,alive,Kent Harlow,Kent Harlow,,,600,602.5,0,326,2,,1.3,4,4,,
112250,1,2015.01,3/26/2015,1,0,pist,1122,10.78,18.42,10.83,,,alive,Kent Harlow,Kent Harlow,,,406,392.1000061,1,645,2,,1.3,4,4,,
112252,1,2015.01,3/26/2015,1,0,litu,1122,13.6,19.42,23.69,,,alive,Kent Harlow,Kent Harlow,,,456,451,1,646,2,,1.4,4,4,,
112262,1,2015.01,3/26/2015,1,0,quru,1123,17.46,1.52,38.8,,,alive,Kent Harlow,Kent Harlow,,,126,123,0,329,2,,1.3,4,3,,
112316,1,2015.01,3/26/2015,1,0,quve,1125,8.7,1,54.32,,,alive,Kent Harlow,Kent Harlow,,,825.5,822.7999878,0,137,2,,1.45,4,4,,
112336,1,2015.01,3/26/2015,1,0,qual,1125,17,13.82,17.25,,,alive,Kent Harlow,Kent Harlow,,,515,516,0,330,2,,1.3,4,4,,
112340,1,2015.01,3/26/2015,1,0,ceca,1125,19.05,18.52,25.91,D,Dead,dead,Kent Harlow,Kent Harlow,,,57.5,59.09999847,1,661,2,,1.3,4,2,,
112342,1,2015.01,3/26/2015,1,0,nysy,1125,14.21,16.67,3.94,,,alive,Kent Harlow,Kent Harlow,,,198,196.6999969,0,332,2,,1.3,4,3,,
112350,1,2015.01,3/26/2015,1,0,cagl,1126,11.66,5.6,30.38,,,alive,Kent Harlow,Kent Harlow,,,600,602,0,333,2,,1.3,4,4,,
112354,1,2015.01,3/26/2015,1,0,qual,1126,14.01,9.81,38.3,,,alive,Kent Harlow,Kent Harlow,,,503,496.7999878,0,610,2,,1.3,4,4,,
112462,1,2015.01,3/26/2015,1,0,litu,1128,13.96,18.84,70.43,,,alive,Kent Harlow,Kent Harlow,,,554.5,551.7000122,0,334,2,,1.3,4,4,,
112466,1,2015.01,3/26/2015,1,0,cato,1129,17.5,7.1,14.05,,,alive,Kent Harlow,Kent Harlow,,,237,234.6000061,0,517,2,,1.3,4,3,,
112467,1,2015.01,3/26/2015,1,0,litu,1129,19.56,12.46,73.92,Q,,alive,Kent Harlow,Kent Harlow,,,478,479,0,335,2,,1.3,4,4,,
112480,1,2015.01,3/26/2015,1,0,litu,1131,14.44,10.92,48.96,,,alive,Kent Harlow,Kent Harlow,,,614,611.2999878,0,336,2,,1.3,4,4,,
112481,1,2015.01,3/26/2015,1,0,litu,1131,14.9,14.4,52.38,,,alive,Kent Harlow,Kent Harlow,,,459,460.1000061,0,337,2,,1.3,4,4,,
112482,1,2015.01,3/26/2015,1,0,litu,1131,17.76,15.92,48.36,,,alive,Kent Harlow,Kent Harlow,,,266,263.2000122,0,338,2,,1.3,4,3,,
112485,1,2015.01,3/26/2015,1,0,quve,1132,19.56,6.15,41.91,,,alive,Kent Harlow,Kent Harlow,,,667,665.5999756,0,339,2,,1.3,3,4,,
112698,1,2015.01,3/26/2015,1,0,ulru,1128,17.86,18.22,15.25,,,alive,Kent Harlow,Kent Harlow,,,110,106.5,0,340,2,,1.3,4,2,,
120278,1,2015.01,3/17/2015,1,0,litu,1201,5,8.6,153.4,,Needs new band,alive,Kent Harlow,Kent Harlow,,,837,830,0,138,2,,1.25,4,5,,
120755,1,2015.01,3/17/2015,1,0,litu,1204,6.8,10,98.95,,,alive,Kent Harlow,Kent Harlow,,,665,639,0,341,2,,1.42,4,4,,
120777,1,2015.01,3/17/2015,1,0,litu,1205,3.8,0.2,70.74,,,alive,Kent Harlow,Kent Harlow,,,529,527,0,342,2,,1.3,3,4,,
120781,1,2015.01,3/17/2015,1,0,litu,1205,3,2.2,48.84,,,alive,Kent Harlow,Kent Harlow,,,609,605.9000244,0,343,2,,1.28,4,4,,
120790,1,2015.01,3/17/2015,1,0,litu,1205,7.3,6.2,72.48,,,alive,Kent Harlow,Kent Harlow,,,454,452.5,0,344,2,,1.38,4,4,,
121195,1,2015.01,3/17/2015,1,0,quru,1211,12.4,0.4,136.45,,,alive,Kent Harlow,Kent Harlow,,,924,914.7000122,0,139,2,,1.22,4,4,,
121212,1,2015.01,3/17/2015,1,0,litu,1207,12.7,12.5,13.33,,,alive,Kent Harlow,Kent Harlow,,,856,851.0999756,1,639,2,,1.4,4,4,,
121221,1,2015.01,3/17/2015,1,0,litu,1207,1.7,19.3,83.57,,,alive,Kent Harlow,Kent Harlow,,,119,117.1999969,0,345,2,,1.3,4,3,,
121274,1,2015.01,3/17/2015,1,0,cato,1209,2.1,12.9,NA,D,Dead,dead,Kent Harlow,Kent Harlow,,,NA,0,0,346,2,,1.3,1,4,,
121275,1,2015.01,3/17/2015,1,0,qupr,1209,1.7,16.9,16.75,L,,alive,Kent Harlow,Kent Harlow,,,260,256,0,518,2,,1.15,4,3,,
121291,1,2015.01,3/17/2015,1,0,qupr,1210,2.8,9.4,39.93,,,alive,Kent Harlow,Kent Harlow,,,441,439.2000122,0,611,2,,1.4,4,4,,
121298,1,2015.01,3/17/2015,1,0,nysy,1211,2.6,1,NA,D,Dead,dead,Kent Harlow,Kent Harlow,,,NA,0,0,348,2,,1.3,2,3,,
121301,1,2015.01,3/17/2015,1,0,caovl,1211,1.2,2.5,92.43,G,,alive,Kent Harlow,Kent Harlow,,,242,241.3000031,0,349,2,,1.35,4,3,,
121305,1,2015.01,3/17/2015,1,0,quru,1211,1.1,11.2,55.01,,,alive,Kent Harlow,Kent Harlow,,,751,753.7999878,0,350,2,,1.4,4,4,,
121358,1,2015.01,3/26/2015,1,0,fram,1216,10.9,12,93.42,,,alive,Kent Harlow,Kent Harlow,,,1052,1037.400024,0,141,2,,1.42,3,5,,
121367,1,2015.01,3/26/2015,1,0,nysy,1216,4.6,10.8,33.08,,,alive,Kent Harlow,Kent Harlow,,,258,255.6000061,0,519,2,,1.31,4,3,,
121374,1,2015.01,3/26/2015,1,0,juni,1216,0.7,18.5,68.5,,used tape to measure window,alive,Kent Harlow,Kent Harlow,,,309.5,310.3999939,0,495,2,,1.4,4,4,,
122005,1,2015.01,3/26/2015,1,0,fram,1217,10.3,9.11,85,,used tape to measure window,alive,Kent Harlow,Kent Harlow,,,591,598.2000122,0,351,2,,1.25,3,4,,
122006,1,2015.01,3/26/2015,1,0,acru,1217,9.86,8.28,31.7,,,alive,Kent Harlow,Kent Harlow,,,399,395.8999939,0,352,2,,1.3,4,4,,
122009,1,2015.01,3/26/2015,1,0,acru,1217,1.2,4.14,50.5,,used tape to measure window,alive,Kent Harlow,Kent Harlow,,,277.5,277,0,353,2,,1.25,3,3,,
122120,1,2015.01,3/26/2015,1,0,qual,1220,2.6,0.62,42.61,,,alive,Kent Harlow,Kent Harlow,,,310,305.7999878,0,354,2,,1.3,4,4,,
122121,1,2015.01,3/26/2015,1,0,pist,1220,1.56,2.33,43.72,,,alive,Kent Harlow,Kent Harlow,,,275,271.5,0,355,2,,1.3,4,3,,
122130,1,2015.01,3/26/2015,1,0,qual,1219,10.65,17.27,NA,D,Dead,dead,Kent Harlow,Kent Harlow,,,NA,0,0,356,2,,1.3,4,4,,
122136,1,2015.01,3/26/2015,1,0,quru,1220,5.52,7.64,72.4,,,alive,Kent Harlow,Kent Harlow,,,595.5,587.7000122,0,357,2,,1.3,4,4,,
122184,1,2015.01,3/26/2015,1,0,pist,1222,2.87,13.88,52.39,,,alive,Kent Harlow,Kent Harlow,,,224,217.8000031,0,358,2,,1.3,4,3,,
122185,1,2015.01,3/26/2015,1,0,pist,1222,5.6,14.9,15.39,,,alive,Kent Harlow,Kent Harlow,,,154.5,149.3000031,0,612,2,,1.35,4,3,,
122189,1,2015.01,3/26/2015,1,0,qual,1222,5.5,19.48,59.3,,,alive,Kent Harlow,Kent Harlow,,,668.5,665.0999756,0,359,2,,1.3,4,4,,
122248,1,2015.01,3/26/2015,1,0,qual,1222,10.5,13.1,19,,,alive,Kent Harlow,Kent Harlow,,,565,559,0,521,2,,1.25,3,4,,
122303,1,2015.01,3/26/2015,1,0,qual,1223,1.94,8.46,39.69,,,alive,Kent Harlow,Kent Harlow,,,624.5,624.2999878,0,360,2,,1.3,4,4,,
122343,1,2015.01,3/26/2015,1,0,qual,1225,10.7,14.42,62.21,,,alive,Kent Harlow,Kent Harlow,,,623,623.9000244,0,361,2,,1.3,4,4,,
122347,1,2015.01,3/26/2015,1,0,ulru,1225,1.27,18.84,25.15,D,Dead,dead,Kent Harlow,Kent Harlow,,,123,128.8999939,0,362,2,,1.35,4,1,,
122427,1,2015.01,3/28/2015,1,0,qual,1227,17,15.64,106.23,,,alive,Kent Harlow,Kent Harlow,,,841,832.7000122,0,142,2,,1.23,4,4,,
122439,1,2015.01,3/26/2015,1,0,cagl,1228,12.6,13,24.5,,,alive,Kent Harlow,Kent Harlow,,,180,179,0,522,2,,1.3,4,3,,
122450,1,2015.01,3/26/2015,1,0,ulru,1225,2.6,18.7,36.93,,,alive,Kent Harlow,Kent Harlow,,,249.5,246,0,542,2,,1.3,4,4,,
122452,1,2015.01,3/26/2015,1,0,fram,1226,5.65,2.36,51.89,,,alive,Kent Harlow,Kent Harlow,,,516,516.7000122,0,363,2,,1.3,4,4,,
122455,1,2015.01,3/26/2015,1,0,qual,1226,12,4.23,68.24,,,alive,Kent Harlow,Kent Harlow,,,638,639.7000122,0,364,2,,1.3,4,4,,
122458,1,2015.01,3/26/2015,1,0,cagl,1226,4.58,4.87,81.89,,,alive,Kent Harlow,Kent Harlow,,,231.5,227,0,536,2,,1.2,4,4,,
122482,1,2015.01,3/26/2015,1,0,litu,1228,14.54,2.4,37.59,,,alive,Kent Harlow,Kent Harlow,,,562.5,562.4000244,0,613,2,,1.3,4,4,,
122486,1,2015.01,3/26/2015,1,0,litu,1228,2.7,16.96,80.93,,,alive,Kent Harlow,Kent Harlow,,,626,620.2999878,0,367,2,,1.3,4,4,,
122489,1,2015.01,3/26/2015,1,0,cagl,1229,2.76,4.3,43.31,M; main,,alive,Kent Harlow,Kent Harlow,,,275,282.1000061,0,368,2,,1.3,4,2,,
122490,1,2015.01,3/26/2015,1,0,quru,1229,8.86,4.23,7.89,,,alive,Kent Harlow,Kent Harlow,,,467.5,466.7999878,0,614,2,,1.3,3,4,,
122492,1,2015.01,3/26/2015,1,0,litu,1229,2.5,11.5,72.28,,,alive,Kent Harlow,Kent Harlow,,,514,502.7999878,1,647,2,,1.3,4,4,,
122522,1,2015.01,3/26/2015,1,0,litu,1232,3.4,17.4,66.38,,,alive,Kent Harlow,Kent Harlow,,,427,424.6000061,0,523,2,,1.34,4,4,,
122561,1,2015.01,3/26/2015,1,0,litu,1231,0,7.61,89.3,,,alive,Kent Harlow,Kent Harlow,,,669,664.7000122,0,370,2,,1.3,4,4,,
122563,2,2015.01,3/28/2015,1,0,litu,1232,1.6,3.65,NA,S,Band removed in 2013,alive,Kent Harlow,Kent Harlow,,,NA,490.1000061,0,NA,2,,1.3,4,4,,
130348,1,2015.01,3/22/2015,1,0,litu,1302,19.9,1.9,65.75,,,alive,Kent Harlow,Kent Harlow,,,576.5,578.2999878,1,640,2,,1.45,4,5,,
130718,1,2015.01,3/17/2015,1,0,litu,1306,7.3,11.3,98.31,M; main,"Not perfect, band folded/twisted",alive,Kent Harlow,Kent Harlow,,,1009,1012,0,144,2,,1.3,4,4,,
130838,1,2015.01,3/24/2015,1,0,litu,1305,12.2,1,95.62,,,alive,Kent Harlow,Kent Harlow,,,653.5,652.4000244,0,145,2,,1.36,4,4,,
131009,1,2015.01,3/17/2015,1,0,quve,1308,13.9,0.7,100.34,,,alive,Kent Harlow,Kent Harlow,,,759,757.5999756,0,146,2,,1.35,3,4,,
131086,1,2015.01,3/17/2015,1,0,quru,1310,18.1,15.5,108.73,,,alive,Kent Harlow,Kent Harlow,,,601,582,0,147,2,,1.35,4,4,,
131087,1,2015.01,3/17/2015,1,0,quru,1310,17.3,17.8,98.2,,,alive,Kent Harlow,Kent Harlow,,,662,665,0,148,2,,1.21,3,4,,
131092,1,2015.01,3/17/2015,1,0,litu,1311,13.1,2.7,95.12,,,alive,Kent Harlow,Kent Harlow,,,467.5,472.8999939,0,149,2,,1.3,3,4,,
131096,1,2015.01,3/17/2015,1,0,litu,1311,19,4.7,10.31,,,alive,Kent Harlow,Kent Harlow,,,284,280.7999878,0,150,2,,1.22,3,3,,
131188,1,2015.01,3/24/2015,1,0,litu,1313,10,15.3,112.76,,,alive,Kent Harlow,Kent Harlow,,,590,586.2999878,0,151,2,,1.35,4,4,,
131227,1,2015.01,3/24/2015,1,0,litu,1313,17.4,13.7,122.93,,,alive,Kent Harlow,Kent Harlow,,,532.5,525.2999878,0,152,2,,1.42,4,4,,
131232,1,2015.01,3/24/2015,1,0,litu,1313,14.4,19.2,65.26,,,alive,Kent Harlow,Kent Harlow,,,434,430.7000122,0,153,2,,1.32,4,4,,
131233,1,2015.01,3/24/2015,1,0,litu,1313,18.3,19.6,47.51,,,alive,Kent Harlow,Kent Harlow,,,301,301.6000061,0,154,2,,1.31,4,4,,
131238,1,2015.01,3/24/2015,1,0,caco,1314,13.6,7.5,NA,D,"dead, band shrunk, unable to measure",dead,Kent Harlow,Kent Harlow,,,453,460.2000122,0,155,2,,1.51,3,3,,
131239,1,2015.01,3/24/2015,1,0,quru,1314,19.5,5.7,118.79,,,alive,Kent Harlow,Kent Harlow,,,587,587.0999756,0,156,2,,1.47,4,4,,
131272,1,2015.01,3/28/2015,1,0,fram,1315,18.5,2.2,65.8,,entire tree and dendroband moves with wind,alive,Kent Harlow,Kent Harlow,,,913,927.7999878,0,157,2,,1.47,4,4,,
131352,1,2015.01,3/28/2015,1,0,fram,1316,5.5,3.3,98.31,,,alive,Kent Harlow,Kent Harlow,,,1004,992.5,0,158,2,,1.35,4,4,,
131364,1,2015.01,3/28/2015,1,0,acru,1316,12,12.9,74.03,,,alive,Kent Harlow,Kent Harlow,,,423,421.1000061,0,159,2,,1.42,4,4,,
132028,1,2015.01,3/28/2015,1,0,fram,1317,16.96,6.66,36.2,,,alive,Kent Harlow,Kent Harlow,,,596.5,595.7000122,0,160,2,,1.4,3,4,,
132077,1,2015.01,3/28/2015,1,0,qual,1319,9.9,15.87,118.58,,,alive,Kent Harlow,Kent Harlow,,,590,592.4000244,0,161,2,,1.45,4,4,,
132171,1,2015.01,3/28/2015,1,0,litu,1320,13.71,6.66,123.9,,,alive,Kent Harlow,Kent Harlow,,,526.5,522.2999878,0,162,2,,1.39,4,4,,
132302,1,2015.01,3/28/2015,1,0,quru,1321,13.02,14.4,57.54,I,,alive,Kent Harlow,Kent Harlow,,,903,907.9000244,0,537,2,,1.31,4,4,,
132311,1,2015.01,3/28/2015,1,0,qual,1322,12.89,14.21,78.81,,,alive,Kent Harlow,Kent Harlow,,,540,536.5,0,164,2,,1.47,4,4,,
132321,1,2015.01,3/28/2015,1,0,quru,1323,17.6,1,52.64,,,alive,Kent Harlow,Kent Harlow,,,628.5,628.9000244,0,165,2,,1.38,4,4,,
132371,1,2015.01,3/28/2015,1,0,quru,1325,19.9,12.9,43.28,,,alive,Kent Harlow,Kent Harlow,,,704,709,0,615,2,,1.33,3,4,,
132508,1,2015.01,3/28/2015,1,0,quve,1328,18.6,13.9,46.5,,,alive,Kent Harlow,Kent Harlow,,,423,422.5,0,167,2,,1.3,1,3,,
132512,1,2015.01,3/28/2015,1,0,juni,1328,11.2,18.4,31.5,,,alive,Kent Harlow,Kent Harlow,,,533.5,535.0999756,0,168,2,,1.32,2,4,,
132524,1,2015.01,3/28/2015,1,0,litu,1329,18.4,0.4,40.28,,,alive,Kent Harlow,Kent Harlow,,,238,233.8999939,0,169,2,,1.24,1,2,,
132525,1,2015.01,3/28/2015,1,0,fram,1329,20,1.2,12.18,,,alive,Kent Harlow,Kent Harlow,,,520,518.5,0,170,2,,1.25,3,4,,
132529,1,2015.01,3/28/2015,1,0,litu,1329,16.6,13.2,152.4,,Needs new band,alive,Kent Harlow,Kent Harlow,,,878,872.5,0,171,2,,1.29,4,4,,
132539,1,2015.01,3/28/2015,1,0,litu,1331,15,15.9,73.43,,,alive,Kent Harlow,Kent Harlow,,,610,604.5,0,172,2,,1.37,4,4,,
132542,1,2015.01,3/28/2015,1,0,quve,1332,15.4,2.9,75.63,,,alive,Kent Harlow,Kent Harlow,,,719,718,0,173,2,,1.37,3,3,,
132545,1,2015.01,3/28/2015,1,0,litu,1332,9.5,11.2,68.27,,,alive,Kent Harlow,Kent Harlow,,,448,446,0,174,2,,1.29,4,4,,
140270,1,2015.01,3/24/2015,1,0,ulru,1401,0.3,18.3,NA,B;L;D,Dead,dead,Kent Harlow,Kent Harlow,,,NA,0,0,175,2,,1.3,4,2,,
140467,1,2015.01,3/24/2015,1,0,quve,1404,2.1,18.5,67.91,,,alive,Kent Harlow,Kent Harlow,,,1525,1520,0,176,2,,1.3,3,5,,
140609,1,2015.01,3/24/2015,1,0,litu,1403,4.3,3.6,126.28,I,,alive,Kent Harlow,Kent Harlow,,,1087.5,1081.900024,0,177,2,,1.2,4,4,,
140646,1,2015.01,3/24/2015,1,0,litu,1405,1,8.3,118.64,,,alive,Kent Harlow,Kent Harlow,,,719,716.7999878,0,178,2,,1.32,4,4,,
140736,1,2015.01,3/17/2015,1,0,quve,1407,2.4,13.6,95.25,,,alive,Kent Harlow,Kent Harlow,,,647,652.5,0,179,2,,1.49,4,4,,
140751,1,2015.01,3/17/2015,1,0,quru,1408,9.9,1.5,94.06,,,alive,Kent Harlow,Kent Harlow,,,679,677.0999756,0,180,2,,1.4,3,4,,
140756,1,2015.01,3/17/2015,1,0,quve,1408,1.3,6.2,36.45,,,alive,Kent Harlow,Kent Harlow,,,700,707.2000122,0,181,2,,1.47,3,4,,
140813,1,2015.01,3/17/2015,1,0,litu,1410,8.3,11.2,12.72,,,alive,Kent Harlow,Kent Harlow,,,706,700.5999756,1,641,2,,1.28,4,4,,
140818,1,2015.01,3/17/2015,1,0,litu,1410,2.3,19.2,112.2,,,alive,Kent Harlow,Kent Harlow,,,526,521.9000244,0,183,2,,1.28,3,4,,
140819,1,2015.01,3/17/2015,1,0,litu,1411,1.6,1.5,8.61,,,alive,Kent Harlow,Kent Harlow,,,205,203.3999939,0,184,2,,1.25,2,3,,
140820,1,2015.01,3/17/2015,1,0,litu,1411,2.5,1.5,9.69,,,alive,Kent Harlow,Kent Harlow,,,186,184.6000061,0,185,2,,1.3,2,3,,
140821,1,2015.01,3/17/2015,1,0,litu,1411,4.6,0.4,89.51,,,alive,Kent Harlow,Kent Harlow,,,538.5,531.4000244,0,186,2,,1.14,4,4,,
140825,1,2015.01,3/17/2015,1,0,litu,1411,8,5.9,90.54,,,alive,Kent Harlow,Kent Harlow,,,512,507.1000061,0,187,2,,1.23,4,4,,
140829,1,2015.01,3/17/2015,1,0,litu,1411,0.6,4.9,90.37,,,alive,Kent Harlow,Kent Harlow,,,623,628.5,0,188,2,,1.35,4,4,,
140833,1,2015.01,3/17/2015,1,0,litu,1411,5.6,9.5,65.29,,,alive,Kent Harlow,Kent Harlow,,,565,561.2999878,0,189,2,,1.31,3,4,,
140872,1,2015.01,3/24/2015,1,0,litu,1413,6.1,14.9,120.7,,,alive,Kent Harlow,Kent Harlow,,,600,599.7999878,0,190,2,,1.44,4,4,,
141146,1,2015.01,3/28/2015,1,0,caco,1416,2.5,18.5,27.1,,,alive,Kent Harlow,Kent Harlow,,,355.5,354.7999878,0,191,2,,1.41,4,4,,
142113,1,2015.01,3/28/2015,1,0,cagl,1417,3,5,22.75,,,alive,Kent Harlow,Kent Harlow,,,476.5,477.2000122,0,192,2,,1.39,4,4,,
142206,1,2015.01,3/28/2015,1,0,fram,1419,18.5,16.5,75.33,,,alive,Kent Harlow,Kent Harlow,,,853.5,854.7000122,0,193,2,,1.38,4,4,,
142380,1,2015.01,3/28/2015,1,0,qual,1425,6.8,13.1,94.45,,,alive,Kent Harlow,Kent Harlow,,,577.5,574.9000244,0,194,2,,1.33,4,5,,
142521,1,2015.01,3/28/2015,1,0,pist,1422,6.4,11.1,104.26,,,alive,Kent Harlow,Kent Harlow,,,452,452,0,195,2,,1.42,4,4,,
142527,1,2015.01,3/28/2015,1,0,cagl,1422,1.9,18.4,19.28,,,alive,Kent Harlow,Kent Harlow,,,163,159.8000031,0,196,2,,1.35,4,2,,
142568,1,2015.01,3/28/2015,1,0,quve,1425,0.9,18.8,43.57,,,alive,Kent Harlow,Kent Harlow,,,449.5,450.5,0,197,2,,1.33,4,4,,
142575,1,2015.01,3/28/2015,1,0,quve,1426,1.8,6.4,75.26,,,alive,Kent Harlow,Kent Harlow,,,485,499.5,0,198,2,,1.26,4,5,,
142656,1,2015.01,3/28/2015,1,0,litu,1431,12.4,12.8,42.66,,,alive,Kent Harlow,Kent Harlow,,,425,424.6000061,0,199,2,,1.4,4,4,,
142708,1,2015.01,3/28/2015,1,0,juni,1429,4.3,6.2,11.27,,,alive,Kent Harlow,Kent Harlow,,,424.5,423.1000061,0,200,2,,1.12,1,4,,
142727,1,2015.01,3/28/2015,1,0,litu,1431,1.7,8.2,108.81,,,alive,Kent Harlow,Kent Harlow,,,934,932.5,0,201,2,,1.4,4,5,,
142729,1,2015.01,3/28/2015,1,0,litu,1431,4.7,14.7,33.02,,,alive,Kent Harlow,Kent Harlow,,,477.5,474,0,202,2,,1.28,4,4,,
142730,1,2015.01,3/28/2015,1,0,litu,1431,9.9,14.7,114.28,,,alive,Kent Harlow,Kent Harlow,,,678,670,0,203,2,,1.24,4,4,,
142731,1,2015.01,3/28/2015,1,0,litu,1432,8.2,2.3,37.7,,,alive,Kent Harlow,Kent Harlow,,,531,528.2000122,0,204,2,,1.35,4,3,,
142732,1,2015.01,3/28/2015,1,0,cagl,1432,1.6,1.2,20.84,,,alive,Kent Harlow,Kent Harlow,,,216,217.5,0,205,2,,1.3,4,2,,
142733,1,2015.01,3/28/2015,1,0,litu,1432,0.5,5.4,99.52,,,alive,Kent Harlow,Kent Harlow,,,611,608.5,0,206,2,,1.34,4,4,,
142735,1,2015.01,3/28/2015,1,0,qual,1432,5.4,9.6,36.79,,,alive,Kent Harlow,Kent Harlow,,,641.5,639.5999756,0,207,2,,1.3,3,4,,
143707,1,2015.01,3/28/2015,1,0,cagl,1426,0.9,1.6,9.15,,,alive,Kent Harlow,Kent Harlow,,,145,144.5,0,630,2,,1.35,3,3,,
150756,1,2015.01,3/24/2015,1,0,quve,1503,13.6,16.3,23.02,,,alive,Kent Harlow,Kent Harlow,,,940,939.0999756,0,208,2,,1.29,4,4,,
150830,1,2015.01,3/24/2015,1,0,litu,1508,14.6,16.6,NA,,Band removed on 2013,alive,Kent Harlow,Kent Harlow,,,NA,949.7999878,0,NA,2,,1.3,4,4,,
152153,1,2015.01,3/28/2015,1,0,ploc,1520,6.8,0.3,117.52,,no tag,alive,Kent Harlow,Kent Harlow,,,966.5,961.5999756,0,210,2,,1.46,4,5,,
152673,1,2015.01,3/28/2015,1,0,litu,1530,3.6,18.8,123.25,I,,alive,Kent Harlow,Kent Harlow,,,919.5,932.7000122,0,211,2,,1.23,4,4,,
152701,1,2015.01,3/28/2015,1,0,litu,1531,11.3,15.7,128.22,,,alive,Kent Harlow,Kent Harlow,,,920.5,951,0,212,2,,1.41,4,5,,
160713,1,2015.01,3/24/2015,1,0,litu,1603,10.4,13.7,NA,,Band broken (no spring). Need new band,alive,Kent Harlow,Kent Harlow,,,NA,838,0,507,2,,1.5,3,4,,
160742,1,2015.01,3/24/2015,1,0,litu,1605,19.3,6.6,163.43,,Band too long for calipers,alive,Kent Harlow,Kent Harlow,,,862,860,0,213,2,,1.34,4,4,,
160862,1,2015.01,3/24/2015,1,0,ploc,1614,12.4,15.2,115.93,,,alive,Kent Harlow,Kent Harlow,,,838,834,0,214,2,,1.27,4,5,,
160910,1,2015.01,3/22/2015,1,0,litu,1607,8.6,1.1,172.55,,"too long for calipers, need new band.",alive,Kent Harlow,Kent Harlow,,,971,973,0,215,2,,1.31,4,4,,
160985,1,2015.01,3/22/2015,1,0,litu,1612,1.2,17.2,79.9,,,alive,Kent Harlow,Kent Harlow,,,854,845.9000244,0,216,2,,1.26,4,4,,
162293,1,2015.01,3/28/2015,1,0,qual,1623,3,9.4,59.76,,,alive,Kent Harlow,Kent Harlow,,,877.5,865.7000122,0,217,2,,1.34,4,4,,
162439,1,2015.01,3/28/2015,1,0,quru,1627,16.3,0.3,107.6,,,alive,Kent Harlow,Kent Harlow,,,828,832.5,0,218,2,,1.37,4,5,,
162503,1,2015.01,3/28/2015,1,0,quve,1624,1.3,12.3,92.81,,,alive,Kent Harlow,Kent Harlow,,,904,898.4000244,0,219,2,,1.24,4,4,,
162543,1,2015.01,3/28/2015,1,0,qual,1627,7.5,16.6,42.13,,,alive,Kent Harlow,Kent Harlow,,,892.5,890,0,220,2,,1.42,4,4,,
170175,1,2015.01,3/24/2015,1,0,litu,1702,4.7,1.6,98.08,,,alive,Kent Harlow,Kent Harlow,,,910.5,885,0,616,2,,1.3,3,5,,
170992,1,2015.01,3/24/2015,1,0,litu,1704,12.2,15.2,NA,,"No band, band will be install in March",alive,Kent Harlow,Kent Harlow,,,NA,686.7000122,0,373,2,,1.4,3,4,,
170994,1,2015.01,3/24/2015,1,0,litu,1704,18.4,16.1,81.05,,,alive,Kent Harlow,Kent Harlow,,,560.5,555.9000244,0,374,2,,1.3,4,4,,
171000,1,2015.01,3/24/2015,1,0,rops,1705,16.8,0.6,NA,,"No band, band will be install in March",alive,Kent Harlow,Kent Harlow,,,NA,460.2000122,0,375,2,,1.3,2,3,,
171127,1,2015.01,3/24/2015,1,0,litu,1705,9.3,1.8,NA,I,"No band, band will be install in March",alive,Kent Harlow,Kent Harlow,,,NA,737.2000122,0,376,2,,1.3,3,4,,
171247,1,2015.01,3/24/2015,1,0,saal,1707,15.4,15.9,NA,Q;D,"dead, bark off",dead,Kent Harlow,Kent Harlow,,,NA,456.1000061,0,377,2,,1.3,2,3,,
171254,1,2015.01,3/24/2015,1,0,litu,1708,15.3,3.4,96.67,,,alive,Kent Harlow,Kent Harlow,,,746,743.5,0,378,2,,1.3,4,4,,
171257,1,2015.01,3/24/2015,1,0,litu,1708,12.2,4.5,42.92,,,alive,Kent Harlow,Kent Harlow,,,622.5,621,0,379,2,,1.3,4,4,,
171262,1,2015.01,3/24/2015,1,0,litu,1708,15.9,8.2,97.11,,,alive,Kent Harlow,Kent Harlow,,,618,616.9000244,0,380,2,,1.3,3,4,,
171314,1,2015.01,3/22/2015,1,0,quru,1712,10,19.5,101.52,I;L,,alive,Kent Harlow,Kent Harlow,,,855,864,0,222,2,,1.5,4,4,,
171348,1,2015.01,3/24/2015,1,0,ceca,1714,19.4,2.4,58.36,,,alive,Kent Harlow,Kent Harlow,,,159,155.3999939,0,381,2,,1.4,4,2,,
171358,1,2015.01,3/24/2015,1,0,fram,1714,16,14.1,73.13,,,alive,Kent Harlow,Kent Harlow,,,916,920,0,223,2,,1.33,3,5,,
171456,1,2015.01,3/24/2015,1,0,acru,1714,0.8,13.4,29.15,I,,alive,Kent Harlow,Kent Harlow,,,718,715,0,617,2,,1.35,4,4,,
171462,1,2015.01,3/28/2015,1,0,qual,1715,7.9,7.5,102.12,,,alive,Kent Harlow,Kent Harlow,,,827.5,823.4000244,0,382,2,,1.3,4,5,,
171505,1,2015.01,3/28/2015,1,0,litu,1716,14.1,12.4,5.82,,,alive,Kent Harlow,Kent Harlow,,,456.5,452,1,648,2,,1.3,4,4,,
171506,1,2015.01,3/28/2015,1,0,litu,1716,12,12.9,41.18,,,alive,Kent Harlow,Kent Harlow,,,487,482.1000061,0,618,2,,1.3,4,4,,
172154,1,2015.01,3/28/2015,1,0,fram,1723,9.6,1.6,82.64,I,,alive,Kent Harlow,Kent Harlow,,,859,894,0,224,2,,1.45,3,4,,
172201,1,2015.01,3/28/2015,1,0,cagl,1717,19.5,1.2,44.72,G,,alive,Kent Harlow,Kent Harlow,,,65,66.19999695,0,385,2,,1.3,4,1,,
172202,1,2015.01,3/28/2015,1,0,quru,1717,17.1,1.8,16.82,,,alive,Kent Harlow,Kent Harlow,,,554.5,555.0999756,1,649,2,,1.3,4,4,,
172203,1,2015.01,3/28/2015,1,0,qual,1717,15.5,0.3,116.14,,,alive,Kent Harlow,Kent Harlow,,,368.5,368.5,0,387,2,,1.3,4,3,,
172205,1,2015.01,3/28/2015,1,0,qual,1717,16.1,3.5,95.82,,,alive,Kent Harlow,Kent Harlow,,,497,493,0,388,2,,1.3,4,4,,
172248,1,2015.01,3/28/2015,1,0,cato,1719,19.2,19.3,16.68,G,,alive,Kent Harlow,Kent Harlow,,,273,274.2000122,0,389,2,,1.3,4,2,,
172255,1,2015.01,3/28/2015,1,0,qual,1720,9.9,1.3,52.25,,,alive,Kent Harlow,Kent Harlow,,,647.5,645.2000122,0,390,2,,1.3,4,4,,
172260,1,2015.01,3/28/2015,1,0,qupr,1720,19.4,5.1,64,A,,alive,Kent Harlow,Kent Harlow,,,659,660,0,391,2,,1.3,4,5,,
172365,1,2015.01,3/28/2015,1,0,ulru,1722,19.1,17.6,NA,DS,Dead,dead,Kent Harlow,Kent Harlow,,,NA,0,0,392,2,,1.3,1,3,,
172372,1,2015.01,3/28/2015,1,0,ulru,1723,15.4,5.6,NA,DS,Dead,dead,Kent Harlow,Kent Harlow,,,NA,0,0,393,2,,1.3,3,4,,
172382,1,2015.01,3/28/2015,1,0,juni,1723,18.2,14.9,97.45,,,alive,Kent Harlow,Kent Harlow,,,459,459.2000122,1,657,2,,1.3,3,4,,
172416,1,2015.01,3/28/2015,1,0,nysy,1725,19.9,15.6,22.77,,,alive,Kent Harlow,Kent Harlow,,,202,204.5,0,394,2,,1.4,4,2,,
172417,1,2015.01,3/28/2015,1,0,nysy,1725,20,18.4,19.6,,,alive,Kent Harlow,Kent Harlow,,,99,98.80000305,0,395,2,,1.4,4,1,,
172418,1,2015.01,3/28/2015,1,0,nysy,1725,20,19.5,31.09,,,alive,Kent Harlow,Kent Harlow,,,295.5,297,0,396,2,,1.45,4,4,,
172421,1,2015.01,3/28/2015,1,0,cagl,1725,14.7,20,47.32,G,,alive,Kent Harlow,Kent Harlow,,,232,230.8000031,0,397,2,,1.3,4,4,,
172423,1,2015.01,3/28/2015,1,0,litu,1726,18.4,1.6,11.3,,,alive,Kent Harlow,Kent Harlow,,,334,322,0,398,2,,1.25,4,5,,
172470,1,2015.01,3/28/2015,1,0,quru,1728,11.1,12,142.19,,,alive,Kent Harlow,Kent Harlow,,,726,710,0,399,2,,1.25,4,4,,
172472,1,2015.01,3/28/2015,1,0,fram,1728,19.1,19.3,21.31,,,alive,Kent Harlow,Kent Harlow,,,150,150,0,400,2,,1.35,4,3,,
172499,1,2015.01,3/28/2015,1,0,qual,1730,17,3.1,93.8,,,alive,Kent Harlow,Kent Harlow,,,1046,1031.900024,0,225,2,,1.35,4,4,,
172509,1,2015.01,3/28/2015,1,0,quru,1726,7.3,12.2,NA,I;B;D,Dead,dead,Kent Harlow,Kent Harlow,,,NA,0,0,226,2,,1.48,1,5,,
172556,1,2015.01,3/28/2015,1,0,litu,1729,5.1,3.9,87.2,,,alive,Kent Harlow,Kent Harlow,,,828,817.5,0,401,2,,1.2,4,5,,
172587,1,2015.01,3/28/2015,1,0,fram,1731,10.4,15.4,99.37,,,alive,Kent Harlow,Kent Harlow,,,442,435.5,0,402,2,,1.25,4,5,,
172624,1,2015.01,3/28/2015,1,0,litu,1731,17.1,14.5,86.24,,,alive,Kent Harlow,Kent Harlow,,,465,464.5,0,403,2,,1.45,4,5,,
172626,1,2015.01,3/28/2015,1,0,fram,1731,12.5,15.7,23.21,,,alive,Kent Harlow,Kent Harlow,,,493,490,0,619,2,,1.3,4,5,,
180235,1,2015.01,3/24/2015,1,0,litu,1802,11,4.6,82.53,,,alive,Kent Harlow,Kent Harlow,,,999,979.5,0,620,2,,1.32,3,5,,
180654,1,2015.01,3/24/2015,1,0,litu,1805,6,0.3,86.36,,,alive,Kent Harlow,Kent Harlow,,,340,332.2000122,0,404,2,,1.3,4,4,,
180691,1,2015.01,3/24/2015,1,0,litu,1807,6.2,17.3,93.52,,,alive,Kent Harlow,Kent Harlow,,,717,716,0,405,2,,1.35,3,4,,
180728,1,2015.01,3/24/2015,1,0,litu,1804,3.1,12.7,114.6,,,alive,Kent Harlow,Kent Harlow,,,410.5,409,0,406,2,,1.35,4,4,,
180903,1,2015.01,3/24/2015,1,0,litu,1808,4.8,2.3,46.42,,,alive,Kent Harlow,Kent Harlow,,,321,318.2000122,0,407,2,,1.4,4,4,,
180904,1,2015.01,3/24/2015,1,0,litu,1808,2.8,6.5,73.58,,,alive,Kent Harlow,Kent Harlow,,,376,372.2000122,0,525,2,,1.2,4,4,,
180984,1,2015.01,3/22/2015,1,0,litu,1813,4,11.8,128.43,,,alive,Kent Harlow,Kent Harlow,,,938,923.5,0,228,2,,1.21,4,5,,
180988,3,2015.01,3/24/2015,1,0,acru,1813,3.3,19.5,NA,S,Band removed in 2013,alive,Kent Harlow,Kent Harlow,,,NA,162,0,NA,2,,1.3,3,4,,
180991,1,2015.01,3/24/2015,1,0,ploc,1814,1.5,6.7,75.42,,,alive,Kent Harlow,Kent Harlow,,,946.5,936.2000122,0,229,2,,1.3,4,5,,
181030,1,2015.01,3/28/2015,1,0,qual,1816,5.4,10.6,71.13,,,alive,Kent Harlow,Kent Harlow,,,767,765.2000122,0,409,2,,1.3,4,5,,
181033,1,2015.01,3/28/2015,1,0,litu,1816,3.4,18.6,68.93,,,alive,Kent Harlow,Kent Harlow,,,518,515.5,0,410,2,,1.3,4,5,,
182161,1,2015.01,3/28/2015,1,0,fram,1822,16.8,3.2,75.15,I,,alive,Kent Harlow,Kent Harlow,,,1058.5,1072.099976,0,230,2,,1.57,3,4,,
182207,1,2015.01,3/28/2015,1,0,qual,1817,5.6,11.2,86.43,,,alive,Kent Harlow,Kent Harlow,,,543,539,0,411,2,,1.3,4,4,,
182208,1,2015.01,3/28/2015,1,0,quru,1817,4,10.1,10.16,,,alive,Kent Harlow,Kent Harlow,,,515,513,1,650,2,,1.3,4,3,,
182248,1,2015.01,3/28/2015,1,0,nysy,1820,0.2,1.2,29.16,,,alive,Kent Harlow,Kent Harlow,,,94,89.19999695,0,413,2,,1.3,4,3,,
182376,1,2015.01,3/28/2015,1,0,ploc,1823,2.9,12.6,110.14,L,no tag,alive,Kent Harlow,Kent Harlow,,,615,608.5,1,651,2,,1.3,4,4,,
182451,1,2015.01,3/28/2015,1,0,fram,1829,1.3,1.4,68.75,,,alive,Kent Harlow,Kent Harlow,,,360.5,355.6000061,0,415,2,,1.3,3,4,,
182491,1,2015.01,3/28/2015,1,0,litu,1831,7.6,7.9,100.12,,,alive,Kent Harlow,Kent Harlow,,,414,410,0,416,2,,1.35,4,4,,
182498,1,2015.01,3/28/2015,1,0,fram,1831,0.9,18.3,17.5,,,alive,Kent Harlow,Kent Harlow,,,149,145.6999969,0,417,2,,1.3,3,3,,
182570,1,2015.01,3/28/2015,1,0,juni,1822,2.7,13.5,42.23,,,alive,Kent Harlow,Kent Harlow,,,530,530,0,509,2,,1.3,4,4,,
182681,1,2015.01,3/28/2015,1,0,litu,1829,13,1,93.79,,,alive,Kent Harlow,Kent Harlow,,,591,590.0999756,0,418,2,,1.4,4,4,,
182693,1,2015.01,3/28/2015,1,0,litu,1830,15.3,13.2,24.53,,,alive,Kent Harlow,Kent Harlow,,,843,821.0999756,1,652,2,,1.15,4,4,,
190065,1,2015.01,3/24/2015,1,0,litu,1902,18.8,0.4,98.12,,,alive,Kent Harlow,Kent Harlow,,,540,539,0,420,2,,1.3,4,4,,
190067,1,2015.01,3/24/2015,1,0,litu,1902,19,2.2,71.45,,,alive,Kent Harlow,Kent Harlow,,,718,726.0999756,0,421,2,,1.3,4,4,,
190071,1,2015.01,3/24/2015,1,0,litu,1902,20,4.3,43.27,,,alive,Kent Harlow,Kent Harlow,,,213,211.6000061,0,422,2,,1.3,4,4,,
190115,1,2015.01,3/24/2015,1,0,litu,1902,4.8,18.6,NA,,"No band, band will be install in March",alive,Kent Harlow,Kent Harlow,,,NA,923.5,0,231,2,,1.25,3,4,,
190413,1,2015.01,3/24/2015,1,0,litu,1904,14.7,4.6,NA,,"No band, band will be install in March",alive,Kent Harlow,Kent Harlow,,,NA,1001.599976,0,232,2,,1.2,4,4,,
190426,1,2015.01,3/24/2015,1,0,litu,1904,11,14.2,105.64,,,alive,Kent Harlow,Kent Harlow,,,1017,1016.200012,0,621,2,,1.4,4,5,,
190429,1,2015.01,3/24/2015,1,0,litu,1904,12.5,19.1,80.4,,,alive,Kent Harlow,Kent Harlow,,,726,724.9000244,0,423,2,,1.3,4,5,,
190568,1,2015.01,3/22/2015,1,0,juni,1912,2.6,18.8,48.9,,,alive,Kent Harlow,Kent Harlow,,,895,903,0,622,2,,1.3,2,4,,
190655,1,2015.01,3/24/2015,1,0,litu,1907,12.9,16.1,13.52,,,alive,Kent Harlow,Kent Harlow,,,549,545.5999756,0,424,2,,1.15,4,4,,
190658,1,2015.01,3/24/2015,1,0,litu,1907,10.6,16.7,14.53,,,alive,Kent Harlow,Kent Harlow,,,473,473.2000122,0,623,2,,1.5,4,3,,
190670,1,2015.01,3/24/2015,1,0,litu,1908,8,3.2,33.3,,,alive,Kent Harlow,Kent Harlow,,,547,548.9000244,0,426,2,,1.45,4,4,,
190694,1,2015.01,3/24/2015,1,0,quru,1909,18.2,14.7,53.25,,,alive,Kent Harlow,Kent Harlow,,,1250,1265.5,0,235,2,,1.42,3,4,,
190793,1,2015.01,3/24/2015,1,0,litu,1914,12.2,1.3,70.81,,,alive,Kent Harlow,Kent Harlow,,,606.5,601,0,427,2,,1.3,4,4,,
190794,1,2015.01,3/24/2015,1,0,quru,1914,10.6,1.4,58.02,,,alive,Kent Harlow,Kent Harlow,,,647,639.7999878,0,428,2,,1.3,4,4,,
190798,1,2015.01,3/24/2015,1,0,cagl,1914,12.5,8.4,23,,,alive,Kent Harlow,Kent Harlow,,,274,269.2999878,0,526,2,,1.32,4,4,,
190834,1,2015.01,3/28/2015,1,0,quve,1916,19.1,14,NA,D,Dead,dead,Kent Harlow,Kent Harlow,,,NA,0,0,429,2,,1.3,1,3,,
190835,1,2015.01,3/29/2015,1,0,litu,1916,20.5,15.4,117.17,,,alive,Kent Harlow,Kent Harlow,,,412.5,409.2999878,0,430,2,,1.3,4,4,,
190838,1,2015.01,3/29/2015,1,0,quru,1916,19.1,19.7,104.24,,,alive,Kent Harlow,Kent Harlow,,,561,553.5,0,431,2,,1.3,4,4,,
190840,1,2015.01,3/29/2015,1,0,litu,1916,15,17.2,35.89,,,alive,Kent Harlow,Kent Harlow,,,172,164.8999939,0,527,2,,1.3,4,3,,
190935,1,2015.01,3/29/2015,1,0,quru,1916,9.4,17.1,59.16,,,alive,Kent Harlow,Kent Harlow,,,234.5,228.1999969,0,528,2,,1.32,4,3,,
192008,1,2015.01,3/29/2015,1,0,qual,1917,12,2,65.21,L,,alive,Kent Harlow,Kent Harlow,,,651,655.7999878,0,432,2,,1.3,4,4,,
192055,1,2015.01,3/28/2015,1,0,qual,1919,14.8,10.1,78.73,,,alive,Kent Harlow,Kent Harlow,,,598,595,0,433,2,,1.3,4,4,,
192062,1,2015.01,3/28/2015,1,0,qupr,1920,14.4,10.1,31.43,,,alive,Kent Harlow,Kent Harlow,,,513,512.2000122,0,434,2,,1.3,4,4,,
192064,1,2015.01,3/28/2015,1,0,qupr,1920,18,11.7,61.42,,,alive,Kent Harlow,Kent Harlow,,,513,504.2999878,0,435,2,,1.3,4,4,,
192110,1,2015.01,3/28/2015,1,0,cato,1922,18.4,16.7,27.49,,,alive,Kent Harlow,Kent Harlow,,,429,433.1000061,0,436,2,,1.3,4,4,,
192133,1,2015.01,3/28/2015,1,0,caovl,1923,11.7,2.3,110.5,G,,alive,Kent Harlow,Kent Harlow,,,553,552,0,437,2,,1.3,4,4,,
192244,1,2015.01,3/28/2015,1,0,qual,1919,18.1,16.8,126.92,,,alive,Kent Harlow,Kent Harlow,,,451.5,443.5,0,438,2,,1.3,4,4,,
192437,1,2015.01,3/28/2015,1,0,litu,1925,17,11.5,13.73,,new band installed in Nov 2014,alive,Kent Harlow,Kent Harlow,,,439.5,436.8999939,1,653,2,,1.3,4,4,,
192466,1,2015.01,3/28/2015,1,0,quru,1926,13.3,1.7,143.97,,,alive,Kent Harlow,Kent Harlow,,,809,809,0,440,2,,1.4,4,4,,
192484,1,2015.01,3/28/2015,1,0,quru,1926,17.4,11.2,NA,,no band. Need new band,alive,Kent Harlow,Kent Harlow,,,NA,422.5,0,441,2,,1.4,4,4,,
192527,1,2015.01,3/28/2015,1,0,litu,1928,11.9,5,40.34,,,alive,Kent Harlow,Kent Harlow,,,507.5,503.8999939,0,529,2,,1.25,4,4,,
192528,1,2015.01,3/28/2015,1,0,litu,1928,12.4,9.7,99.44,,,alive,Kent Harlow,Kent Harlow,,,571,569.5,0,442,2,,1.3,4,4,,
192532,1,2015.01,3/28/2015,1,0,fagr,1928,19.2,18.1,68.42,,,alive,Kent Harlow,Kent Harlow,,,182.5,175.8999939,0,443,2,,1.3,4,2,,
192533,1,2015.01,3/28/2015,1,0,litu,1928,18.4,17.2,115.27,,,alive,Kent Harlow,Kent Harlow,,,404,403.2000122,0,444,2,,1.3,4,4,,
192534,1,2015.01,3/28/2015,1,0,litu,1928,13.3,17.4,70.84,,,alive,Kent Harlow,Kent Harlow,,,560,554.9000244,0,445,2,,1.3,4,5,,
192542,1,2015.01,3/28/2015,1,0,litu,1929,18.9,3.8,53.19,,,alive,Kent Harlow,Kent Harlow,,,320,316.2000122,0,446,2,,1.3,4,4,,
192543,1,2015.01,3/28/2015,1,0,litu,1929,14.9,4.4,128.85,,,alive,Kent Harlow,Kent Harlow,,,451,445.5,0,447,2,,1.3,4,4,,
192544,1,2015.01,3/28/2015,1,0,litu,1929,14.4,1.8,58.27,,,alive,Kent Harlow,Kent Harlow,,,345,341.7999878,0,448,2,,1.3,4,4,,
192546,1,2015.01,3/28/2015,1,0,litu,1929,17.4,7.3,50.04,,,alive,Kent Harlow,Kent Harlow,,,536,533.5,0,449,2,,1.3,4,5,,
192548,1,2015.01,3/28/2015,1,0,litu,1929,15.3,11.3,59.76,,,alive,Kent Harlow,Kent Harlow,,,471,467,0,450,2,,1.3,4,4,,
192560,1,2015.01,3/28/2015,1,0,qual,1930,12.9,19.5,61.58,,,alive,Kent Harlow,Kent Harlow,,,943.5,933.0999756,0,236,2,,1.25,4,4,,
192570,1,2015.01,3/28/2015,1,0,fram,1931,16.4,16.3,81.53,,,alive,Kent Harlow,Kent Harlow,,,471.5,468.2000122,0,451,2,,1.3,4,4,,
192619,1,2015.01,3/28/2015,1,0,quru,1926,12.6,8.5,76.77,,,alive,Kent Harlow,Kent Harlow,,,779,787,0,452,2,,1.4,4,4,,
192674,1,2015.01,3/28/2015,1,0,litu,1929,9.5,2.8,89.67,,,alive,Kent Harlow,Kent Harlow,,,470,467,0,453,2,,1.3,4,4,,
200038,1,2015.01,3/24/2015,1,0,litu,2001,3.6,9.6,65.59,M; main,"difficult to measure, where two stems branch from main trunk, bands are 'pinched' between",alive,Kent Harlow,Kent Harlow,,,960,941.2000122,0,631,2,,1.3,3,4,,
200038,2,2015.01,3/24/2015,1,0,litu,2001,3.6,9.6,42.83,S,"difficult to measure, where two stems branch from main trunk, bands are 'pinched' between",alive,Kent Harlow,Kent Harlow,,,855,843.7999878,0,629,2,,1.3,3,4,,
200142,1,2015.01,3/24/2015,1,0,litu,2002,1.3,3.5,72.55,,,alive,Kent Harlow,Kent Harlow,,,605,604,0,454,2,,1.3,4,4,,
200151,1,2015.01,3/24/2015,1,0,litu,2002,6.9,4,91.75,,,alive,Kent Harlow,Kent Harlow,,,674,669.2999878,0,455,2,,1.4,4,4,,
200547,1,2015.01,3/24/2015,1,0,litu,2005,2.6,1.1,84.07,,,alive,Kent Harlow,Kent Harlow,,,654,654,0,456,2,,1.3,4,4,,
200551,1,2015.01,3/24/2015,1,0,litu,2005,1,5.3,63.55,,,alive,Kent Harlow,Kent Harlow,,,577.5,576,0,457,2,,1.4,4,4,,
200553,1,2015.01,3/24/2015,1,0,litu,2005,1.2,8.1,63.39,,,alive,Kent Harlow,Kent Harlow,,,560,558.0999756,0,458,2,,1.35,4,4,,
200577,1,2015.01,3/24/2015,1,0,juni,2007,8.8,9.6,11.25,,,alive,Kent Harlow,Kent Harlow,,,533,535.2000122,0,459,2,,1.3,4,4,,
200586,1,2015.01,3/24/2015,1,0,juni,2007,2,13.9,100.33,,,alive,Kent Harlow,Kent Harlow,,,434,437.2000122,0,460,2,,1.3,4,4,,
200613,1,2015.01,3/24/2015,1,0,litu,2004,10.1,16.2,NA,I,band broken. Need new band,alive,Kent Harlow,Kent Harlow,,,NA,851.5999756,0,239,2,,1.15,3,4,,
200676,1,2015.01,3/24/2015,1,0,litu,2008,12.2,5.9,93.77,,,alive,Kent Harlow,Kent Harlow,,,877,869.0999756,0,625,2,,1.28,3,4,,
200812,1,2015.01,3/24/2015,1,0,juni,2008,8,1.2,28.92,M; main,,alive,Kent Harlow,Kent Harlow,,,550.5,548,0,461,2,,1.3,4,4,,
200818,1,2015.01,3/24/2015,1,0,litu,2008,4.4,3.9,32.44,,,alive,Kent Harlow,Kent Harlow,,,346,344.5,0,462,2,,1.3,4,4,,
200822,1,2015.01,3/24/2015,1,0,litu,2008,8.7,10.3,NA,,"No band, band will be install in March",alive,Kent Harlow,Kent Harlow,,,NA,820,0,463,2,,1.3,4,5,,
201207,1,2015.01,3/22/2015,1,0,litu,2012,10,17.3,0.96,I,,alive,Kent Harlow,Kent Harlow,,,1315,1310.5,1,658,2,,1.35,3,5,,
201208,1,2015.01,3/24/2015,1,0,fram,2011,19.2,10,NA,B;L;D,Dead,dead,Kent Harlow,Kent Harlow,,,NA,0,0,242,2,,1.4,1,4,,
201248,1,2015.01,3/22/2015,1,0,fram,2013,7.8,4.6,15.01,,,alive,Kent Harlow,Kent Harlow,,,950,947.2999878,0,243,2,,1.05,1,4,,
201252,1,2015.01,3/24/2015,1,0,caco,2013,0.3,13.7,NA,G;D,Dead,dead,Kent Harlow,Kent Harlow,,,NA,0,0,539,2,,1.3,3,3,,
201261,1,2015.01,3/22/2015,1,0,juni,2013,0.3,17.3,117.62,I;Q,,alive,Kent Harlow,Kent Harlow,,,470,480,0,540,2,,1.35,4,4,,
201263,1,2015.01,3/24/2015,1,0,ulru,2013,4.6,19.1,NA,DS;B,Dead,dead,Kent Harlow,Kent Harlow,,,NA,0,0,530,2,,1.2,NA,NA,,
201264,1,2015.01,3/24/2015,1,0,litu,2014,0.3,6.8,5,,,alive,Kent Harlow,Kent Harlow,,,425,419.1000061,1,654,2,,1.4,4,4,,
201274,1,2015.01,3/24/2015,1,0,litu,2014,5.3,8.9,118.08,,,alive,Kent Harlow,Kent Harlow,,,611,606.7999878,0,466,2,,1.3,4,4,,
201278,1,2015.01,3/24/2015,1,0,litu,2014,2.2,11.8,85.13,,,alive,Kent Harlow,Kent Harlow,,,644,641.7999878,0,467,2,,1.3,4,5,,
201279,1,2015.01,3/24/2015,1,0,quru,2014,1.9,13,90.17,I,,alive,Kent Harlow,Kent Harlow,,,453.5,446.2999878,0,468,2,,1.3,4,3,,
201432,1,2015.01,3/29/2015,1,0,quve,2016,0.3,12.5,120.6,G,,alive,Kent Harlow,Kent Harlow,,,431.5,429,0,469,2,,1.3,2,4,,
201441,1,2015.01,3/29/2015,1,0,litu,2016,11.8,19.2,115.25,,,alive,Kent Harlow,Kent Harlow,,,768.5,763,0,470,2,,1.3,4,4,,
202050,1,2015.01,3/28/2015,1,0,qual,2019,9.2,14.5,100.98,Q,,alive,Kent Harlow,Kent Harlow,,,480,480.5,0,471,2,,1.3,4,4,,
202072,1,2015.01,3/28/2015,1,0,qual,2020,2.1,10.8,117.69,,,alive,Kent Harlow,Kent Harlow,,,713.5,710.0999756,0,472,2,,1.3,4,4,,
202118,1,2015.01,3/28/2015,1,0,quve,2023,12.8,3.5,57.7,,,alive,Kent Harlow,Kent Harlow,,,692,698.2000122,0,473,2,,1.3,4,4,,
202201,1,2015.01,3/29/2015,1,0,cato,2017,3.2,1.1,28.9,,,alive,Kent Harlow,Kent Harlow,,,132.5,131,0,474,2,,1.3,4,2,,
202203,1,2015.01,3/29/2015,1,0,quru,2017,9.2,1.4,61.99,,,alive,Kent Harlow,Kent Harlow,,,486,479.8999939,0,628,2,,1.3,4,4,,
202212,1,2015.01,3/29/2015,1,0,quve,2017,4.3,9.5,12.11,,,alive,Kent Harlow,Kent Harlow,,,598,598.7000122,0,541,2,,1.3,3,4,,
202215,1,2015.01,3/29/2015,1,0,qual,2017,5.5,11.7,63.4,,,alive,Kent Harlow,Kent Harlow,,,544.5,549.9000244,0,476,2,,1.3,4,4,,
202283,1,2015.01,3/28/2015,1,0,litu,2020,4.5,2.9,76.86,,,alive,Kent Harlow,Kent Harlow,,,267.5,258.1000061,0,477,2,,1.3,4,5,,
202336,1,2015.01,3/28/2015,1,0,cagl,2022,3,10.7,41.14,,,alive,Kent Harlow,Kent Harlow,,,430,430,1,655,2,,1.3,4,5,,
202337,1,2015.01,3/28/2015,1,0,cagl,2023,1,0.2,5.29,,,alive,Kent Harlow,Kent Harlow,,,421,417.2000122,1,656,2,,1.3,4,4,,
202444,1,2015.01,3/28/2015,1,0,litu,2025,0.9,12.5,47.45,,,alive,Kent Harlow,Kent Harlow,,,653.5,650,0,624,2,,1.3,4,4,,
202449,1,2015.01,3/28/2015,1,0,litu,2026,0,1,54.83,,,alive,Kent Harlow,Kent Harlow,,,609,608.5,0,481,2,,1.3,4,4,,
202536,1,2015.01,3/28/2015,1,0,fram,2028,9.5,13.3,119.4,,,alive,Kent Harlow,Kent Harlow,,,438.5,438.5,0,482,2,,1.25,4,5,,
202541,1,2015.01,3/28/2015,1,0,fram,2028,2.5,15,73.59,,,alive,Kent Harlow,Kent Harlow,,,457,455.1000061,0,483,2,,1.3,3,4,,
202543,1,2015.01,3/28/2015,1,0,litu,2028,0.5,15.6,45.81,,,alive,Kent Harlow,Kent Harlow,,,219,213,0,484,2,,1.35,4,2,,
202545,1,2015.01,3/28/2015,1,0,litu,2029,4.5,2.6,71.16,,,alive,Kent Harlow,Kent Harlow,,,338,330.3999939,0,485,2,,1.3,4,4,,
202550,1,2015.01,3/28/2015,1,0,litu,2029,2.1,10.7,70.78,,,alive,Kent Harlow,Kent Harlow,,,572,566.0999756,0,486,2,,1.3,4,5,,
202581,1,2015.01,3/28/2015,1,0,fram,2031,2.4,16.7,50.84,,,alive,Kent Harlow,Kent Harlow,,,269,264.2000122,0,487,2,,1.3,4,4,,
202584,1,2015.01,3/28/2015,1,0,fram,2031,2.7,19.3,NA,DS,Dead,dead,Kent Harlow,Kent Harlow,,,NA,0,0,488,2,,1.35,1,2,,
202585,1,2015.01,3/28/2015,1,0,juni,2032,1,4.8,105.9,,,alive,Kent Harlow,Kent Harlow,,,422,420.2999878,0,489,2,,1.3,3,4,,
202586,1,2015.01,3/28/2015,1,0,fram,2032,4.2,5.3,131.98,,,alive,Kent Harlow,Kent Harlow,,,445.5,438.8999939,0,490,2,,1.3,4,4,,
202671,1,2015.01,3/28/2015,1,0,litu,2025,1.2,17.4,29.66,,,alive,Kent Harlow,Kent Harlow,,,186.5,184.8999939,0,491,2,,1.3,4,2,,
202971,1,2015.01,3/28/2015,1,0,fram,2032,5.6,10.2,79.44,,,alive,Kent Harlow,Kent Harlow,,,459,455,0,492,2,,1.35,4,4,,
