tag,stemtag,sp,quadrat,survey.ID,year,month,day,measure,measure_verified,crown.illum,codes,notes,field.recorders,data.enter,area
130348,1,litu,1302,,2021,,,,,,,,,,1
140467,1,quve,1404,,2021,,,,,,,,,,1
140609,1,litu,1403,,2021,,,,,,,,,,1
150756,1,quve,1503,,2021,,,,,,,,,,1
160713,1,litu,1603,,2021,,,,,,,,,,1
160742,1,litu,1605,,2021,,,,,,,,,,1
160814,1,cato,1611,,2021,,,,,,,,,,1
160862,1,ploc,1614,,2021,,,,,,,,,,1
160910,1,litu,1607,,2021,,,,,,,,,,1
160985,1,litu,1612,,2021,,,,,,,,,,1
170175,1,litu,1702,,2021,,,,,,,,,,1
170992,1,litu,1704,,2021,,,,,,,,,,1
170994,1,litu,1704,,2021,,,,,,,,,,1
171127,1,litu,1705,,2021,,,,,,,,,,1
171254,1,litu,1708,,2021,,,,,,,,,,1
171257,1,litu,1708,,2021,,,,,,,,,,1
171262,1,litu,1708,,2021,,,,,,,,,,1
171314,1,quru,1712,,2021,,,,,,,,,,1
171348,1,ceca,1714,,2021,,,,,,,,,,1
171358,1,fram,1714,,2021,,,,,,,,,,1
171454,1,caco,1714,,2021,,,,,,,,,,1
171456,1,acru,1714,,2021,,,,,,,,,,1
171462,1,qual,1715,,2021,,,,,,,,,,1
180235,1,litu,1802,,2021,,,,,,,,,,1
180654,1,litu,1805,,2021,,,,,,,,,,1
180691,1,litu,1807,,2021,,,,,,,,,,1
180728,1,litu,1804,,2021,,,,,,,,,,1
180791,1,cagl,1811,,2021,,,,,,,,,,1
180903,1,litu,1808,,2021,,,,,,,,,,1
180904,1,litu,1808,,2021,,,,,,,,,,1
180984,1,litu,1813,,2021,,,,,,,,,,1
180991,1,ploc,1814,,2021,,,,,,,,,,1
190065,1,litu,1902,,2021,,,,,,,,,,1
190067,1,litu,1902,,2021,,,,,,,,,,1
190071,1,litu,1902,,2021,,,,,,,,,,1
190115,1,litu,1902,,2021,,,,,,,,,,1
190413,1,litu,1904,,2021,,,,,,,,,,1
190426,1,litu,1904,,2021,,,,,,,,,,1
190429,1,litu,1904,,2021,,,,,,,,,,1
190568,1,juni,1912,,2021,,,,,,,,,,1
190655,1,litu,1907,,2021,,,,,,,,,,1
190658,1,litu,1907,,2021,,,,,,,,,,1
190670,1,litu,1908,,2021,,,,,,,,,,1
190694,1,quru,1909,,2021,,,,,,,,,,1
190793,1,litu,1914,,2021,,,,,,,,,,1
190794,1,quru,1914,,2021,,,,,,,,,,1
190798,1,cagl,1914,,2021,,,,,,,,,,1
200038,1,litu,2001,,2021,,,,,,,,,,1
200038,2,litu,2001,,2021,,,,,,,,,,1
200142,1,litu,2002,,2021,,,,,,,,,,1
200151,1,litu,2002,,2021,,,,,,,,,,1
200547,1,litu,2005,,2021,,,,,,,,,,1
200551,1,litu,2005,,2021,,,,,,,,,,1
200553,1,litu,2005,,2021,,,,,,,,,,1
200577,1,juni,2007,,2021,,,,,,,,,,1
200586,1,juni,2007,,2021,,,,,,,,,,1
200613,1,litu,2004,,2021,,,,,,,,,,1
200676,1,litu,2008,,2021,,,,,,,,,,1
200812,1,juni,2008,,2021,,,,,,,,,,1
200818,1,litu,2008,,2021,,,,,,,,,,1
200822,1,litu,2008,,2021,,,,,,,,,,1
201207,1,litu,2012,,2021,,,,,,,,,,1
201261,1,juni,2013,,2021,,,,,,,,,,1
201264,1,litu,2014,,2021,,,,,,,,,,1
201274,1,litu,2014,,2021,,,,,,,,,,1
201278,1,litu,2014,,2021,,,,,,,,,,1
201279,1,quru,2014,,2021,,,,,,,,,,1
201331,1,qupr,2015,,2021,,,,,,,,,,1
40465,1,qupr,404,,2021,,,,,,,,,,2
50288,1,quru,505,,2021,,,,,,,,,,2
50364,1,qual,507,,2021,,,,,,,,,,2
60161,1,qupr,608,,2021,,,,,,,,,,2
60266,1,cato,604,,2021,,,,,,,,,,2
70096,1,quru,704,,2021,,,,,,,,,,2
70126,1,quru,705,,2021,,,,,,,,,,2
70146,1,quve,706,,2021,,,,,,,,,,2
70181,1,litu,707,,2021,,,,,,,,,,2
70278,1,qupr,704,,2021,,,,,,,,,,2
70292,1,cagl,705,,2021,,,,,,,,,,2
70352,1,litu,707,,2021,,,,,,,,,,2
70357,1,cagl,708,,2021,,,,,,,,,,2
70358,1,litu,708,,2021,,,,,,,,,,2
70433,1,litu,710,,2021,,,,,,,,,,2
70519,1,qual,711,,2021,,,,,,,,,,2
70536,1,qual,711,,2021,,,,,,,,,,2
70579,1,caco,714,,2021,,,,,,,,,,2
80100,1,litu,804,,2021,,,,,,,,,,2
80180,1,cato,804,,2021,,,,,,,,,,2
80398,1,caco,807,,2021,,,,,,,,,,2
80401,1,caco,807,,2021,,,,,,,,,,2
80554,1,caovl,813,,2021,,,,,,,,,,2
80559,1,nysy,813,,2021,,,,,,,,,,2
80615,1,litu,810,,2021,,,,,,,,,,2
80628,1,quru,811,,2021,,,,,,,,,,2
80631,1,litu,811,,2021,,,,,,,,,,2
90043,1,quve,901,,2021,,,,,,,,,,2
90084,1,quve,902,,2021,,,,,,,,,,2
90162,1,litu,904,,2021,,,,,,,,,,2
90311,1,cagl,904,,2021,,,,,,,,,,2
90354,1,litu,905,,2021,,,,,,,,,,2
90530,1,litu,910,,2021,,,,,,,,,,2
90612,1,quru,910,,2021,,,,,,,,,,2
90660,1,quru,913,,2021,,,,,,,,,,2
91435,1,litu,907,,2021,,,,,,,,,,2
91451,1,litu,907,,2021,,,,,,,,,,2
91474,1,litu,908,,2021,,,,,,,,,,2
91476,1,litu,908,,2021,,,,,,,,,,2
91477,1,litu,908,,2021,,,,,,,,,,2
91486,1,cagl,908,,2021,,,,,,,,,,2
100516,1,litu,1004,,2021,,,,,,,,,,2
100562,1,litu,1004,,2021,,,,,,,,,,2
100612,1,litu,1003,,2021,,,,,,,,,,2
100754,1,quru,1005,,2021,,,,,,,,,,2
100771,1,quru,1005,,2021,,,,,,,,,,2
100905,1,litu,1008,,2021,,,,,,,,,,2
100906,1,litu,1008,,2021,,,,,,,,,,2
100955,1,quru,1010,,2021,,,,,,,,,,2
100960,1,quru,1010,,2021,,,,,,,,,,2
101111,1,litu,1011,,2021,,,,,,,,,,2
101118,1,litu,1011,,2021,,,,,,,,,,2
110061,1,litu,1101,,2021,,,,,,,,,,2
110680,1,litu,1104,,2021,,,,,,,,,,2
110788,1,litu,1104,,2021,,,,,,,,,,2
110791,1,litu,1104,,2021,,,,,,,,,,2
110798,1,qupr,1104,,2021,,,,,,,,,,2
110901,1,litu,1105,,2021,,,,,,,,,,2
111014,1,litu,1107,,2021,,,,,,,,,,2
111029,1,litu,1107,,2021,,,,,,,,,,2
111030,1,litu,1107,,2021,,,,,,,,,,2
111032,1,litu,1107,,2021,,,,,,,,,,2
111032,2,litu,1107,,2021,,,,,,,,,,2
111039,1,litu,1108,,2021,,,,,,,,,,2
111041,1,quru,1108,,2021,,,,,,,,,,2
111092,1,litu,1110,,2021,,,,,,,,,,2
111093,1,litu,1110,,2021,,,,,,,,,,2
120278,1,litu,1201,,2021,,,,,,,,,,2
120755,1,litu,1204,,2021,,,,,,,,,,2
120777,1,litu,1205,,2021,,,,,,,,,,2
120781,1,litu,1205,,2021,,,,,,,,,,2
120790,1,litu,1205,,2021,,,,,,,,,,2
121195,1,quru,1211,,2021,,,,,,,,,,2
121212,1,litu,1207,,2021,,,,,,,,,,2
121221,1,litu,1207,,2021,,,,,,,,,,2
121275,1,qupr,1209,,2021,,,,,,,,,,2
121291,1,qupr,1210,,2021,,,,,,,,,,2
121301,1,caovl,1211,,2021,,,,,,,,,,2
121305,1,quru,1211,,2021,,,,,,,,,,2
130718,1,litu,1306,,2021,,,,,,,,,,2
130838,1,litu,1305,,2021,,,,,,,,,,2
131009,1,quve,1308,,2021,,,,,,,,,,2
131086,1,quru,1310,,2021,,,,,,,,,,2
131087,1,quru,1310,,2021,,,,,,,,,,2
131092,1,litu,1311,,2021,,,,,,,,,,2
131096,1,litu,1311,,2021,,,,,,,,,,2
140646,1,litu,1405,,2021,,,,,,,,,,2
140736,1,quve,1407,,2021,,,,,,,,,,2
140751,1,quru,1408,,2021,,,,,,,,,,2
140756,1,quve,1408,,2021,,,,,,,,,,2
140813,1,litu,1410,,2021,,,,,,,,,,2
140818,1,litu,1410,,2021,,,,,,,,,,2
140819,1,litu,1411,,2021,,,,,,,,,,2
140821,1,litu,1411,,2021,,,,,,,,,,2
140825,1,litu,1411,,2021,,,,,,,,,,2
140829,1,litu,1411,,2021,,,,,,,,,,2
140833,1,litu,1411,,2021,,,,,,,,,,2
10469,1,litu,109,,2021,,,,,,,,,,3
10587,1,litu,113,,2021,,,,,,,,,,3
10609,1,cagl,111,,2021,,,,,,,,,,3
10671,1,quru,114,,2021,,,,,,,,,,3
20587,1,litu,208,,2021,,,,,,,,,,3
20603,1,fram,208,,2021,,,,,,,,,,3
20617,1,litu,209,,2021,,,,,,,,,,3
20712,1,litu,212,,2021,,,,,,,,,,3
30225,1,qual,306,,2021,,,,,,,,,,3
30233,1,fagr,306,,2021,,,,,,,,,,3
30234,1,fagr,306,,2021,,,,,,,,,,3
30331,1,cagl,306,,2021,,,,,,,,,,3
30333,1,fagr,306,,2021,,,,,,,,,,3
30339,1,litu,307,,2021,,,,,,,,,,3
30339,2,litu,307,,2021,,,,,,,,,,3
30339,3,litu,307,,2021,,,,,,,,,,3
30462,1,litu,313,,2021,,,,,,,,,,3
30467,1,litu,314,,2021,,,,,,,,,,3
30512,1,quru,313,,2021,,,,,,,,,,3
40562,1,fagr,406,,2021,,,,,,,,,,3
40563,1,fagr,406,,2021,,,,,,,,,,3
40564,1,fagr,406,,2021,,,,,,,,,,3
40565,1,cagl,406,,2021,,,,,,,,,,3
40566,1,cagl,406,,2021,,,,,,,,,,3
40567,1,fagr,406,,2021,,,,,,,,,,3
40568,1,fagr,406,,2021,,,,,,,,,,3
40569,1,litu,407,,2021,,,,,,,,,,3
40635,1,cato,408,,2021,,,,,,,,,,3
40941,1,litu,414,,2021,,,,,,,,,,3
40942,1,acru,414,,2021,,,,,,,,,,3
40972,1,litu,415,,2021,,,,,,,,,,3
50160,1,fram,502,,2021,,,,,,,,,,3
50525,1,qual,512,,2021,,,,,,,,,,3
50562,1,quru,514,,2021,,,,,,,,,,3
50622,1,qual,513,,2021,,,,,,,,,,3
50646,1,quru,514,,2021,,,,,,,,,,3
50650,1,litu,514,,2021,,,,,,,,,,3
50654,1,litu,514,,2021,,,,,,,,,,3
60410,1,fram,610,,2021,,,,,,,,,,3
60456,1,caca,614,,2021,,,,,,,,,,3
60457,1,caca,614,,2021,,,,,,,,,,3
60458,1,fagr,615,,2021,,,,,,,,,,3
60459,1,fagr,615,,2021,,,,,,,,,,3
60462,1,fagr,615,,2021,,,,,,,,,,3
60463,1,juni,615,,2021,,,,,,,,,,3
60468,1,caca,615,,2021,,,,,,,,,,3
60469,1,cofl,615,,2021,,,,,,,,,,3
60562,1,fagr,614,,2021,,,,,,,,,,3
60563,1,caca,614,,2021,,,,,,,,,,3
60566,1,fagr,614,,2021,,,,,,,,,,3
60567,1,litu,614,,2021,,,,,,,,,,3
60568,1,caca,614,,2021,,,,,,,,,,3
60569,1,caca,614,,2021,,,,,,,,,,3
60571,1,caca,614,,2021,,,,,,,,,,3
60573,1,tiam,614,,2021,,,,,,,,,,3
60576,1,caca,615,,2021,,,,,,,,,,3
60577,1,litu,615,,2021,,,,,,,,,,3
60578,1,caca,615,,2021,,,,,,,,,,3
60581,1,litu,615,,2021,,,,,,,,,,3
60582,1,quru,615,,2021,,,,,,,,,,3
60586,1,caca,615,,2021,,,,,,,,,,3
60587,1,caca,615,,2021,,,,,,,,,,3
60588,1,caco,615,,2021,,,,,,,,,,3
70216,1,quve,701,,2021,,,,,,,,,,3
70220,1,qual,702,,2021,,,,,,,,,,3
70492,1,nysy,714,,2021,,,,,,,,,,3
70493,1,litu,714,,2021,,,,,,,,,,3
70494,1,caca,714,,2021,,,,,,,,,,3
70494,2,caca,714,,2021,,,,,,,,,,3
70495,1,caca,714,,2021,,,,,,,,,,3
70581,1,quru,714,,2021,,,,,,,,,,3
80005,1,fram,801,,2021,,,,,,,,,,3
80121,1,quve,801,,2021,,,,,,,,,,3
100011,1,fram,1001,,2021,,,,,,,,,,3
101223,1,qupr,1013,,2021,,,,,,,,,,3
101244,1,quve,1014,,2021,,,,,,,,,,3
121438,1,caco,1215,,2021,,,,,,,,,,3
131188,1,litu,1313,,2021,,,,,,,,,,3
131227,1,litu,1313,,2021,,,,,,,,,,3
131232,1,litu,1313,,2021,,,,,,,,,,3
131233,1,litu,1313,,2021,,,,,,,,,,3
131239,1,quru,1314,,2021,,,,,,,,,,3
131272,1,fram,1315,,2021,,,,,,,,,,3
140872,1,litu,1413,,2021,,,,,,,,,,3
141088,1,fram,1415,,2021,,,,,,,,,,3
141216,1,caco,1415,,2021,,,,,,,,,,3
12025,1,quru,117,,2021,,,,,,,,,,4
12259,1,litu,125,,2021,,,,,,,,,,4
12270,1,tiam,125,,2021,,,,,,,,,,4
12416,1,cato,129,,2021,,,,,,,,,,4
12508,1,litu,131,,2021,,,,,,,,,,4
22004,1,litu,217,,2021,,,,,,,,,,4
22041,1,litu,217,,2021,,,,,,,,,,4
22170,1,litu,221,,2021,,,,,,,,,,4
22315,1,caco,225,,2021,,,,,,,,,,4
22333,1,fram,226,,2021,,,,,,,,,,4
30584,1,quve,316,,2021,,,,,,,,,,4
32097,1,litu,320,,2021,,,,,,,,,,4
32126,1,litu,321,,2021,,,,,,,,,,4
32381,1,qupr,327,,2021,,,,,,,,,,4
32423,1,litu,329,,2021,,,,,,,,,,4
32540,1,qupr,332,,2021,,,,,,,,,,4
42009,1,ploc,417,,2021,,,,,,,,,,4
42397,1,quru,428,,2021,,,,,,,,,,4
52087,1,quru,519,,2021,,,,,,,,,,4
52190,1,quru,522,,2021,,,,,,,,,,4
52344,1,cagl,528,,2021,,,,,,,,,,4
62114,1,quve,619,,2021,,,,,,,,,,4
62128,1,quru,620,,2021,,,,,,,,,,4
62181,1,quve,621,,2021,,,,,,,,,,4
62224,1,litu,622,,2021,,,,,,,,,,4
62241,1,litu,623,,2021,,,,,,,,,,4
72024,1,quve,717,,2021,,,,,,,,,,4
72104,1,qual,718,,2021,,,,,,,,,,4
72115,1,litu,719,,2021,,,,,,,,,,4
72116,1,litu,719,,2021,,,,,,,,,,4
72122,1,caca,719,,2021,,,,,,,,,,4
72124,1,quru,719,,2021,,,,,,,,,,4
72149,1,litu,720,,2021,,,,,,,,,,4
72173,1,qual,720,,2021,,,,,,,,,,4
72210,1,qual,721,,2021,,,,,,,,,,4
72232,1,qual,722,,2021,,,,,,,,,,4
72248,1,caco,723,,2021,,,,,,,,,,4
82125,1,cagl,819,,2021,,,,,,,,,,4
82138,1,quru,820,,2021,,,,,,,,,,4
82203,1,litu,822,,2021,,,,,,,,,,4
82223,1,litu,822,,2021,,,,,,,,,,4
82226,1,litu,823,,2021,,,,,,,,,,4
90752,1,qual,916,,2021,,,,,,,,,,5
92018,1,acru,917,,2021,,,,,,,,,,5
92112,1,litu,919,,2021,,,,,,,,,,5
92139,1,quru,920,,2021,,,,,,,,,,5
92140,1,cato,920,,2021,,,,,,,,,,5
92141,1,cagl,920,,2021,,,,,,,,,,5
92237,1,nysy,922,,2021,,,,,,,,,,5
92238,1,quve,922,,2021,,,,,,,,,,5
92280,1,quve,923,,2021,,,,,,,,,,5
92347,1,quru,923,,2021,,,,,,,,,,5
101310,1,fram,1016,,2021,,,,,,,,,,5
101312,1,fram,1016,,2021,,,,,,,,,,5
102148,1,cato,1019,,2021,,,,,,,,,,5
102149,1,cagl,1020,,2021,,,,,,,,,,5
102150,1,qual,1020,,2021,,,,,,,,,,5
102154,1,qual,1020,,2021,,,,,,,,,,5
102177,1,qual,1020,,2021,,,,,,,,,,5
102199,1,cagl,1021,,2021,,,,,,,,,,5
102258,1,qual,1022,,2021,,,,,,,,,,5
102261,1,qual,1022,,2021,,,,,,,,,,5
102262,1,qual,1022,,2021,,,,,,,,,,5
102264,1,qual,1022,,2021,,,,,,,,,,5
102303,1,quve,1024,,2021,,,,,,,,,,5
111292,1,fram,1116,,2021,,,,,,,,,,5
112014,1,cagl,1117,,2021,,,,,,,,,,5
112057,1,acru,1117,,2021,,,,,,,,,,5
112060,1,fram,1117,,2021,,,,,,,,,,5
112118,1,quru,1119,,2021,,,,,,,,,,5
112130,1,qual,1119,,2021,,,,,,,,,,5
112136,1,pist,1120,,2021,,,,,,,,,,5
112137,1,qual,1120,,2021,,,,,,,,,,5
112142,1,qual,1120,,2021,,,,,,,,,,5
112250,1,pist,1122,,2021,,,,,,,,,,5
112252,1,litu,1122,,2021,,,,,,,,,,5
112262,1,quru,1123,,2021,,,,,,,,,,5
121358,1,fram,1216,,2021,,,,,,,,,,5
121367,1,nysy,1216,,2021,,,,,,,,,,5
121374,1,juni,1216,,2021,,,,,,,,,,5
122005,1,fram,1217,,2021,,,,,,,,,,5
122006,1,acru,1217,,2021,,,,,,,,,,5
122009,1,acru,1217,,2021,,,,,,,,,,5
122120,1,qual,1220,,2021,,,,,,,,,,5
122121,1,pist,1220,,2021,,,,,,,,,,5
122136,1,quru,1220,,2021,,,,,,,,,,5
122184,1,pist,1222,,2021,,,,,,,,,,5
122185,1,pist,1222,,2021,,,,,,,,,,5
122189,1,qual,1222,,2021,,,,,,,,,,5
122248,1,qual,1222,,2021,,,,,,,,,,5
122303,1,qual,1223,,2021,,,,,,,,,,5
131352,1,fram,1316,,2021,,,,,,,,,,5
131364,1,acru,1316,,2021,,,,,,,,,,5
132028,1,fram,1317,,2021,,,,,,,,,,5
132077,1,qual,1319,,2021,,,,,,,,,,5
132171,1,litu,1320,,2021,,,,,,,,,,5
132280,1,fram,1324,,2021,,,,,,,,,,5
132302,1,quru,1321,,2021,,,,,,,,,,5
132311,1,qual,1322,,2021,,,,,,,,,,5
132321,1,quru,1323,,2021,,,,,,,,,,5
141146,1,caco,1416,,2021,,,,,,,,,,5
142113,1,cagl,1417,,2021,,,,,,,,,,5
142521,1,pist,1422,,2021,,,,,,,,,,5
142527,1,cagl,1422,,2021,,,,,,,,,,5
142548,1,qual,1424,,2021,,,,,,,,,,5
142206,1,fram,1419,,2021,,,,,,,,,,6
152153,1,ploc,1520,,2021,,,,,,,,,,6
161578,1,qual,1616,,2021,,,,,,,,,,6
162293,1,qual,1623,,2021,,,,,,,,,,6
162503,1,quve,1624,,2021,,,,,,,,,,6
171505,1,litu,1716,,2021,,,,,,,,,,6
171506,1,litu,1716,,2021,,,,,,,,,,6
172201,1,cagl,1717,,2021,,,,,,,,,,6
172202,1,quru,1717,,2021,,,,,,,,,,6
172203,1,qual,1717,,2021,,,,,,,,,,6
172205,1,qual,1717,,2021,,,,,,,,,,6
172248,1,cato,1719,,2021,,,,,,,,,,6
172255,1,qual,1720,,2021,,,,,,,,,,6
172382,1,juni,1723,,2021,,,,,,,,,,6
181030,1,qual,1816,,2021,,,,,,,,,,6
181033,1,litu,1816,,2021,,,,,,,,,,6
182161,1,fram,1822,,2021,,,,,,,,,,6
182207,1,qual,1817,,2021,,,,,,,,,,6
182208,1,quru,1817,,2021,,,,,,,,,,6
182248,1,nysy,1820,,2021,,,,,,,,,,6
182376,1,ploc,1823,,2021,,,,,,,,,,6
182570,1,juni,1823,,2021,,,,,,,,,,6
190835,1,litu,1916,,2021,,,,,,,,,,6
190838,1,quru,1916,,2021,,,,,,,,,,6
190840,1,litu,1916,,2021,,,,,,,,,,6
190935,1,quru,1916,,2021,,,,,,,,,,6
192008,1,qual,1917,,2021,,,,,,,,,,6
192055,1,qual,1919,,2021,,,,,,,,,,6
192062,1,qupr,1920,,2021,,,,,,,,,,6
192064,1,qupr,1920,,2021,,,,,,,,,,6
192133,1,caovl,1923,,2021,,,,,,,,,,6
192244,1,qual,1919,,2021,,,,,,,,,,6
201432,1,quve,2016,,2021,,,,,,,,,,6
201441,1,litu,2016,,2021,,,,,,,,,,6
202050,1,qual,2019,,2021,,,,,,,,,,6
202072,1,qual,2020,,2021,,,,,,,,,,6
202118,1,quve,2023,,2021,,,,,,,,,,6
202201,1,cato,2017,,2021,,,,,,,,,,6
202203,1,quru,2017,,2021,,,,,,,,,,6
202212,1,quve,2017,,2021,,,,,,,,,,6
202215,1,qual,2017,,2021,,,,,,,,,,6
202283,1,litu,2020,,2021,,,,,,,,,,6
202336,1,cagl,2022,,2021,,,,,,,,,,6
202337,1,cagl,2023,,2021,,,,,,,,,,6
62285,1,quru,625,,2021,,,,,,,,,,7
62300,1,quve,625,,2021,,,,,,,,,,7
62312,1,cato,626,,2021,,,,,,,,,,7
62417,1,quve,630,,2021,,,,,,,,,,7
62449,1,qual,632,,2021,,,,,,,,,,7
62454,1,quve,632,,2021,,,,,,,,,,7
72308,1,qual,725,,2021,,,,,,,,,,7
72322,1,litu,726,,2021,,,,,,,,,,7
72324,1,litu,726,,2021,,,,,,,,,,7
72337,1,quru,727,,2021,,,,,,,,,,7
72348,1,quru,727,,2021,,,,,,,,,,7
72357,1,quru,728,,2021,,,,,,,,,,7
72375,1,litu,728,,2021,,,,,,,,,,7
72377,1,litu,728,,2021,,,,,,,,,,7
72427,1,litu,730,,2021,,,,,,,,,,7
72447,1,litu,732,,2021,,,,,,,,,,7
72448,1,litu,732,,2021,,,,,,,,,,7
82284,1,quve,825,,2021,,,,,,,,,,7
82292,1,litu,826,,2021,,,,,,,,,,7
82298,1,litu,826,,2021,,,,,,,,,,7
82326,1,quve,827,,2021,,,,,,,,,,7
82357,1,litu,828,,2021,,,,,,,,,,7
82360,1,litu,829,,2021,,,,,,,,,,7
82365,1,qual,829,,2021,,,,,,,,,,7
82368,1,litu,829,,2021,,,,,,,,,,7
82419,1,litu,831,,2021,,,,,,,,,,7
82421,1,litu,831,,2021,,,,,,,,,,7
82422,1,litu,831,,2021,,,,,,,,,,7
82434,1,quve,832,,2021,,,,,,,,,,7
92393,1,cagl,925,,2021,,,,,,,,,,7
92414,1,litu,926,,2021,,,,,,,,,,7
92466,1,litu,927,,2021,,,,,,,,,,7
92487,1,quve,928,,2021,,,,,,,,,,7
92488,1,litu,928,,2021,,,,,,,,,,7
92545,1,litu,931,,2021,,,,,,,,,,7
92546,1,litu,931,,2021,,,,,,,,,,7
92547,1,litu,931,,2021,,,,,,,,,,7
102348,1,qual,1025,,2021,,,,,,,,,,7
102364,1,qual,1025,,2021,,,,,,,,,,7
102365,1,litu,1025,,2021,,,,,,,,,,7
102371,1,qual,1026,,2021,,,,,,,,,,7
102438,1,litu,1028,,2021,,,,,,,,,,7
102438,2,litu,1028,,2021,,,,,,,,,,7
102439,1,litu,1028,,2021,,,,,,,,,,7
102441,1,litu,1029,,2021,,,,,,,,,,7
102442,1,litu,1029,,2021,,,,,,,,,,7
102443,1,litu,1029,,2021,,,,,,,,,,7
102444,1,litu,1029,,2021,,,,,,,,,,7
102446,1,litu,1029,,2021,,,,,,,,,,7
102446,2,litu,1029,,2021,,,,,,,,,,7
102501,1,litu,1031,,2021,,,,,,,,,,7
102502,1,ulru,1031,,2021,,,,,,,,,,7
102509,1,quve,1032,,2021,,,,,,,,,,7
102475,1,litu,1030,,2021,,,,,,,,,,8
112316,1,quve,1125,,2021,,,,,,,,,,8
112336,1,qual,1125,,2021,,,,,,,,,,8
112342,1,nysy,1125,,2021,,,,,,,,,,8
112350,1,cagl,1126,,2021,,,,,,,,,,8
112354,1,qual,1126,,2021,,,,,,,,,,8
112462,1,litu,1128,,2021,,,,,,,,,,8
112466,1,cato,1129,,2021,,,,,,,,,,8
112467,1,litu,1129,,2021,,,,,,,,,,8
112480,1,litu,1131,,2021,,,,,,,,,,8
112481,1,litu,1131,,2021,,,,,,,,,,8
112482,1,litu,1131,,2021,,,,,,,,,,8
112698,1,ulru,1128,,2021,,,,,,,,,,8
122343,1,qual,1225,,2021,,,,,,,,,,8
122427,1,qual,1227,,2021,,,,,,,,,,8
122439,1,cagl,1228,,2021,,,,,,,,,,8
122450,1,ulru,1225,,2021,,,,,,,,,,8
122452,1,fram,1226,,2021,,,,,,,,,,8
122455,1,qual,1226,,2021,,,,,,,,,,8
122458,1,cagl,1226,,2021,,,,,,,,,,8
122482,1,litu,1228,,2021,,,,,,,,,,8
122486,1,litu,1228,,2021,,,,,,,,,,8
122489,1,cagl,1229,,2021,,,,,,,,,,8
122492,1,litu,1229,,2021,,,,,,,,,,8
122522,1,litu,1232,,2021,,,,,,,,,,8
122561,1,litu,1231,,2021,,,,,,,,,,8
132371,1,quru,1325,,2021,,,,,,,,,,8
132508,1,quve,1328,,2021,,,,,,,,,,8
132524,1,litu,1329,,2021,,,,,,,,,,8
132525,1,fram,1329,,2021,,,,,,,,,,8
132529,1,litu,1329,,2021,,,,,,,,,,8
132539,1,litu,1331,,2021,,,,,,,,,,8
132542,1,quve,1332,,2021,,,,,,,,,,8
132545,1,litu,1332,,2021,,,,,,,,,,8
142380,1,qual,1425,,2021,,,,,,,,,,8
142399,1,qual,1427,,2021,,,,,,,,,,8
142575,1,quve,1426,,2021,,,,,,,,,,8
142656,1,litu,1431,,2021,,,,,,,,,,8
142708,1,juni,1429,,2021,,,,,,,,,,8
142727,1,litu,1431,,2021,,,,,,,,,,8
142729,1,litu,1431,,2021,,,,,,,,,,8
142730,1,litu,1431,,2021,,,,,,,,,,8
142731,1,litu,1432,,2021,,,,,,,,,,8
142732,1,cagl,1432,,2021,,,,,,,,,,8
142733,1,litu,1432,,2021,,,,,,,,,,8
142735,1,qual,1432,,2021,,,,,,,,,,8
143707,1,cagl,1426,,2021,,,,,,,,,,8
152513,1,qupr,1525,,2021,,,,,,,,,,9
152673,1,litu,1530,,2021,,,,,,,,,,9
152701,1,litu,1531,,2021,,,,,,,,,,9
162439,1,quru,1627,,2021,,,,,,,,,,9
162446,1,quru,1630,,2021,,,,,,,,,,9
162541,1,qupr,1627,,2021,,,,,,,,,,9
162543,1,qual,1627,,2021,,,,,,,,,,9
172416,1,nysy,1725,,2021,,,,,,,,,,9
172417,1,nysy,1725,,2021,,,,,,,,,,9
172418,1,nysy,1725,,2021,,,,,,,,,,9
172421,1,cagl,1725,,2021,,,,,,,,,,9
172423,1,litu,1726,,2021,,,,,,,,,,9
172470,1,quru,1728,,2021,,,,,,,,,,9
172472,1,fram,1728,,2021,,,,,,,,,,9
172499,1,qual,1730,,2021,,,,,,,,,,9
172556,1,litu,1729,,2021,,,,,,,,,,9
172624,1,litu,1731,,2021,,,,,,,,,,9
182451,1,fram,1829,,2021,,,,,,,,,,9
182491,1,litu,1831,,2021,,,,,,,,,,9
182498,1,fram,1831,,2021,,,,,,,,,,9
182681,1,litu,1829,,2021,,,,,,,,,,9
182693,1,litu,1830,,2021,,,,,,,,,,9
192437,1,litu,1925,,2021,,,,,,,,,,9
192466,1,quru,1926,,2021,,,,,,,,,,9
192484,1,quru,1926,,2021,,,,,,,,,,9
192527,1,litu,1928,,2021,,,,,,,,,,9
192528,1,litu,1928,,2021,,,,,,,,,,9
192532,1,fagr,1928,,2021,,,,,,,,,,9
192533,1,litu,1928,,2021,,,,,,,,,,9
192534,1,litu,1928,,2021,,,,,,,,,,9
192542,1,litu,1929,,2021,,,,,,,,,,9
192543,1,litu,1929,,2021,,,,,,,,,,9
192544,1,litu,1929,,2021,,,,,,,,,,9
192546,1,litu,1929,,2021,,,,,,,,,,9
192548,1,litu,1929,,2021,,,,,,,,,,9
192560,1,qual,1930,,2021,,,,,,,,,,9
192570,1,fram,1931,,2021,,,,,,,,,,9
192619,1,quru,1926,,2021,,,,,,,,,,9
192674,1,litu,1929,,2021,,,,,,,,,,9
202444,1,litu,2025,,2021,,,,,,,,,,9
202449,1,litu,2026,,2021,,,,,,,,,,9
202536,1,fram,2028,,2021,,,,,,,,,,9
202541,1,fram,2028,,2021,,,,,,,,,,9
202543,1,litu,2028,,2021,,,,,,,,,,9
202545,1,litu,2029,,2021,,,,,,,,,,9
202550,1,litu,2029,,2021,,,,,,,,,,9
202581,1,fram,2031,,2021,,,,,,,,,,9
202585,1,juni,2032,,2021,,,,,,,,,,9
202586,1,fram,2032,,2021,,,,,,,,,,9
