tag,stemtag,sp,quadrat,survey.ID,year,month,day,measure,crown.condition,crown.illum,codes,notes,field.recorders,data.enter,area
130348,1,litu,1302,2020.16,2020,11,5,NA, , ,RE,window too large,Cameron Dow,Cameron Dow,1
140467,1,quve,1404,2020.16,2020,11,5,NA, , ,,,Cameron Dow,Cameron Dow,1
140609,1,litu,1403,2020.16,2020,11,5,56.2, , ,NT,band slightly damaged,Cameron Dow,Cameron Dow,1
150756,1,prse,1503,2020.16,2020,11,5,NA, , ,,,Cameron Dow,Cameron Dow,1
160713,1,litu,1603,2020.16,2020,11,5,NA, , ,RE,band broken,Cameron Dow,Cameron Dow,1
160742,1,litu,1605,2020.16,2020,11,5,93.4, , ,,,Cameron Dow,Cameron Dow,1
160814,1,cato,1611,2020.16,2020,11,5,2.51, , ,,,Cameron Dow,Cameron Dow,1
160862,1,ploc,1614,2020.16,2020,11,5,66.85, , ,,,Cameron Dow,Cameron Dow,1
160910,1,litu,1607,2020.16,2020,11,5,123.73, , ,,,Cameron Dow,Cameron Dow,1
160985,1,litu,1612,2020.16,2020,11,5,16.41, , ,,,Cameron Dow,Cameron Dow,1
170175,1,litu,1702,2020.16,2020,11,5,133.6, , ,,,Cameron Dow,Cameron Dow,1
170992,1,litu,1704,2020.16,2020,11,5,96.12, , ,,,Cameron Dow,Cameron Dow,1
170994,1,litu,1704,2020.16,2020,11,5,151.3, , ,,,Cameron Dow,Cameron Dow,1
171127,1,litu,1705,2020.16,2020,11,5,149.7, , ,,,Cameron Dow,Cameron Dow,1
171254,1,litu,1708,2020.16,2020,11,5,80.75, , ,,,Cameron Dow,Cameron Dow,1
171257,1,litu,1708,2020.16,2020,11,5,87.89, , ,,,Cameron Dow,Cameron Dow,1
171262,1,litu,1708,2020.16,2020,11,5,NA, , ,RE,window too large,Cameron Dow,Cameron Dow,1
171314,1,quru,1712,2020.16,2020,11,5,NA, , ,DC,,Cameron Dow,Cameron Dow,1
171348,1,ceca,1714,2020.16,2020,11,5,83.36, , ,,,Cameron Dow,Cameron Dow,1
171358,1,fram,1714,2020.16,2020,11,5,20.88, , ,,,Cameron Dow,Cameron Dow,1
171454,1,caco,1714,2020.16,2020,11,5,13.94, , ,,,Cameron Dow,Cameron Dow,1
171456,1,acru,1714,2020.16,2020,11,5,NA, , ,RE,window too large,Cameron Dow,Cameron Dow,1
171462,1,qual,1715,2020.16,2020,11,5,36.37, , ,,,Cameron Dow,Cameron Dow,1
180235,1,litu,1802,2020.16,2020,11,5,49.58, , ,,new tag,Cameron Dow,Cameron Dow,1
180654,1,litu,1805,2020.16,2020,11,5,133.53, , ,,,Cameron Dow,Cameron Dow,1
180691,1,litu,1807,2020.16,2020,11,5,52.76, , ,,,Cameron Dow,Cameron Dow,1
180728,1,litu,1804,2020.16,2020,11,5,132.45, , ,RE,band damaged,Cameron Dow,Cameron Dow,1
180791,1,cagl,1811,2020.16,2020,11,5,12.59, , ,,,Cameron Dow,Cameron Dow,1
180903,1,litu,1808,2020.16,2020,11,5,17.51, , ,,,Cameron Dow,Cameron Dow,1
180904,1,litu,1808,2020.16,2020,11,5,49.91, , ,,,Cameron Dow,Cameron Dow,1
180984,1,litu,1813,2020.16,2020,11,5,63.47, , ,,,Cameron Dow,Cameron Dow,1
180991,1,ploc,1814,2020.16,2020,11,5,136.66, , ,,,Cameron Dow,Cameron Dow,1
190065,1,litu,1902,2020.16,2020,11,5,142.72, , ,,,Cameron Dow,Cameron Dow,1
190067,1,litu,1902,2020.16,2020,11,5,29.05, , ,,,Cameron Dow,Cameron Dow,1
190071,1,litu,1902,2020.16,2020,11,5,17.47, , ,,,Cameron Dow,Cameron Dow,1
190115,1,litu,1902,2020.16,2020,11,5,120.4, , ,,,Cameron Dow,Cameron Dow,1
190413,1,litu,1904,2020.16,2020,11,5,98.75, , ,,,Cameron Dow,Cameron Dow,1
190426,1,litu,1904,2020.16,2020,11,5,65.88, , ,,,Cameron Dow,Cameron Dow,1
190429,1,litu,1904,2020.16,2020,11,5,115.85, , ,,,Cameron Dow,Cameron Dow,1
190568,1,juni,1912,2020.16,2020,11,5,148.47, , ,,,Cameron Dow,Cameron Dow,1
190655,1,litu,1907,2020.16,2020,11,5,54.18, , ,,,Cameron Dow,Cameron Dow,1
190658,1,litu,1907,2020.16,2020,11,5,42.41, , ,,,Cameron Dow,Cameron Dow,1
190670,1,litu,1908,2020.16,2020,11,5,76.63, , ,,,Cameron Dow,Cameron Dow,1
190694,1,quru,1909,2020.16,2020,11,5,134.04, , ,,,Cameron Dow,Cameron Dow,1
190793,1,litu,1914,2020.16,2020,11,5,138.15, , ,,,Cameron Dow,Cameron Dow,1
190794,1,quru,1914,2020.16,2020,11,5,NA, , ,RE,window too large,Cameron Dow,Cameron Dow,1
190798,1,cagl,1914,2020.16,2020,11,5,11.8, , ,,,Cameron Dow,Cameron Dow,1
200038,1,litu,2001,2020.16,2020,11,5,NA, , ,RE,,Cameron Dow,Cameron Dow,1
200038,2,litu,2001,2020.16,2020,11,5,NA, , ,RE,,Cameron Dow,Cameron Dow,1
200142,1,litu,2002,2020.16,2020,11,5,133.48, , ,,,Cameron Dow,Cameron Dow,1
200151,1,litu,2002,2020.16,2020,11,5,45.97, , ,,,Cameron Dow,Cameron Dow,1
200547,1,litu,2005,2020.16,2020,11,5,141.22, , ,,,Cameron Dow,Cameron Dow,1
200551,1,litu,2005,2020.16,2020,11,5,117.62, , ,,,Cameron Dow,Cameron Dow,1
200553,1,litu,2005,2020.16,2020,11,5,126.01, , ,,,Cameron Dow,Cameron Dow,1
200577,1,juni,2007,2020.16,2020,11,5,12.89, , ,,double-checked,Cameron Dow,Cameron Dow,1
200586,1,juni,2007,2020.16,2020,11,5,127.02, , ,,,Cameron Dow,Cameron Dow,1
200613,1,litu,2004,2020.16,2020,11,5,108.45, , ,,,Cameron Dow,Cameron Dow,1
200676,1,litu,2008,2020.16,2020,11,5,NA, , ,RE,window too large,Cameron Dow,Cameron Dow,1
200812,1,juni,2008,2020.16,2020,11,5,46.23, , ,,,Cameron Dow,Cameron Dow,1
200818,1,litu,2008,2020.16,2020,11,5,47.49, , ,,,Cameron Dow,Cameron Dow,1
200822,1,litu,2008,2020.16,2020,11,5,111.88, , ,,,Cameron Dow,Cameron Dow,1
201207,1,litu,2012,2020.16,2020,11,5,51.49, , ,,,Cameron Dow,Cameron Dow,1
201261,1,juni,2013,2020.16,2020,11,5,22.26, , ,,,Cameron Dow,Cameron Dow,1
201264,1,litu,2014,2020.16,2020,11,5,62.27, , ,,,Cameron Dow,Cameron Dow,1
201274,1,litu,2014,2020.16,2020,11,5,154, , ,RE,window too large,Cameron Dow,Cameron Dow,1
201278,1,litu,2014,2020.16,2020,11,5,151.4, , ,RE,,Cameron Dow,Cameron Dow,1
201279,1,quru,2014,2020.16,2020,11,5,106.22, , ,,,Cameron Dow,Cameron Dow,1
201331,1,qupr,2015,2020.16,2020,11,5,20.46, , ,,,Cameron Dow,Cameron Dow,1
40465,1,qupr,404,2020.16,2020,11,5,38.82, , ,,,Ellie Grant,Cameron Dow,2
50288,1,quru,505,2020.16,2020,11,5,56.65, , ,,,Ellie Grant,Cameron Dow,2
50364,1,qual,507,2020.16,2020,11,5,133.99, , ,,,Ellie Grant,Cameron Dow,2
60161,1,qupr,608,2020.16,2020,11,5,101.31, , ,,,Ellie Grant,Cameron Dow,2
60266,1,cato,604,2020.16,2020,11,5,14.37, , ,,,Ellie Grant,Cameron Dow,2
70096,1,quru,704,2020.16,2020,11,5,28.77, , ,,,Ellie Grant,Cameron Dow,2
70126,1,quru,705,2020.16,2020,11,5,96.39, , ,,,Ellie Grant,Cameron Dow,2
70146,1,quve,706,2020.16,2020,11,5,12.1, , ,,,Ellie Grant,Cameron Dow,2
70181,1,litu,707,2020.16,2020,11,5,96.84, , ,,,Ellie Grant,Cameron Dow,2
70278,1,qupr,704,2020.16,2020,11,5,51.82, , ,,,Ellie Grant,Cameron Dow,2
70292,1,cagl,705,2020.16,2020,11,5,72.49, , ,,,Ellie Grant,Cameron Dow,2
70352,1,litu,707,2020.16,2020,11,5,102.34, , ,,,Ellie Grant,Cameron Dow,2
70357,1,cagl,708,2020.16,2020,11,5,11.08, , ,DC,downed,Ellie Grant,Cameron Dow,2
70358,1,litu,708,2020.16,2020,11,5,110.34, , ,,,Ellie Grant,Cameron Dow,2
70433,1,litu,710,2020.16,2020,11,5,133.35, , ,,,Ellie Grant,Cameron Dow,2
70519,1,qual,711,2020.16,2020,11,5,92.39, , ,,,Ellie Grant,Cameron Dow,2
70536,1,qual,711,2020.16,2020,11,5,20.1, , ,,,Ellie Grant,Cameron Dow,2
70579,1,caovl,714,2020.16,2020,11,5,42.88, , ,,,Ellie Grant,Cameron Dow,2
80100,1,litu,804,2020.16,2020,11,5,42.31, , ,,,Ellie Grant,Cameron Dow,2
80180,1,cagl,804,2020.16,2020,11,5,39.18,, ,,double-checked; species quercus,Ellie Grant,Cameron Dow,2
80398,1,caco,807,2020.16,2020,11,5,NA,,,,,Ellie Grant,Cameron Dow,2
80401,1,caco,807,2020.16,2020,11,5,31.52, , ,,,Ellie Grant,Cameron Dow,2
80554,1,caovl,813,2020.16,2020,11,5,111.82, , ,F,double-checked,Ellie Grant,Cameron Dow,2
80559,1,nysy,813,2020.16,2020,11,5,6.68, , ,,,Ellie Grant,Cameron Dow,2
80615,1,litu,810,2020.16,2020,11,5,45.06, , ,,,Ellie Grant,Cameron Dow,2
80628,1,quru,811,2020.16,2020,11,5,49.04, , ,,,Ellie Grant,Cameron Dow,2
80631,1,litu,811,2020.16,2020,11,5,133.45, , ,,,Ellie Grant,Cameron Dow,2
90043,1,quve,901,2020.16,2020,11,5,75.72, , ,F,double-checked; new tag,Ellie Grant,Cameron Dow,2
90084,1,quve,902,2020.16,2020,11,5,72.18, , ,RE,band adjusted,Ellie Grant,Cameron Dow,2
90162,1,litu,904,2020.16,2020,11,5,98.18, , ,,,Jessica Shue,Cameron Dow,2
90311,1,cagl,904,2020.16,2020,11,5,19.89, , ,,,Jessica Shue,Cameron Dow,2
90354,1,litu,905,2020.16,2020,11,5,NA, , ,RE,,Jessica Shue,Cameron Dow,2
90530,1,litu,910,2020.16,2020,11,5,144.03, , ,,,Ellie Grant,Cameron Dow,2
90612,1,quru,910,2020.16,2020,11,5,142.41, , ,,,Ellie Grant,Cameron Dow,2
90660,1,quru,913,2020.16,2020,11,5,111.13, , ,,double-checked,Ellie Grant,Cameron Dow,2
91435,1,litu,907,2020.16,2020,11,5,,,,,,Jessica Shue,Cameron Dow,2
91451,1,litu,907,2020.16,2020,11,5,143.16, , ,,,Ellie Grant,Cameron Dow,2
91474,1,litu,908,2020.16,2020,11,5,58.57, , ,,,Ellie Grant,Cameron Dow,2
91476,1,litu,908,2020.16,2020,11,5,106.71, , ,,,Ellie Grant,Cameron Dow,2
91477,1,litu,908,2020.16,2020,11,5,50.61, , ,,,Ellie Grant,Cameron Dow,2
91486,1,cagl,908,2020.16,2020,11,5,52.77, , ,,,Ellie Grant,Cameron Dow,2
100516,1,litu,1004,2020.16,2020,11,5,85.95, , ,,,Ellie Grant,Cameron Dow,2
100562,1,litu,1004,2020.16,2020,11,5,NA, , ,RE,,Jessica Shue,Cameron Dow,2
100612,1,litu,1003,2020.16,2020,11,5,116.67, , ,RE,band adjusted,Ellie Grant,Cameron Dow,2
100754,1,quru,1005,2020.16,2020,11,5,37.86, , ,,,Jessica Shue,Cameron Dow,2
100771,1,quru,1005,2020.16,2020,11,5,45.52, , ,,double-checked,Jessica Shue,Cameron Dow,2
100905,1,litu,1008,2020.16,2020,11,5,22.07, , ,,,Ellie Grant,Cameron Dow,2
100906,1,litu,1008,2020.16,2020,11,5,29.34, , ,,,Ellie Grant,Cameron Dow,2
100955,1,quru,1010,2020.16,2020,11,5,14.76, , ,,,Ellie Grant,Cameron Dow,2
100960,1,quru,1010,2020.16,2020,11,5,79.66, , ,,double-checked,Ellie Grant,Cameron Dow,2
101111,1,litu,1011,2020.16,2020,11,5,34.09, , ,,,Ellie Grant,Cameron Dow,2
101118,1,litu,1011,2020.16,2020,11,5,106.18, , ,,,Ellie Grant,Cameron Dow,2
110061,1,litu,1101,2020.16,2020,11,5,18, , ,,,Jessica Shue,Cameron Dow,2
110680,1,litu,1104,2020.16,2020,11,5,143.79, , ,,,Ellie Grant,Cameron Dow,2
110788,1,litu,1104,2020.16,2020,11,5,123.38, , ,,,Ellie Grant,Cameron Dow,2
110791,1,litu,1104,2020.16,2020,11,5,16.4, , ,,,Ellie Grant,Cameron Dow,2
110798,1,litu,1104,2020.16,2020,11,5,43.31, , ,,,Ellie Grant,Cameron Dow,2
110901,1,litu,1105,2020.16,2020,11,5,85.35, , ,,,Ellie Grant,Cameron Dow,2
111014,1,litu,1107,2020.16,2020,11,5,153.58, , ,,,Ellie Grant,Cameron Dow,2
111029,1,litu,1107,2020.16,2020,11,5,NA, , ,DC,,Jessica Shue,Cameron Dow,2
111030,1,litu,1107,2020.16,2020,11,5,95.31, , ,,,Ellie Grant,Cameron Dow,2
111032,1,litu,1107,2020.16,2020,11,5,56.87, , ,,,Ellie Grant,Cameron Dow,2
111032,2,litu,1107,2020.16,2020,11,5,53.47, , ,,,Ellie Grant,Cameron Dow,2
111039,1,litu,1108,2020.16,2020,11,5,16.82, , ,,,Ellie Grant,Cameron Dow,2
111041,1,quru,1108,2020.16,2020,11,5,140.2, , ,RE,new tag,Ellie Grant,Cameron Dow,2
111092,1,litu,1110,2020.16,2020,11,5,132.34, , ,,,Ellie Grant,Cameron Dow,2
111093,1,litu,1110,2020.16,2020,11,5,71.19, , ,,,Ellie Grant,Cameron Dow,2
120278,1,litu,1201,2020.16,2020,11,5,146.93, , ,RE,,Jessica Shue,Cameron Dow,2
120755,1,litu,1204,2020.16,2020,11,5,148.94, , ,,,Ellie Grant,Cameron Dow,2
120777,1,litu,1205,2020.16,2020,11,5,116.95, , ,,,Ellie Grant,Cameron Dow,2
120781,1,litu,1205,2020.16,2020,11,5,106.89, , ,,,Ellie Grant,Cameron Dow,2
120790,1,litu,1205,2020.16,2020,11,5,108.91, , ,,,Ellie Grant,Cameron Dow,2
121195,1,quru,1211,2020.16,2020,11,5,97.49, , ,NT,band adjusted;hit by coarse woody debris,Ellie Grant,Cameron Dow,2
121212,1,litu,1207,2020.16,2020,11,5,112.82, , ,,,Ellie Grant,Cameron Dow,2
121221,1,litu,1207,2020.16,2020,11,5,7.65, , ,,,Ellie Grant,Cameron Dow,2
121275,1,qupr,1209,2020.16,2020,11,5,25.81, , ,,,Ellie Grant,Cameron Dow,2
121291,1,qupr,1210,2020.16,2020,11,5,110.2, , ,,,Ellie Grant,Cameron Dow,2
121301,1,caovl,1211,2020.16,2020,11,5,115.47, , ,,,Ellie Grant,Cameron Dow,2
121305,1,quru,1211,2020.16,2020,11,5,130.19, , ,,,Ellie Grant,Cameron Dow,2
130718,1,litu,1306,2020.16,2020,11,5,37.35, , ,NT,band adjusted,Ellie Grant,Cameron Dow,2
130838,1,litu,1305,2020.16,2020,11,5,37.37, , ,,,Ellie Grant,Cameron Dow,2
131009,1,quve,1308,2020.16,2020,11,5,57.16, , ,,,Ellie Grant,Cameron Dow,2
131086,1,quru,1310,2020.16,2020,11,5,77.71, , ,,,Ellie Grant,Cameron Dow,2
131087,1,quru,1310,2020.16,2020,11,5,64.09, , ,,,Ellie Grant,Cameron Dow,2
131092,1,litu,1311,2020.16,2020,11,5,57.99, , ,,,Ellie Grant,Cameron Dow,2
131096,1,litu,1311,2020.16,2020,11,5,17.41, , ,,,Ellie Grant,Cameron Dow,2
140646,1,litu,1405,2020.16,2020,11,5,80.43, , ,,,Ellie Grant,Cameron Dow,2
140736,1,quve,1407,2020.16,2020,11,5,53.71, , ,,double-checked;tag needs nail,Ellie Grant,Cameron Dow,2
140751,1,quru,1408,2020.16,2020,11,5,88.26, , ,,,Ellie Grant,Cameron Dow,2
140756,1,quve,1408,2020.16,2020,11,5,NA,,,DS,,Jessica Shue,Cameron Dow,2
140813,1,litu,1410,2020.16,2020,11,5,98.35, , ,,,Ellie Grant,Cameron Dow,2
140818,1,litu,1410,2020.16,2020,11,5,73.29, , ,,,Ellie Grant,Cameron Dow,2
140819,1,litu,1411,2020.16,2020,11,5,4.18, , ,,,Ellie Grant,Cameron Dow,2
140821,1,litu,1411,2020.16,2020,11,5,49.01, , ,,,Ellie Grant,Cameron Dow,2
140825,1,litu,1411,2020.16,2020,11,5,33.11, , ,,,Ellie Grant,Cameron Dow,2
140829,1,litu,1411,2020.16,2020,11,5,38.32, , ,,,Ellie Grant,Cameron Dow,2
140833,1,litu,1411,2020.16,2020,11,5,132.08, , ,,,Ellie Grant,Cameron Dow,2
10469,1,litu,109,2020.16,2020,11,5,NA, , ,RE,window too large,Cameron Dow,Cameron Dow,3
10587,1,litu,113,2020.16,2020,11,5,69.69, , ,,,Cameron Dow,Cameron Dow,3
10609,1,cagl,111,2020.16,2020,11,5,89.53, , ,,,Cameron Dow,Cameron Dow,3
10671,1,quru,114,2020.16,2020,11,5,70.83, , ,,,Cameron Dow,Cameron Dow,3
20587,1,litu,208,2020.16,2020,11,5,NA, , ,RE,too large to measure,Cameron Dow,Cameron Dow,3
20603,1,fram,208,2020.16,2020,11,5,122.78, , ,,,Cameron Dow,Cameron Dow,3
20617,1,litu,209,2020.16,2020,11,5,51.02, , ,,,Cameron Dow,Cameron Dow,3
20712,1,litu,212,2020.16,2020,11,5,73.42, , ,,,Cameron Dow,Cameron Dow,3
30225,1,qual,306,2020.16,2020,11,5,32.7, , ,,,Cameron Dow,Cameron Dow,3
30233,1,fagr,306,2020.16,2020,11,5,42.93, , ,,double-checked,Cameron Dow,Cameron Dow,3
30234,1,fagr,306,2020.16,2020,11,5,13.17, , ,,,Cameron Dow,Cameron Dow,3
30331,1,cagl,306,2020.16,2020,11,5,48.45, , ,,,Cameron Dow,Cameron Dow,3
30333,1,fagr,306,2020.16,2020,11,5,64.45, , ,,,Cameron Dow,Cameron Dow,3
30339,1,litu,307,2020.16,2020,11,5,97, , ,,,Cameron Dow,Cameron Dow,3
30339,2,litu,307,2020.16,2020,11,5,87.24, , ,,double-checked,Cameron Dow,Cameron Dow,3
30339,3,litu,307,2020.16,2020,11,5,43.7, , ,,,Cameron Dow,Cameron Dow,3
30462,1,litu,313,2020.16,2020,11,5,135.48, , ,,,Cameron Dow,Cameron Dow,3
30467,1,litu,314,2020.16,2020,11,5,108.03, , ,,,Cameron Dow,Cameron Dow,3
30512,1,quru,313,2020.16,2020,11,5,37.6, , ,,,Cameron Dow,Cameron Dow,3
40562,1,fagr,406,2020.16,2020,11,5,9.66, , ,,,Cameron Dow,Cameron Dow,3
40563,1,fagr,406,2020.16,2020,11,5,56.33, , ,,,Cameron Dow,Cameron Dow,3
40564,1,fagr,406,2020.16,2020,11,5,27.57, , ,,,Cameron Dow,Cameron Dow,3
40565,1,cagl,406,2020.16,2020,11,5,7.7, , ,,,Cameron Dow,Cameron Dow,3
40566,1,cagl,406,2020.16,2020,11,5,23.58, , ,,,Cameron Dow,Cameron Dow,3
40567,1,fagr,406,2020.16,2020,11,5,15.33, , ,,,Cameron Dow,Cameron Dow,3
40568,1,fagr,406,2020.16,2020,11,5,24.4, , ,,,Cameron Dow,Cameron Dow,3
40569,1,litu,407,2020.16,2020,11,5,106.53, , ,,,Cameron Dow,Cameron Dow,3
40635,1,cato,408,2020.16,2020,11,5,51.62, , ,,,Cameron Dow,Cameron Dow,3
40941,1,litu,414,2020.16,2020,11,5,NA, , ,RE,,Cameron Dow,Cameron Dow,3
40942,1,acru,414,2020.16,2020,11,5,108.67, , ,,,Cameron Dow,Cameron Dow,3
40972,1,litu,415,2020.16,2020,11,5,34.01, , ,,,Cameron Dow,Cameron Dow,3
50160,1,fram,502,2020.16,2020,11,5,14.97, , ,DS,,Cameron Dow,Cameron Dow,3
50525,1,qual,512,2020.16,2020,11,5,25.9, , ,,,Cameron Dow,Cameron Dow,3
50562,1,quru,514,2020.16,2020,11,5,24.82, , ,,,Cameron Dow,Cameron Dow,3
50622,1,qual,513,2020.16,2020,11,5,22.11, , ,,,Cameron Dow,Cameron Dow,3
50646,1,quru,514,2020.16,2020,11,5,24.09, , ,,,Cameron Dow,Cameron Dow,3
50650,1,litu,514,2020.16,2020,11,5,21.71, , ,,,Cameron Dow,Cameron Dow,3
50654,1,litu,514,2020.16,2020,11,5,60.26, , ,,,Cameron Dow,Cameron Dow,3
60410,1,fram,610,2020.16,2020,11,5,40.04, , ,,,Cameron Dow,Cameron Dow,3
60456,1,caca,614,2020.16,2020,11,5,9.96, , ,,,Cameron Dow,Cameron Dow,3
60457,1,caca,614,2020.16,2020,11,5,14.02, , ,,,Cameron Dow,Cameron Dow,3
60458,1,fagr,615,2020.16,2020,11,5,36.07, , ,,,Cameron Dow,Cameron Dow,3
60459,1,fagr,615,2020.16,2020,11,5,21.58, , ,,,Cameron Dow,Cameron Dow,3
60462,1,fagr,615,2020.16,2020,11,5,85.12, , ,,,Cameron Dow,Cameron Dow,3
60463,1,juni,615,2020.16,2020,11,5,62.25, , ,,,Cameron Dow,Cameron Dow,3
60468,1,caca,615,2020.16,2020,11,5,10.67, , ,,,Cameron Dow,Cameron Dow,3
60469,1,cofl,615,2020.16,2020,11,5,10.46, , ,,,Cameron Dow,Cameron Dow,3
60562,1,fagr,614,2020.16,2020,11,5,7.49, , ,DS,,Cameron Dow,Cameron Dow,3
60563,1,caca,614,2020.16,2020,11,5,21.08, , ,,,Cameron Dow,Cameron Dow,3
60566,1,fagr,614,2020.16,2020,11,5,105.44, , ,,,Cameron Dow,Cameron Dow,3
60567,1,litu,614,2020.16,2020,11,5,71, , ,,,Cameron Dow,Cameron Dow,3
60568,1,caca,614,2020.16,2020,11,5,3.65, , ,NT,double-checked; seeds; new band?,Cameron Dow,Cameron Dow,3
60569,1,caca,614,2020.16,2020,11,5,1.98, , ,NT,double-checked; seeds; new band?,Cameron Dow,Cameron Dow,3
60571,1,caca,614,2020.16,2020,11,5,24.22, , ,,,Cameron Dow,Cameron Dow,3
60573,1,tiam,614,2020.16,2020,11,5,37.7, , ,,,Cameron Dow,Cameron Dow,3
60576,1,caca,615,2020.16,2020,11,5,20.55, , ,,,Cameron Dow,Cameron Dow,3
60577,1,litu,615,2020.16,2020,11,5,33.7, , ,,,Cameron Dow,Cameron Dow,3
60578,1,caca,615,2020.16,2020,11,5,22.09, , ,,,Cameron Dow,Cameron Dow,3
60581,1,litu,615,2020.16,2020,11,5,29.88, , ,,,Cameron Dow,Cameron Dow,3
60582,1,quru,615,2020.16,2020,11,5,34.26, , ,,,Cameron Dow,Cameron Dow,3
60586,1,caca,615,2020.16,2020,11,5,11.01, , ,,,Cameron Dow,Cameron Dow,3
60587,1,caca,615,2020.16,2020,11,5,21.03, , ,,,Cameron Dow,Cameron Dow,3
60588,1,caco,615,2020.16,2020,11,5,46.76, , ,,,Cameron Dow,Cameron Dow,3
70216,1,quve,701,2020.16,2020,11,5,NA, , ,RE,window too large,Cameron Dow,Cameron Dow,3
70220,1,qual,702,2020.16,2020,11,5,25.44, , ,,,Cameron Dow,Cameron Dow,3
70492,1,nysy,714,2020.16,2020,11,5,14.53, , ,,,Cameron Dow,Cameron Dow,3
70493,1,litu,714,2020.16,2020,11,5,19.98, , ,,,Cameron Dow,Cameron Dow,3
70494,1,caca,714,2020.16,2020,11,5,32.11, , ,,,Cameron Dow,Cameron Dow,3
70494,2,caca,714,2020.16,2020,11,5,16.71, , ,,,Cameron Dow,Cameron Dow,3
70495,1,caca,714,2020.16,2020,11,5,4.11, , ,NT,double-checked; seeds; new band?,Cameron Dow,Cameron Dow,3
70581,1,quru,714,2020.16,2020,11,5,31.98, , ,,,Cameron Dow,Cameron Dow,3
80005,1,fram,801,2020.16,2020,11,5,22.15, , ,DS,,Cameron Dow,Cameron Dow,3
80121,1,quve,801,2020.16,2020,11,5,8.23, , ,,,Cameron Dow,Cameron Dow,3
100011,1,fram,1001,2020.16,2020,11,5,105.75, , ,,,Cameron Dow,Cameron Dow,3
101223,1,qupr,1013,2020.16,2020,11,5,31.3, , ,,,Cameron Dow,Cameron Dow,3
101244,1,quve,1014,2020.16,2020,11,5,89.26, , ,,,Cameron Dow,Cameron Dow,3
121438,1,caco,1215,2020.16,2020,11,5,27.52, , ,,,Cameron Dow,Cameron Dow,3
131188,1,litu,1313,2020.16,2020,11,5,44.78, , ,,,Cameron Dow,Cameron Dow,3
131227,1,litu,1313,2020.16,2020,11,5,106.32, , ,,,Cameron Dow,Cameron Dow,3
131232,1,litu,1313,2020.16,2020,11,5,113.64, , ,,,Cameron Dow,Cameron Dow,3
131233,1,litu,1313,2020.16,2020,11,5,76.49, , ,,,Cameron Dow,Cameron Dow,3
131239,1,quru,1314,2020.16,2020,11,5,143.3, , ,,,Cameron Dow,Cameron Dow,3
131272,1,fram,1315,2020.16,2020,11,5,NA,,,,,Cameron Dow,Cameron Dow,3
140872,1,litu,1413,2020.16,2020,11,5,45.87, , ,,,Cameron Dow,Cameron Dow,3
141088,1,fram,1415,2020.16,2020,11,5,NA, , ,,,Cameron Dow,Cameron Dow,3
141216,1,caco,1415,2020.16,2020,11,5,17.59, , ,,,Cameron Dow,Cameron Dow,3
12025,1,quru,117,2020.16,2020,11,5,64.1, , ,,double-checked,Jessica Shue,Cameron Dow,4
12259,1,litu,125,2020.16,2020,11,5,50.23, , ,RE,"new spring, out of place",Jessica Shue,Cameron Dow,4
12270,1,tiam,125,2020.16,2020,11,5,61.92, , ,,woodpecker damage,Jessica Shue,Cameron Dow,4
12416,1,cato,129,2020.16,2020,11,5,10.64, , ,,,Jessica Shue,Cameron Dow,4
12508,1,litu,131,2020.16,2020,11,5,35.71, , ,NT,band adjusted,Jessica Shue,Cameron Dow,4
22004,1,litu,217,2020.16,2020,11,5,41.18, , ,,double-checked,Jessica Shue,Cameron Dow,4
22041,1,litu,217,2020.16,2020,11,5,55.64, , ,,,Jessica Shue,Cameron Dow,4
22170,1,litu,221,2020.16,2020,11,5,37.86, , ,,,Jessica Shue,Cameron Dow,4
22315,1,caco,225,2020.16,2020,11,5,12.95, , ,,,Jessica Shue,Cameron Dow,4
22333,1,fram,226,2020.16,2020,11,5,43.22, , ,DS,,Jessica Shue,Cameron Dow,4
30584,1,quve,316,2020.16,2020,11,5,141.08, , ,RE,band adjusted,Jessica Shue,Cameron Dow,4
32097,1,litu,320,2020.16,2020,11,5,35.31, , ,,damage to trunk,Jessica Shue,Cameron Dow,4
32126,1,litu,321,2020.16,2020,11,5,100.27, , ,,double-checked,Jessica Shue,Cameron Dow,4
32381,1,qupr,327,2020.16,2020,11,5,85.26, , ,,double-checked,Jessica Shue,Cameron Dow,4
32423,1,litu,329,2020.16,2020,11,5,74.68, , ,,double-checked,Jessica Shue,Cameron Dow,4
32540,1,qupr,332,2020.16,2020,11,5,120.83, , ,,,Jessica Shue,Cameron Dow,4
42009,1,ploc,417,2020.16,2020,11,5,120.79, , ,,,Jessica Shue,Cameron Dow,4
42397,1,quru,428,2020.16,2020,11,5,81.85, , ,,double-checked,Jessica Shue,Cameron Dow,4
52087,1,quru,519,2020.16,2020,11,5,139.31, , ,,,Jessica Shue,Cameron Dow,4
52190,1,quru,522,2020.16,2020,11,5,126.16, , ,RE,double-checked,Jessica Shue,Cameron Dow,4
52344,1,cagl,528,2020.16,2020,11,5,7.37, , ,,,Jessica Shue,Cameron Dow,4
62114,1,quve,619,2020.16,2020,11,5,21.36, , ,,,Jessica Shue,Cameron Dow,4
62128,1,quru,620,2020.16,2020,11,5,126.3, , ,,double-checked,Jessica Shue,Cameron Dow,4
62181,1,quve,621,2020.16,2020,11,5,122.05, , ,,,Jessica Shue,Cameron Dow,4
62224,1,litu,622,2020.16,2020,11,5,139.09, , ,,double-checked,Jessica Shue,Cameron Dow,4
62241,1,litu,623,2020.16,2020,11,5,134.16, , ,,,Jessica Shue,Cameron Dow,4
72024,1,quve,717,2020.16,2020,11,5,51.4, , ,,,Jessica Shue,Cameron Dow,4
72104,1,qual,718,2020.16,2020,11,5,11.01, , ,,,Jessica Shue,Cameron Dow,4
72115,1,litu,719,2020.16,2020,11,5,96.73, , ,,,Jessica Shue,Cameron Dow,4
72116,1,litu,719,2020.16,2020,11,5,30.24, , ,,double-checked,Jessica Shue,Cameron Dow,4
72122,1,caca,719,2020.16,2020,11,5,18.22, , ,,,Jessica Shue,Cameron Dow,4
72124,1,quru,719,2020.16,2020,11,5,136.41, , ,RE,double-checked,Jessica Shue,Cameron Dow,4
72149,1,litu,720,2020.16,2020,11,5,30.89, , ,,,Jessica Shue,Cameron Dow,4
72173,1,qual,720,2020.16,2020,11,5,15.29, , ,,,Jessica Shue,Cameron Dow,4
72210,1,qual,721,2020.16,2020,11,5,18.31, , ,,double-checked,Jessica Shue,Cameron Dow,4
72232,1,qual,722,2020.16,2020,11,5,116.77, , ,,,Jessica Shue,Cameron Dow,4
72248,1,caovl,723,2020.16,2020,11,5,80.52, , ,RE,,Jessica Shue,Cameron Dow,4
82125,1,cagl,819,2020.16,2020,11,5,31.93, , ,,,Jessica Shue,Cameron Dow,4
82138,1,quru,820,2020.16,2020,11,5,115.06, , ,RE,"double-checked; clip end undone, new tag",Jessica Shue,Cameron Dow,4
82203,1,litu,822,2020.16,2020,11,5,41.14, , ,,double-checked,Jessica Shue,Cameron Dow,4
82223,1,litu,822,2020.16,2020,11,5,38.72, , ,,double-checked,Jessica Shue,Cameron Dow,4
82226,1,litu,823,2020.16,2020,11,5,56.28, , ,,,Jessica Shue,Cameron Dow,4
90752,1,qual,916,2020.16,2020,11,5,77.28, , ,,,Jessica Shue,Cameron Dow,5
92018,1,acru,917,2020.16,2020,11,5,96.97, , ,,,Jessica Shue,Cameron Dow,5
92112,1,litu,919,2020.16,2020,11,5,147.58, , ,,double-checked,Jessica Shue,Cameron Dow,5
92139,1,quru,920,2020.16,2020,11,5,38.24, , ,DS,,Jessica Shue,Cameron Dow,5
92140,1,cato,920,2020.16,2020,11,5,7.96, , ,,tag was replaced as 92138; another stem tagged 92138 West of this stem,Jessica Shue,Cameron Dow,5
92141,1,cagl,920,2020.16,2020,11,5,37.77, , ,RE,,Jessica Shue,Cameron Dow,5
92237,1,nysy,922,2020.16,2020,11,5,18.23, , ,,,Jessica Shue,Cameron Dow,5
92238,1,quve,922,2020.16,2020,11,5,124.36, , ,,double-checked,Jessica Shue,Cameron Dow,5
92280,1,quve,923,2020.16,2020,11,5,NA, , ,RE,gap larger than caliper extent; roughly 161.37,Jessica Shue,Cameron Dow,5
92347,1,quru,923,2020.16,2020,11,5,15.97, , ,,,Jessica Shue,Cameron Dow,5
101310,1,fram,1016,2020.16,2020,11,5,91.1, , ,,,Jessica Shue,Cameron Dow,5
101312,1,fram,1016,2020.16,2020,11,5,137.86, , ,,,Jessica Shue,Cameron Dow,5
102148,1,cato,1019,2020.16,2020,11,5,26.86, , ,,,Jessica Shue,Cameron Dow,5
102149,1,cagl,1020,2020.16,2020,11,5,44.43, , ,,,Jessica Shue,Cameron Dow,5
102150,1,qual,1020,2020.16,2020,11,5,73.65, , ,,,Jessica Shue,Cameron Dow,5
102154,1,qual,1020,2020.16,2020,11,5,107.83, , ,,,Jessica Shue,Cameron Dow,5
102177,1,qual,1020,2020.16,2020,11,5,122.65, , ,,,Jessica Shue,Cameron Dow,5
102199,1,cagl,1021,2020.16,2020,11,5,58.24, , ,,double-checked,Jessica Shue,Cameron Dow,5
102258,1,qual,1022,2020.16,2020,11,5,9.17, , ,,,Jessica Shue,Cameron Dow,5
102261,1,qual,1022,2020.16,2020,11,5,26.19, , ,,double-checked,Jessica Shue,Cameron Dow,5
102262,1,qual,1022,2020.16,2020,11,5,95.12, , ,,,Jessica Shue,Cameron Dow,5
102264,1,qual,1022,2020.16,2020,11,5,44.37, , ,,,Jessica Shue,Cameron Dow,5
102303,1,quve,1024,2020.16,2020,11,5,41.67, , ,,double-checked,Jessica Shue,Cameron Dow,5
111292,1,fram,1116,2020.16,2020,11,5,78.12, , ,,,Jessica Shue,Cameron Dow,5
112014,1,cagl,1117,2020.16,2020,11,5,87.98, , ,,,Jessica Shue,Cameron Dow,5
112057,1,acru,1117,2020.16,2020,11,5,90.01, , ,,double-checked,Jessica Shue,Cameron Dow,5
112060,1,fram,1117,2020.16,2020,11,5,94.63, , ,DS,,Jessica Shue,Cameron Dow,5
112118,1,quru,1119,2020.16,2020,11,5,64.97, , ,DS ; L,L SW,Jessica Shue,Cameron Dow,5
112130,1,qual,1119,2020.16,2020,11,5,11.14, , ,,,Jessica Shue,Cameron Dow,5
112136,1,pist,1120,2020.16,2020,11,5,33.98, , ,,double-checked,Jessica Shue,Cameron Dow,5
112137,1,qual,1120,2020.16,2020,11,5,38.38, , ,,,Jessica Shue,Cameron Dow,5
112142,1,qual,1120,2020.16,2020,11,5,26.29, , ,,,Jessica Shue,Cameron Dow,5
112250,1,pist,1122,2020.16,2020,11,5,46.14, , ,,double-checked,Jessica Shue,Cameron Dow,5
112252,1,litu,1122,2020.16,2020,11,5,92.34, , ,,double-checked,Jessica Shue,Cameron Dow,5
112262,1,quru,1123,2020.16,2020,11,5,55.75, , ,,,Jessica Shue,Cameron Dow,5
121358,1,fram,1216,2020.16,2020,11,5,11.15, , ,,,Jessica Shue,Cameron Dow,5
121367,1,nysy,1216,2020.16,2020,11,5,72.33, , ,,,Jessica Shue,Cameron Dow,5
121374,1,juni,1216,2020.16,2020,11,5,94.15, , ,,new tag,Jessica Shue,Cameron Dow,5
122005,1,fram,1217,2020.16,2020,11,5,102.27, , ,DS,,Jessica Shue,Cameron Dow,5
122006,1,acru,1217,2020.16,2020,11,5,106.03, , ,RE,,Jessica Shue,Cameron Dow,5
122009,1,acru,1217,2020.16,2020,11,5,86.3, , ,RE,,Jessica Shue,Cameron Dow,5
122120,1,qual,1220,2020.16,2020,11,5,NA, , ,RE,,Jessica Shue,Cameron Dow,5
122121,1,pist,1220,2020.16,2020,11,5,23.62, , ,,replace tag; squirrel damage,Jessica Shue,Cameron Dow,5
122136,1,quru,1220,2020.16,2020,11,5,67.21, , ,,double-checked,Jessica Shue,Cameron Dow,5
122184,1,pist,1222,2020.16,2020,11,5,11.92, , ,,,Jessica Shue,Cameron Dow,5
122185,1,pist,1222,2020.16,2020,11,5,31.5, , ,,,Jessica Shue,Cameron Dow,5
122189,1,qual,1222,2020.16,2020,11,5,110.32, , ,,,Jessica Shue,Cameron Dow,5
122248,1,qual,1222,2020.16,2020,11,5,57.53, , ,,,Jessica Shue,Cameron Dow,5
122303,1,qual,1223,2020.16,2020,11,5,91.84, , ,,,Jessica Shue,Cameron Dow,5
131352,1,fram,1316,2020.16,2020,11,5,NA,,,,,Jessica Shue,Cameron Dow,5
131364,1,acru,1316,2020.16,2020,11,5,46.94, , ,,double-checked,Jessica Shue,Cameron Dow,5
132028,1,fram,1317,2020.16,2020,11,5,54.09, , ,DS,,Jessica Shue,Cameron Dow,5
132077,1,qual,1319,2020.16,2020,11,5,78.35, , ,,,Jessica Shue,Cameron Dow,5
132171,1,litu,1320,2020.16,2020,11,5,67.86, , ,,,Jessica Shue,Cameron Dow,5
132280,1,fram,1324,2020.16,2020,11,5,15.23, , ,,,Jessica Shue,Cameron Dow,5
132302,1,quru,1321,2020.16,2020,11,5,27.38, , ,NT,band adjusted,Jessica Shue,Cameron Dow,5
132311,1,qual,1322,2020.16,2020,11,5,130.37, , ,RE,,Jessica Shue,Cameron Dow,5
132321,1,quru,1323,2020.16,2020,11,5,107.25, , ,,,Jessica Shue,Cameron Dow,5
141146,1,caco,1416,2020.16,2020,11,5,24.27, , ,DS ; X,,Jessica Shue,Cameron Dow,5
142113,1,cagl,1417,2020.16,2020,11,5,41.45, , ,,,Jessica Shue,Cameron Dow,5
142521,1,pist,1422,2020.16,2020,11,5,87.04, , ,,double-checked,Jessica Shue,Cameron Dow,5
142527,1,cagl,1422,2020.16,2020,11,5,36.52, , ,,,Jessica Shue,Cameron Dow,5
142548,1,qual,1424,2020.16,2020,11,5,17.07, , ,,,Jessica Shue,Cameron Dow,5
142206,1,fram,1419,2020.16,2020,11,5,98.68, , ,DS,double-checked,Jessica Shue,Cameron Dow,6
152153,1,ploc,1520,2020.16,2020,11,5,90.01, , ,,double-checked,Jessica Shue,Cameron Dow,6
161578,1,qual,1616,2020.16,2020,11,5,11.46, , ,,,Jessica Shue,Cameron Dow,6
162293,1,qual,1623,2020.16,2020,11,5,116.45, , ,,double-checked,Jessica Shue,Cameron Dow,6
162503,1,quve,1624,2020.16,2020,11,5,143.94, , ,,,Jessica Shue,Cameron Dow,6
171505,1,litu,1716,2020.16,2020,11,5,85.02, , ,,double-checked,Jessica Shue,Cameron Dow,6
171506,1,litu,1716,2020.16,2020,11,5,146.47, , ,RE,double-checked,Jessica Shue,Cameron Dow,6
172201,1,cagl,1717,2020.16,2020,11,5,44.57, , ,,,Jessica Shue,Cameron Dow,6
172202,1,quru,1717,2020.16,2020,11,5,74.61, , ,,,Jessica Shue,Cameron Dow,6
172203,1,qual,1717,2020.16,2020,11,5,20.29, , ,,,Jessica Shue,Cameron Dow,6
172205,1,qual,1717,2020.16,2020,11,5,131.25, , ,RE,,Jessica Shue,Cameron Dow,6
172248,1,cato,1719,2020.16,2020,11,5,32.56, , ,,,Jessica Shue,Cameron Dow,6
172255,1,qual,1720,2020.16,2020,11,5,124.31, , ,DS,172260::68.92,Jessica Shue,Cameron Dow,6
172382,1,juni,1723,2020.16,2020,11,5,114.7, , ,,,Jessica Shue,Cameron Dow,6
181030,1,qual,1816,2020.16,2020,11,5,17.63, , ,,,Jessica Shue,Cameron Dow,6
181033,1,litu,1816,2020.16,2020,11,5,NA, , ,RE,,Jessica Shue,Cameron Dow,6
182161,1,fram,1822,2020.16,2020,11,5,4.72, , ,,,Jessica Shue,Cameron Dow,6
182207,1,qual,1817,2020.16,2020,11,5,113.44, , ,,,Jessica Shue,Cameron Dow,6
182208,1,quru,1817,2020.16,2020,11,5,102.96, , ,,double-checked,Jessica Shue,Cameron Dow,6
182248,1,nysy,1820,2020.16,2020,11,5,30.38, , ,,,Jessica Shue,Cameron Dow,6
182376,1,ploc,1823,2020.16,2020,11,5,97.48, , ,,double-checked,Jessica Shue,Cameron Dow,6
182570,1,juni,1823,2020.16,2020,11,5,109.66, , ,,double-checked,Jessica Shue,Cameron Dow,6
190835,1,litu,1916,2020.16,2020,11,5,119.82, , ,,,Jessica Shue,Cameron Dow,6
190838,1,quru,1916,2020.16,2020,11,5,71.65, , ,,double-checked; bark disease,Jessica Shue,Cameron Dow,6
190840,1,litu,1916,2020.16,2020,11,5,NA, , ,RE,band broken,Jessica Shue,Cameron Dow,6
190935,1,quru,1916,2020.16,2020,11,5,NA,,,DC,,Jessica Shue,Cameron Dow,6
192008,1,qual,1917,2020.16,2020,11,5,136.8, , ,RE,,Jessica Shue,Cameron Dow,6
192055,1,qual,1919,2020.16,2020,11,5,126.64, , ,,,Jessica Shue,Cameron Dow,6
192062,1,qupr,1920,2020.16,2020,11,5,53.05, , ,,,Jessica Shue,Cameron Dow,6
192064,1,qupr,1920,2020.16,2020,11,5,69.27, , ,,,Jessica Shue,Cameron Dow,6
192133,1,caovl,1923,2020.16,2020,11,5,24.62, , ,,double-checked,Jessica Shue,Cameron Dow,6
192244,1,qual,1919,2020.16,2020,11,5,38.02, , ,,,Jessica Shue,Cameron Dow,6
201432,1,quve,2016,2020.16,2020,11,5,80.98, , ,,,Jessica Shue,Cameron Dow,6
201441,1,litu,2016,2020.16,2020,11,5,148.85, , ,RE,double-checked,Jessica Shue,Cameron Dow,6
202050,1,qual,2019,2020.16,2020,11,5,34.51, , ,,,Jessica Shue,Cameron Dow,6
202072,1,qual,2020,2020.16,2020,11,5,26.44, , ,,new tag,Jessica Shue,Cameron Dow,6
202118,1,quve,2023,2020.16,2020,11,5,119.68, , ,NT,band adjusted; band was stuck under nail,Jessica Shue,Cameron Dow,6
202201,1,cato,2017,2020.16,2020,11,5,27.42, , ,,,Jessica Shue,Cameron Dow,6
202203,1,quru,2017,2020.16,2020,11,5,62.31, , ,,double-checked,Jessica Shue,Cameron Dow,6
202212,1,quve,2017,2020.16,2020,11,5,63.25, , ,,,Jessica Shue,Cameron Dow,6
202215,1,qual,2017,2020.16,2020,11,5,101.98, , ,,,Jessica Shue,Cameron Dow,6
202283,1,litu,2020,2020.16,2020,11,5,141.74, , ,,double-checked; new tag,Jessica Shue,Cameron Dow,6
202336,1,cagl,2022,2020.16,2020,11,5,117.24, , ,,double-checked,Jessica Shue,Cameron Dow,6
202337,1,cagl,2023,2020.16,2020,11,5,70.05, , ,,new tag,Jessica Shue,Cameron Dow,6
62285,1,quru,625,2020.16,2020,11,5,41.36, , ,,double-checked,Jessica Shue,Cameron Dow,7
62300,1,quve,625,2020.16,2020,11,5,21.19, , ,,double-checked,Jessica Shue,Cameron Dow,7
62312,1,cato,626,2020.16,2020,11,5,6.65, , ,,,Jessica Shue,Cameron Dow,7
62417,1,quve,630,2020.16,2020,11,5,85.99, , ,,,Jessica Shue,Cameron Dow,7
62449,1,qual,632,2020.16,2020,11,5,119.16, , ,,,Jessica Shue,Cameron Dow,7
62454,1,quve,632,2020.16,2020,11,5,146.72, , ,RE,,Jessica Shue,Cameron Dow,7
72308,1,qual,725,2020.16,2020,11,5,62.58, , ,,,Jessica Shue,Cameron Dow,7
72322,1,litu,726,2020.16,2020,11,5,25.7, , ,,,Jessica Shue,Cameron Dow,7
72324,1,litu,726,2020.16,2020,11,5,46.58, , ,,double-checked,Jessica Shue,Cameron Dow,7
72337,1,quru,727,2020.16,2020,11,5,53.17, , ,,double-checked,Jessica Shue,Cameron Dow,7
72348,1,quru,727,2020.16,2020,11,5,26.06, , ,,,Jessica Shue,Cameron Dow,7
72357,1,quru,728,2020.16,2020,11,5,64.15, , ,,double-checked,Jessica Shue,Cameron Dow,7
72375,1,litu,728,2020.16,2020,11,5,93.98, , ,,,Jessica Shue,Cameron Dow,7
72377,1,litu,728,2020.16,2020,11,5,37.75, , ,,double-checked,Jessica Shue,Cameron Dow,7
72427,1,litu,730,2020.16,2020,11,5,71.6, , ,,,Jessica Shue,Cameron Dow,7
72447,1,litu,732,2020.16,2020,11,5,81.96, , ,,double-checked; new tag,Jessica Shue,Cameron Dow,7
72448,1,litu,732,2020.16,2020,11,5,31.99, , ,,double-checked,Jessica Shue,Cameron Dow,7
82284,1,quve,825,2020.16,2020,11,5,79.68, , ,X,,Jessica Shue,Cameron Dow,7
82292,1,litu,826,2020.16,2020,11,5,27.58, , ,,,Jessica Shue,Cameron Dow,7
82298,1,litu,826,2020.16,2020,11,5,47.98, , ,,double-checked,Jessica Shue,Cameron Dow,7
82326,1,quve,827,2020.16,2020,11,5,NA, , ,RE,,Jessica Shue,Cameron Dow,7
82357,1,litu,828,2020.16,2020,11,5,44.76, , ,,double-checked,Jessica Shue,Cameron Dow,7
82360,1,litu,829,2020.16,2020,11,5,35.52, , ,,,Jessica Shue,Cameron Dow,7
82365,1,qual,829,2020.16,2020,11,5,60, , ,,,Jessica Shue,Cameron Dow,7
82368,1,litu,829,2020.16,2020,11,5,108.63, , ,,,Jessica Shue,Cameron Dow,7
82419,1,litu,831,2020.16,2020,11,5,46.47, , ,,double-checked,Jessica Shue,Cameron Dow,7
82421,1,litu,831,2020.16,2020,11,5,NA, , ,RE,new tag,Jessica Shue,Cameron Dow,7
82422,1,litu,831,2020.16,2020,11,5,86.98, , ,,,Jessica Shue,Cameron Dow,7
82434,1,quve,832,2020.16,2020,11,5,NA, , ,,,Jessica Shue,Cameron Dow,7
92393,1,cagl,925,2020.16,2020,11,5,107.13, , ,,,Jessica Shue,Cameron Dow,7
92414,1,litu,926,2020.16,2020,11,5,17.98, , ,,,Jessica Shue,Cameron Dow,7
92466,1,litu,927,2020.16,2020,11,5,148.05, , ,RE,,Jessica Shue,Cameron Dow,7
92487,1,quve,928,2020.16,2020,11,5,134.5, , ,,,Jessica Shue,Cameron Dow,7
92488,1,litu,928,2020.16,2020,11,5,97.37, , ,,double-checked,Jessica Shue,Cameron Dow,7
92545,1,litu,931,2020.16,2020,11,5,73.26, , ,,new tag,Jessica Shue,Cameron Dow,7
92546,1,litu,931,2020.16,2020,11,5,63.02, , ,,,Jessica Shue,Cameron Dow,7
92547,1,litu,931,2020.16,2020,11,5,91.31, , ,,,Jessica Shue,Cameron Dow,7
102348,1,qual,1025,2020.16,2020,11,5,22.69, , ,,double-checked,Jessica Shue,Cameron Dow,7
102364,1,qual,1025,2020.16,2020,11,5,109.01, , ,,,Jessica Shue,Cameron Dow,7
102365,1,litu,1025,2020.16,2020,11,5,65.68, , ,,,Jessica Shue,Cameron Dow,7
102371,1,qual,1026,2020.16,2020,11,5,82.92, , ,,,Jessica Shue,Cameron Dow,7
102438,1,litu,1028,2020.16,2020,11,5,77.62, , ,,,Jessica Shue,Cameron Dow,7
102438,2,litu,1028,2020.16,2020,11,5,78.27, , ,,double-checked,Jessica Shue,Cameron Dow,7
102439,1,litu,1028,2020.16,2020,11,5,19.96, , ,,,Jessica Shue,Cameron Dow,7
102441,1,litu,1029,2020.16,2020,11,5,71.52, , ,,,Jessica Shue,Cameron Dow,7
102442,1,litu,1029,2020.16,2020,11,5,121.1, , ,,double-checked,Jessica Shue,Cameron Dow,7
102443,1,litu,1029,2020.16,2020,11,5,73.57, , ,,,Jessica Shue,Cameron Dow,7
102444,1,litu,1029,2020.16,2020,11,5,53.9, , ,,double-checked,Jessica Shue,Cameron Dow,7
102446,1,litu,1029,2020.16,2020,11,5,53.85, , ,,,Jessica Shue,Cameron Dow,7
102446,2,litu,1029,2020.16,2020,11,5,28.91, , ,,,Jessica Shue,Cameron Dow,7
102501,1,litu,1031,2020.16,2020,11,5,113.92, , ,RE,double-checked,Jessica Shue,Cameron Dow,7
102502,1,ulru,1031,2020.16,2020,11,5,54.83, , ,,,Jessica Shue,Cameron Dow,7
102509,1,quve,1032,2020.16,2020,11,5,97.65, , ,,double-checked,Jessica Shue,Cameron Dow,7
102475,1,litu,1030,2020.16,2020,11,5,148.27, , ,,,Cameron Dow,Cameron Dow,8
112316,1,quve,1125,2020.16,2020,11,5,119.34, , ,,,Cameron Dow,Cameron Dow,8
112336,1,qual,1125,2020.16,2020,11,5,14.88, , ,,,Cameron Dow,Cameron Dow,8
112342,1,nysy,1125,2020.16,2020,11,5,3.31, , ,,,Cameron Dow,Cameron Dow,8
112350,1,cagl,1126,2020.16,2020,11,5,71.93, , ,,,Cameron Dow,Cameron Dow,8
112354,1,qual,1126,2020.16,2020,11,5,121.95, , ,,,Cameron Dow,Cameron Dow,8
112462,1,litu,1128,2020.16,2020,11,5,123.64, , ,,,Cameron Dow,Cameron Dow,8
112466,1,cato,1129,2020.16,2020,11,5,22.86, , ,,,Cameron Dow,Cameron Dow,8
112467,1,litu,1129,2020.16,2020,11,5,85.15, , ,,,Cameron Dow,Cameron Dow,8
112480,1,litu,1131,2020.16,2020,11,5,81.57, , ,,,Cameron Dow,Cameron Dow,8
112481,1,litu,1131,2020.16,2020,11,5,73.71, , ,,,Cameron Dow,Cameron Dow,8
112482,1,litu,1131,2020.16,2020,11,5,10.1, , ,,,Cameron Dow,Cameron Dow,8
112698,1,ulru,1128,2020.16,2020,11,5,32.81, , ,,,Cameron Dow,Cameron Dow,8
122343,1,qual,1225,2020.16,2020,11,5,119.23, , ,,,Cameron Dow,Cameron Dow,8
122427,1,qual,1227,2020.16,2020,11,5,34.35, , ,,,Cameron Dow,Cameron Dow,8
122439,1,cagl,1228,2020.16,2020,11,5,33.73, , ,,,Cameron Dow,Cameron Dow,8
122450,1,ulru,1225,2020.16,2020,11,5,69.34, , ,,,Cameron Dow,Cameron Dow,8
122452,1,fram,1226,2020.16,2020,11,5,65.58, , ,DS,,Cameron Dow,Cameron Dow,8
122455,1,qual,1226,2020.16,2020,11,5,123.23, , ,,,Cameron Dow,Cameron Dow,8
122458,1,cagl,1226,2020.16,2020,11,5,13.69, , ,,,Cameron Dow,Cameron Dow,8
122482,1,litu,1228,2020.16,2020,11,5,96.21, , ,,,Cameron Dow,Cameron Dow,8
122486,1,litu,1228,2020.16,2020,11,5,147.77, , ,,,Cameron Dow,Cameron Dow,8
122489,1,cagl,1229,2020.16,2020,11,5,64.51, , ,,,Cameron Dow,Cameron Dow,8
122492,1,litu,1229,2020.16,2020,11,5,NA, , ,RE,,Cameron Dow,Cameron Dow,8
122522,1,litu,1232,2020.16,2020,11,5,91.66, , ,,,Cameron Dow,Cameron Dow,8
122561,1,litu,1231,2020.16,2020,11,5,NA, , ,RE,window too large,Cameron Dow,Cameron Dow,8
132371,1,quru,1325,2020.16,2020,11,5,58.95, , ,,double-checked;new tag,Cameron Dow,Cameron Dow,8
132508,1,quve,1328,2020.16,2020,11,5,86.06, , ,,,Cameron Dow,Cameron Dow,8
132524,1,litu,1329,2020.16,2020,11,5,85.99, , ,RE,,Cameron Dow,Cameron Dow,8
132525,1,fram,1329,2020.16,2020,11,5,13.11, , ,DS,,Cameron Dow,Cameron Dow,8
132529,1,litu,1329,2020.16,2020,11,5,138.04, , ,,,Cameron Dow,Cameron Dow,8
132539,1,litu,1331,2020.16,2020,11,5,39.97, , ,,,Cameron Dow,Cameron Dow,8
132542,1,quve,1332,2020.16,2020,11,5,133.15, , ,,,Cameron Dow,Cameron Dow,8
132545,1,litu,1332,2020.16,2020,11,5,NA,,,RE,,Cameron Dow,Cameron Dow,8
142380,1,qual,1425,2020.16,2020,11,5,29.33, , ,,,Cameron Dow,Cameron Dow,8
142399,1,qual,1427,2020.16,2020,11,5,23.71, , ,,,Cameron Dow,Cameron Dow,8
142575,1,quve,1426,2020.16,2020,11,5,74.41, , ,,,Cameron Dow,Cameron Dow,8
142656,1,litu,1431,2020.16,2020,11,5,65.89, , ,,,Cameron Dow,Cameron Dow,8
142708,1,juni,1429,2020.16,2020,11,5,22.4, , ,,,Cameron Dow,Cameron Dow,8
142727,1,litu,1431,2020.16,2020,11,5,149.23, , ,RE,,Cameron Dow,Cameron Dow,8
142729,1,litu,1431,2020.16,2020,11,5,58.15, , ,,,Cameron Dow,Cameron Dow,8
142730,1,litu,1431,2020.16,2020,11,5,53.86, , ,,,Cameron Dow,Cameron Dow,8
142731,1,litu,1432,2020.16,2020,11,5,61.78, , ,,,Cameron Dow,Cameron Dow,8
142732,1,cagl,1432,2020.16,2020,11,5,37.98, , ,,,Cameron Dow,Cameron Dow,8
142733,1,litu,1432,2020.16,2020,11,5,42.13, , ,,,Cameron Dow,Cameron Dow,8
142735,1,quve,1432,2020.16,2020,11,5,85.28, , ,,,Cameron Dow,Cameron Dow,8
143707,1,cagl,1426,2020.16,2020,11,5,20.51, , ,,,Cameron Dow,Cameron Dow,8
152513,1,qupr,1525,2020.16,2020,11,5,12.87, , ,,,Ellie Grant,Cameron Dow,9
152673,1,litu,1530,2020.16,2020,11,5,90.71, , ,,,Ellie Grant,Cameron Dow,9
152701,1,litu,1531,2020.16,2020,11,5,52.34, , ,,,Ellie Grant,Cameron Dow,9
162439,1,quru,1627,2020.16,2020,11,5,40.48, , ,,,Ellie Grant,Cameron Dow,9
162446,1,quru,1630,2020.16,2020,11,5,27.14, , ,,,Ellie Grant,Cameron Dow,9
162541,1,qupr,1627,2020.16,2020,11,5,7.95, , ,,,Ellie Grant,Cameron Dow,9
162543,1,qual,1627,2020.16,2020,11,5,80.74, , ,,,Ellie Grant,Cameron Dow,9
172416,1,nysy,1725,2020.16,2020,11,5,4, , ,,,Ellie Grant,Cameron Dow,9
172417,1,nysy,1725,2020.16,2020,11,5,20.29, , ,,,Ellie Grant,Cameron Dow,9
172418,1,nysy,1725,2020.16,2020,11,5,32.12, , ,,,Ellie Grant,Cameron Dow,9
172421,1,cagl,1725,2020.16,2020,11,5,21.08, , ,,,Ellie Grant,Cameron Dow,9
172423,1,litu,1726,2020.16,2020,11,5,61.33, , ,,,Ellie Grant,Cameron Dow,9
172470,1,quru,1728,2020.16,2020,11,5,132.1, , ,,double-checked,Ellie Grant,Cameron Dow,9
172472,1,fram,1728,2020.16,2020,11,5,26.2, , ,,,Ellie Grant,Cameron Dow,9
172499,1,qual,1730,2020.16,2020,11,5,31.63, , ,,,Ellie Grant,Cameron Dow,9
172556,1,litu,1729,2020.16,2020,11,5,79.34, , ,,double-checked,Ellie Grant,Cameron Dow,9
172624,1,litu,1731,2020.16,2020,11,5,44.43, , ,,,Ellie Grant,Cameron Dow,9
182451,1,fram,1829,2020.16,2020,11,5,37.67, , ,,,Ellie Grant,Cameron Dow,9
182491,1,litu,1831,2020.16,2020,11,5,90.01, , ,,,Ellie Grant,Cameron Dow,9
182498,1,fram,1831,2020.16,2020,11,5,29.35, , ,,,Ellie Grant,Cameron Dow,9
182681,1,litu,1829,2020.16,2020,11,5,NA, , ,RE,too large to measure,Ellie Grant,Cameron Dow,9
182693,1,litu,1830,2020.16,2020,11,5,27.54, , ,,,Ellie Grant,Cameron Dow,9
192437,1,litu,1925,2020.16,2020,11,5,16.36, , ,,,Ellie Grant,Cameron Dow,9
192466,1,quru,1926,2020.16,2020,11,5,100.49, , ,,,Ellie Grant,Cameron Dow,9
192484,1,quru,1926,2020.16,2020,11,5,56.77, , ,,,Ellie Grant,Cameron Dow,9
192527,1,litu,1928,2020.16,2020,11,5,84.48, , ,,,Ellie Grant,Cameron Dow,9
192528,1,litu,1928,2020.16,2020,11,5,NA, , ,RE,too large to measure,Ellie Grant,Cameron Dow,9
192532,1,fagr,1928,2020.16,2020,11,5,126.62, , ,,,Ellie Grant,Cameron Dow,9
192533,1,litu,1928,2020.16,2020,11,5,31.84, , ,,,Ellie Grant,Cameron Dow,9
192534,1,litu,1928,2020.16,2020,11,5,115.84, , ,,,Ellie Grant,Cameron Dow,9
192542,1,litu,1929,2020.16,2020,11,5,6.89, , ,,,Ellie Grant,Cameron Dow,9
192543,1,litu,1929,2020.16,2020,11,5,53.55, , ,,,Ellie Grant,Cameron Dow,9
192544,1,litu,1929,2020.16,2020,11,5,12.41, , ,,,Ellie Grant,Cameron Dow,9
192546,1,litu,1929,2020.16,2020,11,5,91.48, , ,,,Ellie Grant,Cameron Dow,9
192548,1,litu,1929,2020.16,2020,11,5,105.64, , ,,,Ellie Grant,Cameron Dow,9
192560,1,qual,1930,2020.16,2020,11,5,NA, , ,RE,too large to measure,Ellie Grant,Cameron Dow,9
192570,1,fram,1931,2020.16,2020,11,5,NA, , ,DS,gap closed,Ellie Grant,Cameron Dow,9
192619,1,quru,1926,2020.16,2020,11,5,52.7, , ,,double-checked,Ellie Grant,Cameron Dow,9
192674,1,litu,1929,2020.16,2020,11,5,15.34, , ,,,Ellie Grant,Cameron Dow,9
202444,1,litu,2025,2020.16,2020,11,5,NA, , ,RE,too large to measure,Ellie Grant,Cameron Dow,9
202449,1,litu,2026,2020.16,2020,11,5,NA, , ,RE,broken,Ellie Grant,Cameron Dow,9
202536,1,fram,2028,2020.16,2020,11,5,110.23, , ,,,Ellie Grant,Cameron Dow,9
202541,1,fram,2028,2020.16,2020,11,5,NA, , ,NT,gap closed,Ellie Grant,Cameron Dow,9
202543,1,litu,2028,2020.16,2020,11,5,28.27, , ,,,Ellie Grant,Cameron Dow,9
202545,1,litu,2029,2020.16,2020,11,5,57.05, , ,,"double-checked;Fraxinus dying, released",Ellie Grant,Cameron Dow,9
202550,1,litu,2029,2020.16,2020,11,5,138.74, , ,,,Ellie Grant,Cameron Dow,9
202581,1,fram,2031,2020.16,2020,11,5,65.42, , ,,,Ellie Grant,Cameron Dow,9
202585,1,juni,2032,2020.16,2020,11,5,65.23, , ,,,Ellie Grant,Cameron Dow,9
202586,1,fram,2032,2020.16,2020,11,5,46.15, , ,,,Ellie Grant,Cameron Dow,9