tag,stemtag,sp,quadrat,survey.ID,year,month,day,measure,new.band,crown.condition,crown.illum,codes,notes,field.recorders,data.enter,area
130348,1,litu,1302,2020.16,2020,March,11,151.3,0, , ,RE,,"Krista Anderson-Teixeira, Sean McMahon",Jessica Shue,1
140467,1,quve,1404,2020.16,2020,March,11,NA,0, , , ,band removed June 2019,"Krista Anderson-Teixeira, Sean McMahon",Jessica Shue,1
140609,1,litu,1403,2020.16,2020,March,11,NA,0, , ,RE,,"Krista Anderson-Teixeira, Sean McMahon",Jessica Shue,1
150756,1,quve,1503,2020.16,2020,March,11,NA,0, , , ,band removed June 2019,"Krista Anderson-Teixeira, Sean McMahon",Jessica Shue,1
160713,1,litu,1603,2020.16,2020,March,11,141.75,0, , , ,,"Krista Anderson-Teixeira, Sean McMahon",Jessica Shue,1
160742,1,litu,1605,2020.16,2020,March,11,74.68,0, , , ,,"Krista Anderson-Teixeira, Sean McMahon",Jessica Shue,1
160814,1,cato,1611,2020.16,2020,March,11,NA,0, , , ,gap closed,"Krista Anderson-Teixeira, Sean McMahon",Jessica Shue,1
160862,1,ploc,1614,2020.16,2020,March,11,53.78,0, , , ,,"Krista Anderson-Teixeira, Sean McMahon",Jessica Shue,1
160910,1,litu,1607,2020.16,2020,March,11,107.81,0, , , ,,"Krista Anderson-Teixeira, Sean McMahon",Jessica Shue,1
160985,1,litu,1612,2020.16,2020,March,11,14.21,0, , , ,,"Krista Anderson-Teixeira, Sean McMahon",Jessica Shue,1
170175,1,litu,1702,2020.16,2020,March,11,107.18,0, , ,RE,,"Krista Anderson-Teixeira, Sean McMahon",Jessica Shue,1
170992,1,litu,1704,2020.16,2020,March,11,81.03,0, , , ,,"Krista Anderson-Teixeira, Sean McMahon",Jessica Shue,1
170994,1,litu,1704,2020.16,2020,April,11,142.12,0, , ,,,Cameron Dow,Cameron Dow,1
171127,1,litu,1705,2020.16,2020,March,11,127.2,0, , , ,,"Krista Anderson-Teixeira, Sean McMahon",Jessica Shue,1
171254,1,litu,1708,2020.16,2020,March,11,68.36,0, , , ,,"Krista Anderson-Teixeira, Sean McMahon",Jessica Shue,1
171257,1,litu,1708,2020.16,2020,March,11,82.63,0, , , ,,"Krista Anderson-Teixeira, Sean McMahon",Jessica Shue,1
171262,1,litu,1708,2020.16,2020,March,11,160.61,0, , ,RE,,"Krista Anderson-Teixeira, Sean McMahon",Jessica Shue,1
171314,1,quru,1712,2020.16,2020,March,11,141.35,0, , ,DC,,"Krista Anderson-Teixeira, Sean McMahon",Jessica Shue,1
171348,1,ceca,1714,2020.16,2020,March,11,79.49,0, , , ,fungal infection,"Krista Anderson-Teixeira, Sean McMahon",Jessica Shue,1
171358,1,fram,1714,2020.16,2020,March,11,20.17,0, , , ,,"Krista Anderson-Teixeira, Sean McMahon",Jessica Shue,1
171454,1,caco,1714,2020.16,2020,March,11,7.1,0, , , ,,"Krista Anderson-Teixeira, Sean McMahon",Jessica Shue,1
171456,1,acru,1714,2020.16,2020,March,11,134.62,0, , , ,,"Krista Anderson-Teixeira, Sean McMahon",Jessica Shue,1
171462,1,qual,1715,2020.16,2020,March,11,25.25,0, , , ,,"Krista Anderson-Teixeira, Sean McMahon",Jessica Shue,1
180235,1,litu,1802,2020.16,2020,March,11,27.04,1, , , ,maybe new band,"Krista Anderson-Teixeira, Sean McMahon",Jessica Shue,1
180654,1,litu,1805,2020.16,2020,March,11,122.02,0, , , ,adjusted,"Krista Anderson-Teixeira, Sean McMahon",Jessica Shue,1
180691,1,litu,1807,2020.16,2020,March,11,40.5,0, , , ,,"Krista Anderson-Teixeira, Sean McMahon",Jessica Shue,1
180728,1,litu,1804,2020.16,2020,March,11,132.63,0, , , ,was hit,"Krista Anderson-Teixeira, Sean McMahon",Jessica Shue,1
180791,1,cagl,1811,2020.16,2020,March,11,7.63,0, , , ,,"Krista Anderson-Teixeira, Sean McMahon",Jessica Shue,1
180903,1,litu,1808,2020.16,2020,March,11,14.27,0, , , ,,"Krista Anderson-Teixeira, Sean McMahon",Jessica Shue,1
180904,1,litu,1808,2020.16,2020,March,11,43.69,0, , , ,,"Krista Anderson-Teixeira, Sean McMahon",Jessica Shue,1
180984,1,litu,1813,2020.16,2020,March,11,45.34,0, , , ,,"Krista Anderson-Teixeira, Sean McMahon",Jessica Shue,1
180991,1,ploc,1814,2020.16,2020,March,11,128.81,0, , , ,,"Krista Anderson-Teixeira, Sean McMahon",Jessica Shue,1
190065,1,litu,1902,2020.16,2020,March,11,134.17,0, , , ,,"Krista Anderson-Teixeira, Sean McMahon",Jessica Shue,1
190067,1,litu,1902,2020.16,2020,March,11,15.09,1, , , ,new band,"Krista Anderson-Teixeira, Sean McMahon",Jessica Shue,1
190071,1,litu,1902,2020.16,2020,March,11,12.35,0, , , ,,"Krista Anderson-Teixeira, Sean McMahon",Jessica Shue,1
190115,1,litu,1902,2020.16,2020,March,11,106.15,0, , , ,,"Krista Anderson-Teixeira, Sean McMahon",Jessica Shue,1
190413,1,litu,1904,2020.16,2020,March,11,84.47,0, , , ,,"Krista Anderson-Teixeira, Sean McMahon",Jessica Shue,1
190426,1,litu,1904,2020.16,2020,March,11,45.12,0, , , ,,"Krista Anderson-Teixeira, Sean McMahon",Jessica Shue,1
190429,1,litu,1904,2020.16,2020,March,11,109.83,0, , , ,,"Krista Anderson-Teixeira, Sean McMahon",Jessica Shue,1
190568,1,juni,1912,2020.16,2020,March,11,138.79,0, , , ,"lightning?, fungal","Krista Anderson-Teixeira, Sean McMahon",Jessica Shue,1
190655,1,litu,1907,2020.16,2020,March,11,45.06,0, , , ,,"Krista Anderson-Teixeira, Sean McMahon",Jessica Shue,1
190658,1,litu,1907,2020.16,2020,March,11,37.51,0, , , ,,"Krista Anderson-Teixeira, Sean McMahon",Jessica Shue,1
190670,1,litu,1908,2020.16,2020,March,11,68.53,0, , , ,,"Krista Anderson-Teixeira, Sean McMahon",Jessica Shue,1
190694,1,quru,1909,2020.16,2020,March,11,133.06,0, , , ,,"Krista Anderson-Teixeira, Sean McMahon",Jessica Shue,1
190793,1,litu,1914,2020.16,2020,March,11,130.44,0, , , ,,"Krista Anderson-Teixeira, Sean McMahon",Jessica Shue,1
190794,1,quru,1914,2020.16,2020,March,11,144.4,0, , , ,,"Krista Anderson-Teixeira, Sean McMahon",Jessica Shue,1
190798,1,cagl,1914,2020.16,2020,March,11,8.53,0, , , ,,"Krista Anderson-Teixeira, Sean McMahon",Jessica Shue,1
200038,1,litu,2001,2020.16,2020,March,11,NA,0, , ,RE,lightning strike,"Krista Anderson-Teixeira, Sean McMahon",Jessica Shue,1
200038,2,litu,2001,2020.16,2020,March,11,NA,0, , ,RE,lightning strike,"Krista Anderson-Teixeira, Sean McMahon",Jessica Shue,1
200142,1,litu,2002,2020.16,2020,March,11,126.27,0, , , ,,"Krista Anderson-Teixeira, Sean McMahon",Jessica Shue,1
200151,1,litu,2002,2020.16,2020,March,11,33.61,0, , , ,,"Krista Anderson-Teixeira, Sean McMahon",Jessica Shue,1
200547,1,litu,2005,2020.16,2020,March,11,134.2,0, , , ,,"Krista Anderson-Teixeira, Sean McMahon",Jessica Shue,1
200551,1,litu,2005,2020.16,2020,March,11,110.24,0, , , ,,"Krista Anderson-Teixeira, Sean McMahon",Jessica Shue,1
200553,1,litu,2005,2020.16,2020,March,11,114.72,0, , , ,,"Krista Anderson-Teixeira, Sean McMahon",Jessica Shue,1
200577,1,juni,2007,2020.16,2020,March,11,13.07,0, , , ,,"Krista Anderson-Teixeira, Sean McMahon",Jessica Shue,1
200586,1,juni,2007,2020.16,2020,March,11,120.99,0, , , ,,"Krista Anderson-Teixeira, Sean McMahon",Jessica Shue,1
200613,1,litu,2004,2020.16,2020,March,11,93.09,0, , ,I,,"Krista Anderson-Teixeira, Sean McMahon",Jessica Shue,1
200676,1,litu,2008,2020.16,2020,March,11,150.78,0, , , ,,"Krista Anderson-Teixeira, Sean McMahon",Jessica Shue,1
200812,1,juni,2008,2020.16,2020,March,11,42.45,0, , , ,,"Krista Anderson-Teixeira, Sean McMahon",Jessica Shue,1
200818,1,litu,2008,2020.16,2020,March,11,44.64,0, , , ,,"Krista Anderson-Teixeira, Sean McMahon",Jessica Shue,1
200822,1,litu,2008,2020.16,2020,March,11,107.31,0, , , ,,"Krista Anderson-Teixeira, Sean McMahon",Jessica Shue,1
201207,1,litu,2012,2020.16,2020,March,11,39.33,0, , , ,,"Krista Anderson-Teixeira, Sean McMahon",Jessica Shue,1
201261,1,juni,2013,2020.16,2020,March,11,14.42,0, , , ,,"Krista Anderson-Teixeira, Sean McMahon",Jessica Shue,1
201264,1,litu,2014,2020.16,2020,March,11,53.69,0, , , ,,"Krista Anderson-Teixeira, Sean McMahon",Jessica Shue,1
201274,1,litu,2014,2020.16,2020,March,11,147.84,0, , , ,,"Krista Anderson-Teixeira, Sean McMahon",Jessica Shue,1
201278,1,litu,2014,2020.16,2020,March,11,144.99,0, , , ,,"Krista Anderson-Teixeira, Sean McMahon",Jessica Shue,1
201279,1,quru,2014,2020.16,2020,March,11,86.28,0, , , ,,"Krista Anderson-Teixeira, Sean McMahon",Jessica Shue,1
201331,1,qupr,2015,2020.16,2020,March,11,9.6,0, , , ,,"Krista Anderson-Teixeira, Sean McMahon",Jessica Shue,1
40465,1,qupr,404,2020.16,2020,March,11,22.35,0, , ,F,,Jessica Shue,Jessica Shue,2
50288,1,quru,505,2020.16,2020,March,11,47.93,0, , ,F,,Jessica Shue,Jessica Shue,2
50364,1,qual,507,2020.16,2020,March,11,123.87,0, , ,F,,Jessica Shue,Jessica Shue,2
60161,1,qupr,608,2020.16,2020,March,11,96.42,0, , ,F,,Jessica Shue,Jessica Shue,2
60266,1,cato,604,2020.16,2020,March,11,8.83,0, , ,F,,Jessica Shue,Jessica Shue,2
70096,1,quru,704,2020.16,2020,March,11,22.06,0, , ,F,,Jessica Shue,Jessica Shue,2
70126,1,quru,705,2020.16,2020,March,11,77.26,0, , ,F,,Jessica Shue,Jessica Shue,2
70146,1,quve,706,2020.16,2020,March,11,6.96,1, , ,F,new band,Jessica Shue,Jessica Shue,2
70181,1,litu,707,2020.16,2020,March,11,78.92,0, , ,F,,Jessica Shue,Jessica Shue,2
70278,1,qupr,704,2020.16,2020,March,11,39.46,0, , ,F,,Jessica Shue,Jessica Shue,2
70292,1,cagl,705,2020.16,2020,March,11,62.87,0, , ,F,double-checked,Jessica Shue,Jessica Shue,2
70352,1,litu,707,2020.16,2020,March,11,94.23,0, , ,F,,Jessica Shue,Jessica Shue,2
70357,1,cagl,708,2020.16,2020,March,11,8.96,0, , ,F;DS,,Jessica Shue,Jessica Shue,2
70358,1,litu,708,2020.16,2020,March,11,100.88,0, , ,F;RE,,Jessica Shue,Jessica Shue,2
70433,1,litu,710,2020.16,2020,April,11,133.19,0, , ,F,,Cameron Dow,Cameron Dow,2
70519,1,qual,711,2020.16,2020,March,11,87.55,0, , ,F,,Jessica Shue,Jessica Shue,2
70536,1,qual,711,2020.16,2020,March,11,12.22,0, , ,F,,Jessica Shue,Jessica Shue,2
70579,1,caco,714,2020.16,2020,March,11,37.11,0, , ,F,,Jessica Shue,Jessica Shue,2
80100,1,litu,804,2020.16,2020,March,11,31.08,0, , ,F,,Jessica Shue,Jessica Shue,2
80180,1,cato,804,2020.16,2020,March,11,21.54,0, , ,F,double-checked,Jessica Shue,Jessica Shue,2
80398,1,caco,807,2020.16,2020,March,11,NA,0,NA,NA,F;DN,,Jessica Shue,Jessica Shue,2
80401,1,caco,807,2020.16,2020,March,11,21.15,0, , ,F,,Jessica Shue,Jessica Shue,2
80554,1,caovl,813,2020.16,2020,March,11,91.48,0, , ,F,double-checked,Jessica Shue,Jessica Shue,2
80559,1,nysy,813,2020.16,2020,March,11,6.04,0, , ,F,,Jessica Shue,Jessica Shue,2
80615,1,litu,810,2020.16,2020,March,11,34.29,0, , ,F,,Jessica Shue,Jessica Shue,2
80628,1,quru,811,2020.16,2020,March,11,45.33,0, , ,F,,Jessica Shue,Jessica Shue,2
80631,1,litu,811,2020.16,2020,April,11,133.09,0, , ,F,,Cameron Dow,Cameron Dow,2
90043,1,quve,901,2020.16,2020,March,11,52.87,0, , ,F,,Jessica Shue,Jessica Shue,2
90084,1,quve,902,2020.16,2020,March,11,62.38,0, , ,F,double-checked,Jessica Shue,Jessica Shue,2
90162,1,litu,904,2020.16,2020,March,11,88.31,0, , ,F,,Jessica Shue,Jessica Shue,2
90311,1,cagl,904,2020.16,2020,March,11,16.14,0, , ,F,double-checked,Jessica Shue,Jessica Shue,2
90354,1,litu,905,2020.16,2020,March,11,NA,0, , ,F;RE,,Jessica Shue,Jessica Shue,2
90530,1,litu,910,2020.16,2020,March,11,132.44,0, , ,F;RE,,Jessica Shue,Jessica Shue,2
90612,1,quru,910,2020.16,2020,March,11,129.97,0, , ,F;RE,,Jessica Shue,Jessica Shue,2
90660,1,quru,913,2020.16,2020,March,11,82.95,0, , ,F,double-checked; band adjusted,Jessica Shue,Jessica Shue,2
91435,1,litu,907,2020.16,2020,March,11,NA,0,NA,NA,F;DC,CWD,Jessica Shue,Jessica Shue,2
91451,1,litu,907,2020.16,2020,March,11,129.22,0, , ,F;RE,,Jessica Shue,Jessica Shue,2
91474,1,litu,908,2020.16,2020,March,11,50.72,0, , ,F,,Jessica Shue,Jessica Shue,2
91476,1,litu,908,2020.16,2020,March,11,102.15,0, , ,F,,Jessica Shue,Jessica Shue,2
91477,1,litu,908,2020.16,2020,March,11,48.61,0, , ,F,,Jessica Shue,Jessica Shue,2
91486,1,cagl,908,2020.16,2020,March,11,37.96,0, , ,F,double-checked,Jessica Shue,Jessica Shue,2
100516,1,litu,1004,2020.16,2020,March,11,73.59,0, , ,F,,Jessica Shue,Jessica Shue,2
100562,1,litu,1004,2020.16,2020,March,11,NA,0, , ,F;RE,,Jessica Shue,Jessica Shue,2
100612,1,litu,1003,2020.16,2020,March,11,99.82,0, , ,F,double-checked,Jessica Shue,Jessica Shue,2
100754,1,quru,1005,2020.16,2020,March,11,31.96,0, , ,F,,Jessica Shue,Jessica Shue,2
100771,1,quru,1005,2020.16,2020,March,11,24.09,0, , ,F,,Jessica Shue,Jessica Shue,2
100905,1,litu,1008,2020.16,2020,March,11,11.93,0, , ,F,,Jessica Shue,Jessica Shue,2
100906,1,litu,1008,2020.16,2020,March,11,25.61,0, , ,F,,Jessica Shue,Jessica Shue,2
100955,1,quru,1010,2020.16,2020,March,11,10.73,0, , ,F,,Jessica Shue,Jessica Shue,2
100960,1,quru,1010,2020.16,2020,March,11,58.18,0, , ,F,,Jessica Shue,Jessica Shue,2
101111,1,litu,1011,2020.16,2020,March,11,32.42,0, , ,F,,Jessica Shue,Jessica Shue,2
101118,1,litu,1011,2020.16,2020,March,11,100.97,0, , ,F;RE,double-checked,Jessica Shue,Jessica Shue,2
110061,1,litu,1101,2020.16,2020,March,11,10.26,0, , ,F,,Jessica Shue,Jessica Shue,2
110680,1,litu,1104,2020.16,2020,March,11,131.05,0, , ,F,,Jessica Shue,Jessica Shue,2
110788,1,litu,1104,2020.16,2020,March,11,113.8,0, , ,F,double-checked,Jessica Shue,Jessica Shue,2
110791,1,litu,1104,2020.16,2020,March,11,11.16,0, , ,F,,Jessica Shue,Jessica Shue,2
110798,1,qupr,1104,2020.16,2020,March,11,30.35,0, , ,F,species should be LITU; double-checked,Jessica Shue,Jessica Shue,2
110901,1,litu,1105,2020.16,2020,March,11,74.65,0, , ,F,,Jessica Shue,Jessica Shue,2
111014,1,litu,1107,2020.16,2020,March,11,144.43,0, , ,F,,Jessica Shue,Jessica Shue,2
111029,1,litu,1107,2020.16,2020,March,11,15.13,1, , ,F;DS,woodpecker damage,Jessica Shue,Jessica Shue,2
111030,1,litu,1107,2020.16,2020,March,11,85.23,0, , ,F,,Jessica Shue,Jessica Shue,2
111032,1,litu,1107,2020.16,2020,March,11,51.81,0, , ,F,,Jessica Shue,Jessica Shue,2
111032,2,litu,1107,2020.16,2020,March,11,48.9,0, , ,F,,Jessica Shue,Jessica Shue,2
111039,1,litu,1108,2020.16,2020,March,11,11.47,1, , ,F,,Jessica Shue,Jessica Shue,2
111041,1,quru,1108,2020.16,2020,March,11,117.89,0, , ,F,double-checked,Jessica Shue,Jessica Shue,2
111092,1,litu,1110,2020.16,2020,March,11,115.42,0, , ,F;RE,,Jessica Shue,Jessica Shue,2
111093,1,litu,1110,2020.16,2020,March,11,59.29,0, , ,F,,Jessica Shue,Jessica Shue,2
120278,1,litu,1201,2020.16,2020,March,11,130.67,0, , ,F,,Jessica Shue,Jessica Shue,2
120755,1,litu,1204,2020.16,2020,March,11,141.5,0, , ,F,,Jessica Shue,Jessica Shue,2
120777,1,litu,1205,2020.16,2020,March,11,109.18,0, , ,F,,Jessica Shue,Jessica Shue,2
120781,1,litu,1205,2020.16,2020,March,11,97.74,0, , ,F,,Jessica Shue,Jessica Shue,2
120790,1,litu,1205,2020.16,2020,April,11,108.74,0, , ,F,,Cameron Dow,Cameron Dow,2
121195,1,quru,1211,2020.16,2020,March,11,76.84,0, , ,F,,Jessica Shue,Jessica Shue,2
121212,1,litu,1207,2020.16,2020,March,11,95.66,0, , ,F,double-checked,Jessica Shue,Jessica Shue,2
121221,1,litu,1207,2020.16,2020,March,11,6.73,0, , ,F,,Jessica Shue,Jessica Shue,2
121275,1,qupr,1209,2020.16,2020,March,11,24.47,0, , ,F,,Jessica Shue,Jessica Shue,2
121291,1,qupr,1210,2020.16,2020,March,11,99.53,0, , ,F,double-checked,Jessica Shue,Jessica Shue,2
121301,1,caovl,1211,2020.16,2020,March,11,110.33,0, , ,F;RE,double-checked,Jessica Shue,Jessica Shue,2
121305,1,quru,1211,2020.16,2020,March,11,119.44,0, , ,F,,Jessica Shue,Jessica Shue,2
130718,1,litu,1306,2020.16,2020,March,11,20.7,0, , ,F,,Jessica Shue,Jessica Shue,2
130838,1,litu,1305,2020.16,2020,March,11,23.29,0, , ,F,,Jessica Shue,Jessica Shue,2
131009,1,quve,1308,2020.16,2020,March,11,40.43,0, , ,F,,Jessica Shue,Jessica Shue,2
131086,1,quru,1310,2020.16,2020,March,11,60.47,0, , ,F,,Jessica Shue,Jessica Shue,2
131087,1,quru,1310,2020.16,2020,March,11,51.43,0, , ,F,,Jessica Shue,Jessica Shue,2
131092,1,litu,1311,2020.16,2020,March,11,43.96,0, , ,F,,Jessica Shue,Jessica Shue,2
131096,1,litu,1311,2020.16,2020,March,11,15.19,0, , ,F,,Jessica Shue,Jessica Shue,2
140646,1,litu,1405,2020.16,2020,March,11,68.99,0, , ,F,,Jessica Shue,Jessica Shue,2
140736,1,quve,1407,2020.16,2020,March,11,31.17,0, , ,F,,Jessica Shue,Jessica Shue,2
140751,1,quru,1408,2020.16,2020,March,11,74.72,0, , ,F,,Jessica Shue,Jessica Shue,2
140756,1,quve,1408,2020.16,2020,March,11,NA,0,NA,NA,F;DS,,Jessica Shue,Jessica Shue,2
140813,1,litu,1410,2020.16,2020,March,11,82.62,0, , ,F,,Jessica Shue,Jessica Shue,2
140818,1,litu,1410,2020.16,2020,March,11,62.9,0, , ,F,,Jessica Shue,Jessica Shue,2
140819,1,litu,1411,2020.16,2020,March,11,4.5,0, , ,F;DS,,Jessica Shue,Jessica Shue,2
140821,1,litu,1411,2020.16,2020,March,11,37.09,0, , ,F,,Jessica Shue,Jessica Shue,2
140825,1,litu,1411,2020.16,2020,March,11,21.15,0, , ,F,,Jessica Shue,Jessica Shue,2
140829,1,litu,1411,2020.16,2020,March,11,22.95,0, , ,F,,Jessica Shue,Jessica Shue,2
140833,1,litu,1411,2020.16,2020,March,11,125.44,0, , ,F;RE,,Jessica Shue,Jessica Shue,2
10469,1,litu,109,2020.16,2020,March,11,NA,0, , ,RE,window too large to measure,Cameron Dow,Jessica Shue,3
10587,1,litu,113,2020.16,2020,March,11,61.41,0, , , , ,Cameron Dow,Jessica Shue,3
10609,1,cagl,111,2020.16,2020,March,11,81.03,0, , , ,double-checked,Cameron Dow,Jessica Shue,3
10671,1,quru,114,2020.16,2020,March,11,50.6,0, , , , ,Cameron Dow,Jessica Shue,3
20587,1,litu,208,2020.16,2020,March,11,148,0, , , ,double-checked,Cameron Dow,Jessica Shue,3
20603,1,fram,208,2020.16,2020,March,11,118.64,0, , , ,double-checked,Cameron Dow,Jessica Shue,3
20617,1,litu,209,2020.16,2020,March,11,41.83,0, , , , ,Cameron Dow,Jessica Shue,3
20712,1,litu,212,2020.16,2020,March,11,60.49,0, , , , ,Cameron Dow,Jessica Shue,3
30225,1,qual,306,2020.16,2020,March,11,29.21,0, , , , ,Cameron Dow,Jessica Shue,3
30233,1,fagr,306,2020.16,2020,March,11,25.31,0, , , , ,Cameron Dow,Jessica Shue,3
30234,1,fagr,306,2020.16,2020,March,11,12.15,0, , , , ,Cameron Dow,Jessica Shue,3
30331,1,cagl,306,2020.16,2020,March,11,38.94,0, , , ,double-checked,Cameron Dow,Jessica Shue,3
30333,1,fagr,306,2020.16,2020,March,11,53.84,0, , , , ,Cameron Dow,Jessica Shue,3
30339,1,litu,307,2020.16,2020,March,11,84.83,0, , , ,double-checked,Cameron Dow,Jessica Shue,3
30339,2,litu,307,2020.16,2020,March,11,62.23,0, , , , ,Cameron Dow,Jessica Shue,3
30339,3,litu,307,2020.16,2020,March,11,40.35,0, , , , ,Cameron Dow,Jessica Shue,3
30462,1,litu,313,2020.16,2020,March,11,128.12,0, , , , ,Cameron Dow,Jessica Shue,3
30467,1,litu,314,2020.16,2020,March,11,102.32,0, , , , ,Cameron Dow,Jessica Shue,3
30512,1,quru,313,2020.16,2020,March,11,21.31,0, , , , ,Cameron Dow,Jessica Shue,3
40562,1,fagr,406,2020.16,2020,March,11,9.3,0, , , , ,Cameron Dow,Jessica Shue,3
40563,1,fagr,406,2020.16,2020,March,11,38.9,0, , , , ,Cameron Dow,Jessica Shue,3
40564,1,fagr,406,2020.16,2020,March,11,23.6,0, , , , ,Cameron Dow,Jessica Shue,3
40565,1,cagl,406,2020.16,2020,March,11,5.4,0, , , , ,Cameron Dow,Jessica Shue,3
40566,1,cagl,406,2020.16,2020,March,11,14.18,0, , , , ,Cameron Dow,Jessica Shue,3
40567,1,fagr,406,2020.16,2020,March,11,12.08,0, , , , ,Cameron Dow,Jessica Shue,3
40568,1,fagr,406,2020.16,2020,March,11,12.04,0, , , , ,Cameron Dow,Jessica Shue,3
40569,1,litu,407,2020.16,2020,March,11,90.42,0, , , , ,Cameron Dow,Jessica Shue,3
40635,1,cagl,408,2020.16,2020,March,11,44.24,0, , , ,double-checked,Cameron Dow,Jessica Shue,3
40941,1,litu,414,2020.16,2020,March,11,113.4,0, , ,RE,band is twisted up and at knee height,Cameron Dow,Jessica Shue,3
40942,1,acru,414,2020.16,2020,March,11,101.93,0, , , , ,Cameron Dow,Jessica Shue,3
40972,1,litu,415,2020.16,2020,March,11,23.6,0, , , ,double-checked,Cameron Dow,Jessica Shue,3
50160,1,fram,502,2020.16,2020,March,11,14.88,0, , , ,"band was loose, measured 21.10 before fixing",Cameron Dow,Jessica Shue,3
50525,1,qual,512,2020.16,2020,March,11,15.14,0, , , , ,Cameron Dow,Jessica Shue,3
50562,1,quru,514,2020.16,2020,March,11,13.52,0, , , , ,Cameron Dow,Jessica Shue,3
50622,1,qual,513,2020.16,2020,March,11,14.07,0, , , ,,Cameron Dow,Jessica Shue,3
50646,1,quru,514,2020.16,2020,March,11,12.73,0, , , , ,Cameron Dow,Jessica Shue,3
50650,1,litu,514,2020.16,2020,March,11,19.03,0, , , , ,Cameron Dow,Jessica Shue,3
50654,1,litu,514,2020.16,2020,March,11,51.81,0, , , , ,Cameron Dow,Jessica Shue,3
60410,1,fram,610,2020.16,2020,March,11,32.72,0, , , ,double-checked,Cameron Dow,Jessica Shue,3
60456,1,caca,614,2020.16,2020,March,11,9.43,0, , , , ,Cameron Dow,Jessica Shue,3
60457,1,caca,614,2020.16,2020,March,11,12.1,0, , , , ,Cameron Dow,Jessica Shue,3
60458,1,fagr,615,2020.16,2020,March,11,26.63,0, , , , ,Cameron Dow,Jessica Shue,3
60459,1,fagr,615,2020.16,2020,March,11,19.49,0, , , , ,Cameron Dow,Jessica Shue,3
60462,1,fagr,615,2020.16,2020,March,11,77.42,0, , , , ,Cameron Dow,Jessica Shue,3
60463,1,juni,615,2020.16,2020,March,11,52.31,0, , , , ,Cameron Dow,Jessica Shue,3
60468,1,caca,615,2020.16,2020,March,11,8.9,0, , , , ,Cameron Dow,Jessica Shue,3
60469,1,cofl,615,2020.16,2020,March,11,9.83,0, , , , ,Cameron Dow,Jessica Shue,3
60562,1,fagr,614,2020.16,2020,March,11,7.57,0, , , , ,Cameron Dow,Jessica Shue,3
60563,1,caca,614,2020.16,2020,March,11,15.55,0, , , , ,Cameron Dow,Jessica Shue,3
60566,1,fagr,614,2020.16,2020,March,11,100.6,0, , , , ,Cameron Dow,Jessica Shue,3
60567,1,litu,614,2020.16,2020,March,11,64.77,0, , , ,double-checked,Cameron Dow,Jessica Shue,3
60568,1,caca,614,2020.16,2020,March,11,11.19,0, , , , ,Cameron Dow,Jessica Shue,3
60569,1,caca,614,2020.16,2020,March,11,12.82,0, , , , ,Cameron Dow,Jessica Shue,3
60571,1,caca,614,2020.16,2020,March,11,23.64,0, , , , ,Cameron Dow,Jessica Shue,3
60573,1,tiam,614,2020.16,2020,March,11,32.98,0, , , , ,Cameron Dow,Jessica Shue,3
60576,1,caca,615,2020.16,2020,March,11,18.27,0, , , , ,Cameron Dow,Jessica Shue,3
60577,1,litu,615,2020.16,2020,March,11,25.37,0, , , , ,Cameron Dow,Jessica Shue,3
60578,1,caca,615,2020.16,2020,March,11,18.82,0, , , , ,Cameron Dow,Jessica Shue,3
60581,1,litu,615,2020.16,2020,March,11,24.04,0, , , , ,Cameron Dow,Jessica Shue,3
60582,1,quru,615,2020.16,2020,March,11,28.68,0, , , , ,Cameron Dow,Jessica Shue,3
60586,1,caca,615,2020.16,2020,March,11,9.92,0, , , , ,Cameron Dow,Jessica Shue,3
60587,1,caca,615,2020.16,2020,March,11,18.73,0, , , , ,Cameron Dow,Jessica Shue,3
60588,1,caco,615,2020.16,2020,March,11,36.85,0, , , ,double-checked,Cameron Dow,Jessica Shue,3
70216,1,quve,701,2020.16,2020,March,11,148.8,0, , , , ,Cameron Dow,Jessica Shue,3
70220,1,qual,702,2020.16,2020,March,11,12.17,0, , , , ,Cameron Dow,Jessica Shue,3
70492,1,nysy,714,2020.16,2020,March,11,9.48,0, , , , ,Cameron Dow,Jessica Shue,3
70493,1,litu,714,2020.16,2020,March,11,14.61,0, , , , ,Cameron Dow,Jessica Shue,3
70494,1,caca,714,2020.16,2020,March,11,26.59,0, , , , ,Cameron Dow,Jessica Shue,3
70494,2,caca,714,2020.16,2020,March,11,9.39,0, , , , ,Cameron Dow,Jessica Shue,3
70495,1,caca,714,2020.16,2020,March,11,9.72,0, , , , ,Cameron Dow,Jessica Shue,3
70581,1,quru,714,2020.16,2020,March,11,26.67,0, , , , ,Cameron Dow,Jessica Shue,3
80005,1,fram,801,2020.16,2020,March,11,21.24,0, , , , ,Cameron Dow,Jessica Shue,3
80121,1,quve,801,2020.16,2020,March,11,6.54,0, , , , ,Cameron Dow,Jessica Shue,3
100011,1,fram,1001,2020.16,2020,March,11,95.44,0, , , ,double-checked,Cameron Dow,Jessica Shue,3
101223,1,qupr,1013,2020.16,2020,March,11,19.74,0, , , ,double-checked,Jessica Shue,Jessica Shue,3
101244,1,quve,1014,2020.16,2020,March,11,85.27,0, , , , ,Jessica Shue,Jessica Shue,3
121438,1,caco,1215,2020.16,2020,March,11,18.21,0, , , , ,Jessica Shue,Jessica Shue,3
131188,1,litu,1313,2020.16,2020,March,11,30.37,0, , , ,double-checked,Jessica Shue,Jessica Shue,3
131227,1,litu,1313,2020.16,2020,March,11,87.2,0, , , ,double-checked,Jessica Shue,Jessica Shue,3
131232,1,litu,1313,2020.16,2020,March,11,105.15,0, , , ,double-checked,Jessica Shue,Jessica Shue,3
131233,1,litu,1313,2020.16,2020,March,11,71.8,0, , , , ,Jessica Shue,Jessica Shue,3
131239,1,quru,1314,2020.16,2020,March,11,123.92,0, , , ,double-checked,Jessica Shue,Jessica Shue,3
131272,1,fram,1315,2020.16,2020,March,11,NA,0,NA,NA,DS,,Jessica Shue,Jessica Shue,3
140872,1,litu,1413,2020.16,2020,March,11,33.69,0, , , , ,Jessica Shue,Jessica Shue,3
141088,1,fram,1415,2020.16,2020,March,11,NA,0, , ,DS,EAB; gap closed,Jessica Shue,Jessica Shue,3
141216,1,caco,1415,2020.16,2020,March,11,9.56,0, , , , ,Jessica Shue,Jessica Shue,3
12025,1,quru,117,2020.16,2020,March,11,46.54,0, , , ,"band was loose, measurement taken after fixing",Cameron Dow,Jessica Shue,4
12259,1,litu,125,2020.16,2020,March,11,40.97,0, , , , ,Cameron Dow,Jessica Shue,4
12270,1,tiam,125,2020.16,2020,March,11,61.02,0, , , , ,Cameron Dow,Jessica Shue,4
12416,1,cato,129,2020.16,2020,March,11,5.98,0, , , , ,Cameron Dow,Jessica Shue,4
12508,1,litu,131,2020.16,2020,March,11,22.17,0, , , , ,Cameron Dow,Jessica Shue,4
22004,1,litu,217,2020.16,2020,March,11,25.06,0, , , , ,Cameron Dow,Jessica Shue,4
22041,1,litu,217,2020.16,2020,March,11,46.85,0, , , ,,Cameron Dow,Jessica Shue,4
22170,1,litu,221,2020.16,2020,March,11,36.96,1, , , ,new band,Cameron Dow,Jessica Shue,4
22315,1,caco,225,2020.16,2020,March,11,5.15,0, , , ,double-checked,Cameron Dow,Jessica Shue,4
22333,1,fram,226,2020.16,2020,March,11,48.33,0, , , ,double-checked; shedding bark ,Cameron Dow,Jessica Shue,4
30584,1,quve,316,2020.16,2020,March,11,116.69,0, , , , ,Cameron Dow,Jessica Shue,4
32097,1,litu,320,2020.16,2020,March,11,30.22,0, , , ,"double-checked; band was twisted, now fixed",Cameron Dow,Jessica Shue,4
32126,1,litu,321,2020.16,2020,March,11,82.09,0, , , , ,Cameron Dow,Jessica Shue,4
32381,1,qupr,327,2020.16,2020,March,11,69.43,0, , , , ,Cameron Dow,Jessica Shue,4
32423,1,litu,329,2020.16,2020,March,11,52.66,0, , , ,double-checked,Cameron Dow,Jessica Shue,4
32540,1,qupr,332,2020.16,2020,March,11,111.25,0, , , , ,Cameron Dow,Jessica Shue,4
42009,1,ploc,417,2020.16,2020,March,11,116.03,0, , , , ,Cameron Dow,Jessica Shue,4
42397,1,quru,428,2020.16,2020,March,11,47.42,0, , , , ,Cameron Dow,Jessica Shue,4
52087,1,quru,519,2020.16,2020,March,11,122.17,0, , , ,double-checked,Cameron Dow,Jessica Shue,4
52190,1,quru,522,2020.16,2020,March,11,108.25,0, , , , ,Cameron Dow,Jessica Shue,4
52344,1,cagl,528,2020.16,2020,March,11,5.28,0, , , , ,Cameron Dow,Jessica Shue,4
62114,1,quve,619,2020.16,2020,March,11,12.69,0, , , , ,Cameron Dow,Jessica Shue,4
62128,1,quru,620,2020.16,2020,March,11,117.78,0, , , , ,Cameron Dow,Jessica Shue,4
62181,1,quve,621,2020.16,2020,March,11,114.55,0, , , , ,Cameron Dow,Jessica Shue,4
62224,1,litu,622,2020.16,2020,March,11,122.85,0, , , , ,Cameron Dow,Jessica Shue,4
62241,1,litu,623,2020.16,2020,March,11,125.41,0, , , ,double-checked,Cameron Dow,Jessica Shue,4
72024,1,quve,717,2020.16,2020,March,11,45.02,0, , , , ,Cameron Dow,Jessica Shue,4
72104,1,qual,718,2020.16,2020,March,11,6.95,0, , , , ,Cameron Dow,Jessica Shue,4
72115,1,litu,719,2020.16,2020,March,11,88.02,0, , , ,"double-checked; clip was in window, previous measurement probably taken at clip",Cameron Dow,Jessica Shue,4
72116,1,litu,719,2020.16,2020,March,11,18.1,0, , , , ,Cameron Dow,Jessica Shue,4
72122,1,caca,719,2020.16,2020,March,11,17.85,0, , , , ,Cameron Dow,Jessica Shue,4
72124,1,quru,719,2020.16,2020,March,11,115.93,0, , , , ,Cameron Dow,Jessica Shue,4
72149,1,litu,720,2020.16,2020,March,11,22.12,0, , , , ,Cameron Dow,Jessica Shue,4
72173,1,qual,720,2020.16,2020,March,11,8.8,0, , , , ,Cameron Dow,Jessica Shue,4
72210,1,qual,721,2020.16,2020,March,11,8.49,0, , , , ,Cameron Dow,Jessica Shue,4
72232,1,qual,722,2020.16,2020,March,11,109.7,0, , , , ,Cameron Dow,Jessica Shue,4
72248,1,caco,723,2020.16,2020,March,11,70.82,0, , , , ,Cameron Dow,Jessica Shue,4
82125,1,cagl,819,2020.16,2020,March,11,30.9,0, , , , ,Cameron Dow,Jessica Shue,4
82138,1,quru,820,2020.16,2020,March,11,87.64,0, , , , ,Cameron Dow,Jessica Shue,4
82203,1,litu,822,2020.16,2020,March,11,26.68,0, , , , ,Cameron Dow,Jessica Shue,4
82223,1,litu,822,2020.16,2020,March,11,24.76,0, , , , ,Cameron Dow,Jessica Shue,4
82226,1,litu,823,2020.16,2020,March,11,51.15,0, , , , ,Cameron Dow,Jessica Shue,4
90752,1,qual,916,2020.16,2020,March,11,65.15,0, , , , ,Jessica Shue,Jessica Shue,5
92018,1,acru,917,2020.16,2020,March,11,88.97,0, , , , ,Jessica Shue,Jessica Shue,5
92112,1,litu,919,2020.16,2020,March,11,129.23,0, , , , ,Jessica Shue,Jessica Shue,5
92139,1,quru,920,2020.16,2020,March,11,38.4,0, , , , ,Jessica Shue,Jessica Shue,5
92140,1,cato,920,2020.16,2020,March,11,5.37,0, , , ,tag was replaced as 92138; another stem tagged 92138 West of this stem,Jessica Shue,Jessica Shue,5
92141,1,cagl,920,2020.16,2020,March,11,32.28,0, , , , ,Jessica Shue,Jessica Shue,5
92237,1,nysy,922,2020.16,2020,March,11,17.91,0, , , , ,Jessica Shue,Jessica Shue,5
92238,1,quve,922,2020.16,2020,March,11,108.85,0, , , , ,Jessica Shue,Jessica Shue,5
92280,1,quve,923,2020.16,2020,March,11,147.15,0, , , , ,Jessica Shue,Jessica Shue,5
92347,1,quru,923,2020.16,2020,March,11,10.84,0, , , , ,Jessica Shue,Jessica Shue,5
101310,1,fram,1016,2020.16,2020,March,11,89.98,0, , ,DS,woodpecker damage,Jessica Shue,Jessica Shue,5
101312,1,fram,1016,2020.16,2020,March,11,137.49,0, , , , ,Jessica Shue,Jessica Shue,5
102148,1,cato,1019,2020.16,2020,March,11,25.42,0, , , , ,Jessica Shue,Jessica Shue,5
102149,1,cagl,1020,2020.16,2020,March,11,42.91,0, , , , ,Jessica Shue,Jessica Shue,5
102150,1,qual,1020,2020.16,2020,March,11,64.12,0, , , ,replace tag,Jessica Shue,Jessica Shue,5
102154,1,qual,1020,2020.16,2020,March,11,104.35,0, , ,RE,,Jessica Shue,Jessica Shue,5
102177,1,qual,1020,2020.16,2020,March,11,115.9,0, , , , ,Jessica Shue,Jessica Shue,5
102199,1,cagl,1021,2020.16,2020,March,11,33.67,0, , , ,double-checked,Jessica Shue,Jessica Shue,5
102258,1,qual,1022,2020.16,2020,March,11,5.84,0, , , , ,Jessica Shue,Jessica Shue,5
102261,1,qual,1022,2020.16,2020,March,11,14.69,0, , , , ,Jessica Shue,Jessica Shue,5
102262,1,qual,1022,2020.16,2020,March,11,89.61,0, , , , ,Jessica Shue,Jessica Shue,5
102264,1,qual,1022,2020.16,2020,March,11,37.6,0, , , ,replaced spring ,Jessica Shue,Jessica Shue,5
102303,1,quve,1024,2020.16,2020,March,11,24.59,0, , , ,double-checked; band adjusted,Jessica Shue,Jessica Shue,5
111292,1,fram,1116,2020.16,2020,March,11,76.17,0, , ,DS,woodpecker damage,Jessica Shue,Jessica Shue,5
112014,1,cagl,1117,2020.16,2020,March,11,77.4,0, , , ,double-checked,Jessica Shue,Jessica Shue,5
112057,1,acru,1117,2020.16,2020,March,11,78.8,0, , , ,flowering; double-checked,Jessica Shue,Jessica Shue,5
112060,1,fram,1117,2020.16,2020,March,11,95.21,0, , , ,double-checked; second monitoring device over band - black strap,Jessica Shue,Jessica Shue,5
112118,1,quru,1119,2020.16,2020,March,11,65.01,0, , ,DS;L,SW,Jessica Shue,Jessica Shue,5
112130,1,qual,1119,2020.16,2020,March,11,8.19,0, , , , ,Jessica Shue,Jessica Shue,5
112136,1,pist,1120,2020.16,2020,March,11,23.87,0, , , , ,Jessica Shue,Jessica Shue,5
112137,1,qual,1120,2020.16,2020,March,11,27.43,0, , , , ,Jessica Shue,Jessica Shue,5
112142,1,qual,1120,2020.16,2020,March,11,16.31,0, , , , ,Jessica Shue,Jessica Shue,5
112250,1,pist,1122,2020.16,2020,March,11,26.98,0, , , , ,Jessica Shue,Jessica Shue,5
112252,1,litu,1122,2020.16,2020,March,11,81.2,0, , , , ,Jessica Shue,Jessica Shue,5
112262,1,quru,1123,2020.16,2020,March,11,53.89,0, , , , ,Jessica Shue,Jessica Shue,5
121358,1,fram,1216,2020.16,2020,March,11,10.18,0, , ,DS,band adjusted,Jessica Shue,Jessica Shue,5
121367,1,nysy,1216,2020.16,2020,March,11,66.27,0, , , , ,Jessica Shue,Jessica Shue,5
121374,1,juni,1216,2020.16,2020,March,11,60.12,0, , , , ,Jessica Shue,Jessica Shue,5
122005,1,fram,1217,2020.16,2020,March,11,102.53,0, , ,DS,,Jessica Shue,Jessica Shue,5
122006,1,acru,1217,2020.16,2020,March,11,96.49,0, , , ,flowering,Jessica Shue,Jessica Shue,5
122009,1,acru,1217,2020.16,2020,March,11,79.49,0, , ,RE,,Jessica Shue,Jessica Shue,5
122120,1,qual,1220,2020.16,2020,April,11,86.86,0, , ,,,Cameron Dow,Cameron Dow,5
122121,1,pist,1220,2020.16,2020,March,11,14.38,0, , , ,replace tag; squirrel damage,Jessica Shue,Jessica Shue,5
122136,1,quru,1220,2020.16,2020,March,11,41.41,0, , , , ,Jessica Shue,Jessica Shue,5
122184,1,pist,1222,2020.16,2020,March,11,7.25,0, , , , ,Jessica Shue,Jessica Shue,5
122185,1,pist,1222,2020.16,2020,March,11,29.79,0, , , , ,Jessica Shue,Jessica Shue,5
122189,1,qual,1222,2020.16,2020,March,11,101.81,0, , , , ,Jessica Shue,Jessica Shue,5
122248,1,qual,1222,2020.16,2020,March,11,51.84,0, , , , ,Jessica Shue,Jessica Shue,5
122303,1,qual,1223,2020.16,2020,March,11,83.11,0, , , , ,Jessica Shue,Jessica Shue,5
131352,1,fram,1316,2020.16,2020,March,11,NA,0,NA,NA,DS,,Jessica Shue,Jessica Shue,5
131364,1,acru,1316,2020.16,2020,March,11,35.48,0, , , ,flowering,Jessica Shue,Jessica Shue,5
132028,1,fram,1317,2020.16,2020,March,11,55.11,0, , ,DS,EAB,Jessica Shue,Jessica Shue,5
132077,1,qual,1319,2020.16,2020,March,11,59.73,0, , , , ,Jessica Shue,Jessica Shue,5
132171,1,litu,1320,2020.16,2020,March,11,57.63,0, , , ,double-checked,Jessica Shue,Jessica Shue,5
132280,1,fram,1324,2020.16,2020,March,11,11.76,0, , , , ,Jessica Shue,Jessica Shue,5
132302,1,quru,1321,2020.16,2020,March,11,16.17,0, , , ,partially hollow; band adjusted,Jessica Shue,Jessica Shue,5
132311,1,qual,1322,2020.16,2020,March,11,122.55,0, , , , ,Jessica Shue,Jessica Shue,5
132321,1,quru,1323,2020.16,2020,March,11,99.81,0, , , , ,Jessica Shue,Jessica Shue,5
141146,1,caco,1416,2020.16,2020,March,11,24.9,0, , , ,double-checked,Jessica Shue,Jessica Shue,5
142113,1,cagl,1417,2020.16,2020,March,11,36.84,0, , , , ,Jessica Shue,Jessica Shue,5
142521,1,pist,1422,2020.16,2020,March,11,66.59,0, , , , ,Jessica Shue,Jessica Shue,5
142527,1,cagl,1422,2020.16,2020,March,11,32.57,0, , , , ,Jessica Shue,Jessica Shue,5
142548,1,qual,1424,2020.16,2020,March,11,9.98,0, , , , ,Jessica Shue,Jessica Shue,5
142206,1,fram,1419,2020.16,2020,March,11,105.23,0, , , , ,"Krista Anderson-Teixeira, Sean McMahon",Jessica Shue,6
152153,1,ploc,1520,2020.16,2020,March,11,76.44,0, , , , ,"Krista Anderson-Teixeira, Sean McMahon",Jessica Shue,6
161578,1,qual,1616,2020.16,2020,March,11,5.48,0, , , , ,"Krista Anderson-Teixeira, Sean McMahon",Jessica Shue,6
162293,1,qual,1623,2020.16,2020,March,11,105.86,0, , , , ,"Krista Anderson-Teixeira, Sean McMahon",Jessica Shue,6
162503,1,quve,1624,2020.16,2020,March,11,143.59,0, , ,RE,,"Krista Anderson-Teixeira, Sean McMahon",Jessica Shue,6
171505,1,litu,1716,2020.16,2020,March,11,72.08,0, , , , ,"Krista Anderson-Teixeira, Sean McMahon",Jessica Shue,6
171506,1,litu,1716,2020.16,2020,March,11,130.44,0, , , , ,"Krista Anderson-Teixeira, Sean McMahon",Jessica Shue,6
172201,1,cagl,1717,2020.16,2020,March,11,43.96,0, , , , ,"Krista Anderson-Teixeira, Sean McMahon",Jessica Shue,6
172202,1,quru,1717,2020.16,2020,March,11,65.08,0, , , , ,"Krista Anderson-Teixeira, Sean McMahon",Jessica Shue,6
172203,1,qual,1717,2020.16,2020,March,11,16.84,0, , , , ,"Krista Anderson-Teixeira, Sean McMahon",Jessica Shue,6
172205,1,qual,1717,2020.16,2020,March,11,125.76,0, , , , ,"Krista Anderson-Teixeira, Sean McMahon",Jessica Shue,6
172248,1,cato,1719,2020.16,2020,March,11,25.07,0, , , , ,"Krista Anderson-Teixeira, Sean McMahon",Jessica Shue,6
172255,1,qual,1720,2020.16,2020,March,11,113.31,0, , , ,172260::69.37,"Krista Anderson-Teixeira, Sean McMahon",Jessica Shue,6
172382,1,juni,1723,2020.16,2020,March,11,111.33,0, , , , ,"Krista Anderson-Teixeira, Sean McMahon",Jessica Shue,6
181030,1,qual,1816,2020.16,2020,March,11,10.06,0, , , , ,"Krista Anderson-Teixeira, Sean McMahon",Jessica Shue,6
181033,1,litu,1816,2020.16,2020,March,11,NA,0, , ,RE,,"Krista Anderson-Teixeira, Sean McMahon",Jessica Shue,6
182161,1,fram,1822,2020.16,2020,March,11,1.88,0, , , , ,"Krista Anderson-Teixeira, Sean McMahon",Jessica Shue,6
182207,1,qual,1817,2020.16,2020,March,11,107.86,0, , , , ,"Krista Anderson-Teixeira, Sean McMahon",Jessica Shue,6
182208,1,quru,1817,2020.16,2020,March,11,89.58,0, , , , ,"Krista Anderson-Teixeira, Sean McMahon",Jessica Shue,6
182248,1,nysy,1820,2020.16,2020,March,11,30.16,0, , , , ,"Krista Anderson-Teixeira, Sean McMahon",Jessica Shue,6
182376,1,ploc,1823,2020.16,2020,March,11,72.77,0, , , , ,"Krista Anderson-Teixeira, Sean McMahon",Jessica Shue,6
182570,1,juni,1823,2020.16,2020,March,11,97.82,0, , , , ,"Krista Anderson-Teixeira, Sean McMahon",Jessica Shue,6
190835,1,litu,1916,2020.16,2020,March,11,104.69,0, , , , ,"Krista Anderson-Teixeira, Sean McMahon",Jessica Shue,6
190838,1,quru,1916,2020.16,2020,March,11,77.18,0, , , , ,"Krista Anderson-Teixeira, Sean McMahon",Jessica Shue,6
190840,1,litu,1916,2020.16,2020,March,11,45.03,0, , , , ,"Krista Anderson-Teixeira, Sean McMahon",Jessica Shue,6
190935,1,quru,1916,2020.16,2020,March,11,NA,0,NA,NA,DC,,"Krista Anderson-Teixeira, Sean McMahon",Jessica Shue,6
192008,1,qual,1917,2020.16,2020,March,11,124.83,0, , , , ,"Krista Anderson-Teixeira, Sean McMahon",Jessica Shue,6
192055,1,qual,1919,2020.16,2020,March,11,116.88,0, , , , ,"Krista Anderson-Teixeira, Sean McMahon",Jessica Shue,6
192062,1,qupr,1920,2020.16,2020,March,11,52.53,0, , , , ,"Krista Anderson-Teixeira, Sean McMahon",Jessica Shue,6
192064,1,qupr,1920,2020.16,2020,March,11,68.73,0, , , , ,"Krista Anderson-Teixeira, Sean McMahon",Jessica Shue,6
192133,1,caovl,1923,2020.16,2020,March,11,14.02,0, , , , ,"Krista Anderson-Teixeira, Sean McMahon",Jessica Shue,6
192244,1,qual,1919,2020.16,2020,March,11,29.05,0, , , , ,"Krista Anderson-Teixeira, Sean McMahon",Jessica Shue,6
201432,1,quve,2016,2020.16,2020,March,11,71.36,0, , , , ,"Krista Anderson-Teixeira, Sean McMahon",Jessica Shue,6
201441,1,litu,2016,2020.16,2020,March,11,127.92,0, , , , ,"Krista Anderson-Teixeira, Sean McMahon",Jessica Shue,6
202050,1,qual,2019,2020.16,2020,March,11,29.2,0, , , , ,"Krista Anderson-Teixeira, Sean McMahon",Jessica Shue,6
202072,1,qual,2020,2020.16,2020,March,11,NA,0, , , , ,"Krista Anderson-Teixeira, Sean McMahon",Jessica Shue,6
202118,1,quve,2023,2020.16,2020,March,11,113.1,0, , , , ,"Krista Anderson-Teixeira, Sean McMahon",Jessica Shue,6
202201,1,cato,2017,2020.16,2020,March,11,20.8,0, , , , ,"Krista Anderson-Teixeira, Sean McMahon",Jessica Shue,6
202203,1,quru,2017,2020.16,2020,March,11,40.38,0, , , , ,"Krista Anderson-Teixeira, Sean McMahon",Jessica Shue,6
202212,1,quve,2017,2020.16,2020,March,11,56.84,0, , , , ,"Krista Anderson-Teixeira, Sean McMahon",Jessica Shue,6
202215,1,qual,2017,2020.16,2020,March,11,94.65,0, , , , ,"Krista Anderson-Teixeira, Sean McMahon",Jessica Shue,6
202283,1,litu,2020,2020.16,2020,March,11,121.68,0, , , , ,"Krista Anderson-Teixeira, Sean McMahon",Jessica Shue,6
202336,1,cagl,2022,2020.16,2020,March,11,102.26,0, , , , ,"Krista Anderson-Teixeira, Sean McMahon",Jessica Shue,6
202337,1,cagl,2023,2020.16,2020,March,11,63.21,0, , , , ,"Krista Anderson-Teixeira, Sean McMahon",Jessica Shue,6
62285,1,quru,625,2020.16,2020,March,11,23.21,0, , , ,double-checked,Cameron Dow,Jessica Shue,7
62300,1,quve,625,2020.16,2020,March,11,10.18,0, , , , ,Cameron Dow,Jessica Shue,7
62312,1,cato,626,2020.16,2020,March,11,5.95,0, , , , ,Cameron Dow,Jessica Shue,7
62417,1,quve,630,2020.16,2020,March,12,84.07,0, , , , ,"Sean McMahon, Jessica Shue",Jessica Shue,7
62449,1,qual,632,2020.16,2020,March,12,111.94,0, , ,RE,,"Sean McMahon, Jessica Shue",Jessica Shue,7
62454,1,quve,632,2020.16,2020,March,12,140.03,0, , ,RE,,"Sean McMahon, Jessica Shue",Jessica Shue,7
72308,1,qual,725,2020.16,2020,March,11,55.45,0, , , ,double-checked,Cameron Dow,Jessica Shue,7
72322,1,litu,726,2020.16,2020,March,11,22.48,0, , , , ,Cameron Dow,Jessica Shue,7
72324,1,litu,726,2020.16,2020,March,11,29.25,0, , , , ,Cameron Dow,Jessica Shue,7
72337,1,quru,727,2020.16,2020,March,11,39.18,0, , , ,double-checked,Cameron Dow,Jessica Shue,7
72348,1,quru,727,2020.16,2020,March,11,16.1,0, , , , ,Cameron Dow,Jessica Shue,7
72357,1,quru,728,2020.16,2020,March,11,27.09,0, , , , ,Cameron Dow,Jessica Shue,7
72375,1,litu,728,2020.16,2020,March,11,88.43,0, , , , ,Cameron Dow,Jessica Shue,7
72377,1,litu,728,2020.16,2020,March,11,22.8,0, , , , ,Cameron Dow,Jessica Shue,7
72427,1,litu,730,2020.16,2020,March,12,61.77,0, , , , ,"Sean McMahon, Jessica Shue",Jessica Shue,7
72447,1,litu,732,2020.16,2020,March,12,70.48,0, , , ,double-checked,"Sean McMahon, Jessica Shue",Jessica Shue,7
72448,1,litu,732,2020.16,2020,March,12,18.31,0, , , ,double-checked,"Sean McMahon, Jessica Shue",Jessica Shue,7
82284,1,quve,825,2020.16,2020,March,11,79.95,0, , , ,double-checked,Cameron Dow,Jessica Shue,7
82292,1,litu,826,2020.16,2020,March,11,17.6,0, , , ,double-checked,Cameron Dow,Jessica Shue,7
82298,1,litu,826,2020.16,2020,March,11,32.69,0, , , ,double-checked,Cameron Dow,Jessica Shue,7
82326,1,quve,827,2020.16,2020,March,12,149.94,0, , ,RE,,"Sean McMahon, Jessica Shue",Jessica Shue,7
82357,1,litu,828,2020.16,2020,March,12,31.43,0, , , , ,"Sean McMahon, Jessica Shue",Jessica Shue,7
82360,1,litu,829,2020.16,2020,March,12,25.45,0, , , , ,"Sean McMahon, Jessica Shue",Jessica Shue,7
82365,1,qual,829,2020.16,2020,March,12,56.63,0, , , , ,"Sean McMahon, Jessica Shue",Jessica Shue,7
82368,1,litu,829,2020.16,2020,March,12,101.91,0, , , , ,"Sean McMahon, Jessica Shue",Jessica Shue,7
82419,1,litu,831,2020.16,2020,March,12,35.09,0, , , ,double-checked,"Sean McMahon, Jessica Shue",Jessica Shue,7
82421,1,litu,831,2020.16,2020,March,12,131.52,0, , , , ,"Sean McMahon, Jessica Shue",Jessica Shue,7
82422,1,litu,831,2020.16,2020,March,12,84.14,0, , , , ,"Sean McMahon, Jessica Shue",Jessica Shue,7
82434,1,quve,832,2020.16,2020,March,12,NA,0, , ,RE,,"Sean McMahon, Jessica Shue",Jessica Shue,7
92393,1,cagl,925,2020.16,2020,March,12,98.9,0, , , , ,"Sean McMahon, Jessica Shue",Jessica Shue,7
92414,1,litu,926,2020.16,2020,March,12,14.52,0, , , , ,"Sean McMahon, Jessica Shue",Jessica Shue,7
92466,1,litu,927,2020.16,2020,March,12,135.25,0, , ,RE,,"Sean McMahon, Jessica Shue",Jessica Shue,7
92487,1,quve,928,2020.16,2020,March,12,129.57,0, , , , ,"Sean McMahon, Jessica Shue",Jessica Shue,7
92488,1,litu,928,2020.16,2020,March,12,79.53,0, , , , ,"Sean McMahon, Jessica Shue",Jessica Shue,7
92545,1,litu,931,2020.16,2020,March,12,67.21,0, , , , ,"Sean McMahon, Jessica Shue",Jessica Shue,7
92546,1,litu,931,2020.16,2020,March,12,55.41,0, , , , ,"Sean McMahon, Jessica Shue",Jessica Shue,7
92547,1,litu,931,2020.16,2020,March,12,85.43,0, , , , ,"Sean McMahon, Jessica Shue",Jessica Shue,7
102348,1,qual,1025,2020.16,2020,March,11,10.57,0, , , , ,Jessica Shue,Jessica Shue,7
102364,1,qual,1025,2020.16,2020,March,12,101.02,0, , , , ,"Sean McMahon, Jessica Shue",Jessica Shue,7
102365,1,litu,1025,2020.16,2020,March,12,59.01,0, , , , ,"Sean McMahon, Jessica Shue",Jessica Shue,7
102371,1,qual,1026,2020.16,2020,March,12,72.78,0, , , , ,"Sean McMahon, Jessica Shue",Jessica Shue,7
102438,1,litu,1028,2020.16,2020,March,12,71.68,0, , , , ,"Sean McMahon, Jessica Shue",Jessica Shue,7
102438,2,litu,1028,2020.16,2020,March,12,78.28,0, , , , ,"Sean McMahon, Jessica Shue",Jessica Shue,7
102439,1,litu,1028,2020.16,2020,March,12,18.63,0, , , , ,"Sean McMahon, Jessica Shue",Jessica Shue,7
102441,1,litu,1029,2020.16,2020,March,12,63.72,0, , , , ,"Sean McMahon, Jessica Shue",Jessica Shue,7
102442,1,litu,1029,2020.16,2020,March,12,110.13,0, , , , ,"Sean McMahon, Jessica Shue",Jessica Shue,7
102443,1,litu,1029,2020.16,2020,March,12,70.6,0, , , , ,"Sean McMahon, Jessica Shue",Jessica Shue,7
102444,1,litu,1029,2020.16,2020,March,12,38.79,0, , , , ,"Sean McMahon, Jessica Shue",Jessica Shue,7
102446,1,litu,1029,2020.16,2020,March,12,49.14,0, , , , ,"Sean McMahon, Jessica Shue",Jessica Shue,7
102446,2,litu,1029,2020.16,2020,March,12,27.8,0, , , ,double-checked,"Sean McMahon, Jessica Shue",Jessica Shue,7
102501,1,litu,1031,2020.16,2020,March,12,106.98,0, , , , ,"Sean McMahon, Jessica Shue",Jessica Shue,7
102502,1,ulru,1031,2020.16,2020,March,12,49.81,0, , , , ,"Sean McMahon, Jessica Shue",Jessica Shue,7
102509,1,quve,1032,2020.16,2020,March,12,76.65,0, , , ,double-checked,"Sean McMahon, Jessica Shue",Jessica Shue,7
102475,1,litu,1030,2020.16,2020,March,11,132.49,0, , ,RE,,Jessica Shue,Jessica Shue,8
112316,1,quve,1125,2020.16,2020,March,11,106.08,0, , , , ,Jessica Shue,Jessica Shue,8
112336,1,qual,1125,2020.16,2020,March,11,13.31,0, , , , ,Jessica Shue,Jessica Shue,8
112342,1,nysy,1125,2020.16,2020,March,11,3.16,0, , ,RE,,Jessica Shue,Jessica Shue,8
112350,1,cagl,1126,2020.16,2020,March,11,61.46,0, , , ,double-checked; band adjusted,Jessica Shue,Jessica Shue,8
112354,1,qual,1126,2020.16,2020,March,11,108.66,0, , , , ,Jessica Shue,Jessica Shue,8
112462,1,litu,1128,2020.16,2020,March,11,115.22,0, , , , ,Jessica Shue,Jessica Shue,8
112466,1,cato,1129,2020.16,2020,March,11,20.04,0, , , , ,Jessica Shue,Jessica Shue,8
112467,1,litu,1129,2020.16,2020,March,11,82.62,0, , , , ,Jessica Shue,Jessica Shue,8
112480,1,litu,1131,2020.16,2020,March,11,75.96,0, , , , ,Jessica Shue,Jessica Shue,8
112481,1,litu,1131,2020.16,2020,March,11,69.88,0, , ,DS,,Jessica Shue,Jessica Shue,8
112482,1,litu,1131,2020.16,2020,March,11,8.28,1, , , ,new band,Jessica Shue,Jessica Shue,8
112698,1,ulru,1128,2020.16,2020,March,11,29.07,0, , , , ,Jessica Shue,Jessica Shue,8
122343,1,qual,1225,2020.16,2020,March,11,110.37,0, , , , ,Jessica Shue,Jessica Shue,8
122427,1,qual,1227,2020.16,2020,March,11,20.42,0, , , , ,Jessica Shue,Jessica Shue,8
122439,1,cagl,1228,2020.16,2020,March,11,30.09,0, , , , ,Jessica Shue,Jessica Shue,8
122450,1,ulru,1225,2020.16,2020,March,11,64.87,0, , , , ,Jessica Shue,Jessica Shue,8
122452,1,fram,1226,2020.16,2020,March,11,64.52,0, , ,DS,EAB; woodpecker damage,Jessica Shue,Jessica Shue,8
122455,1,qual,1226,2020.16,2020,March,11,113.35,0, , , , ,Jessica Shue,Jessica Shue,8
122458,1,cagl,1226,2020.16,2020,March,11,8.69,0, , , , ,Jessica Shue,Jessica Shue,8
122482,1,litu,1228,2020.16,2020,March,11,87.18,0, , , ,double-checked ,Jessica Shue,Jessica Shue,8
122486,1,litu,1228,2020.16,2020,March,11,139.27,0, , ,RE,,Jessica Shue,Jessica Shue,8
122489,1,cagl,1229,2020.16,2020,March,11,57.29,0, , , ,,Jessica Shue,Jessica Shue,8
122492,1,litu,1229,2020.16,2020,March,11,NA,0, , ,RE,,Jessica Shue,Jessica Shue,8
122522,1,litu,1232,2020.16,2020,March,11,85.75,0, , , ,double-checked,Jessica Shue,Jessica Shue,8
122561,1,litu,1231,2020.16,2020,March,11,NA,0, , ,RE,,Jessica Shue,Jessica Shue,8
132371,1,quru,1325,2020.16,2020,March,11,33.93,0, , , , ,Jessica Shue,Jessica Shue,8
132508,1,quve,1328,2020.16,2020,March,11,79.4,0, , , , ,Jessica Shue,Jessica Shue,8
132524,1,litu,1329,2020.16,2020,March,11,76.15,0, , ,RE,,Jessica Shue,Jessica Shue,8
132525,1,fram,1329,2020.16,2020,March,11,12.63,0, , ,DS,woodpecker damage,Jessica Shue,Jessica Shue,8
132529,1,litu,1329,2020.16,2020,March,11,119.42,0, , , , ,Jessica Shue,Jessica Shue,8
132539,1,litu,1331,2020.16,2020,March,11,31.95,0, , , , ,Jessica Shue,Jessica Shue,8
132542,1,quve,1332,2020.16,2020,March,11,123.13,0, , , , ,Jessica Shue,Jessica Shue,8
132545,1,litu,1332,2020.16,2020,March,11,NA,0,NA,NA,RE,,Jessica Shue,Jessica Shue,8
142380,1,qual,1425,2020.16,2020,March,11,15.66,0, , , , ,Jessica Shue,Jessica Shue,8
142399,1,qual,1427,2020.16,2020,March,11,15.08,0, , , , ,Jessica Shue,Jessica Shue,8
142575,1,quve,1426,2020.16,2020,March,11,52.5,0, , , , ,Jessica Shue,Jessica Shue,8
142656,1,litu,1431,2020.16,2020,March,11,62.23,0, , , , ,Jessica Shue,Jessica Shue,8
142708,1,juni,1429,2020.16,2020,March,11,19.7,0, , , , ,Jessica Shue,Jessica Shue,8
142727,1,litu,1431,2020.16,2020,March,11,143.16,0, , ,RE,,Jessica Shue,Jessica Shue,8
142729,1,litu,1431,2020.16,2020,March,11,53.86,0, , , , ,Jessica Shue,Jessica Shue,8
142730,1,litu,1431,2020.16,2020,March,11,43.8,0, , , , ,Jessica Shue,Jessica Shue,8
142731,1,litu,1432,2020.16,2020,March,11,57.45,0, , , , ,Jessica Shue,Jessica Shue,8
142732,1,cagl,1432,2020.16,2020,March,11,32.68,0, , , , ,Jessica Shue,Jessica Shue,8
142733,1,litu,1432,2020.16,2020,March,11,31.61,0, , , , ,Jessica Shue,Jessica Shue,8
142735,1,qual,1432,2020.16,2020,March,11,77.43,0, , , ,double-checked ,Jessica Shue,Jessica Shue,8
143707,1,cagl,1426,2020.16,2020,March,11,18.63,0, , , , ,Jessica Shue,Jessica Shue,8
152513,1,qupr,1525,2020.16,2020,March,,8.35,0, , , , ,"Sean McMahon, Jessica Shue",Jessica Shue,9
152673,1,litu,1530,2020.16,2020,March,,74.24,0, , , , ,"Sean McMahon, Jessica Shue",Jessica Shue,9
152701,1,litu,1531,2020.16,2020,March,,46.43,0, , , , ,"Sean McMahon, Jessica Shue",Jessica Shue,9
162439,1,quru,1627,2020.16,2020,March,,26.18,0, , , , ,"Sean McMahon, Jessica Shue",Jessica Shue,9
162446,1,quru,1630,2020.16,2020,March,,14.88,0, , , , ,"Sean McMahon, Jessica Shue",Jessica Shue,9
162541,1,qupr,1627,2020.16,2020,March,,5.89,0, , , , ,"Sean McMahon, Jessica Shue",Jessica Shue,9
162543,1,qual,1627,2020.16,2020,March,,74.7,0, , , , ,"Sean McMahon, Jessica Shue",Jessica Shue,9
172416,1,nysy,1725,2020.16,2020,March,,3.38,0, , , , ,"Krista Anderson-Teixeira, Sean McMahon",Jessica Shue,9
172417,1,nysy,1725,2020.16,2020,March,,19.95,0, , , , ,"Krista Anderson-Teixeira, Sean McMahon",Jessica Shue,9
172418,1,nysy,1725,2020.16,2020,March,,30.41,0, , , , ,"Krista Anderson-Teixeira, Sean McMahon",Jessica Shue,9
172421,1,cagl,1725,2020.16,2020,March,,10.91,0, , , , ,"Krista Anderson-Teixeira, Sean McMahon",Jessica Shue,9
172423,1,litu,1726,2020.16,2020,March,,41.3,0, , , , ,"Krista Anderson-Teixeira, Sean McMahon",Jessica Shue,9
172470,1,quru,1728,2020.16,2020,March,,102.23,0, , , , ,"Sean McMahon, Jessica Shue",Jessica Shue,9
172472,1,fram,1728,2020.16,2020,March,,25.99,0, , , , ,"Sean McMahon, Jessica Shue",Jessica Shue,9
172499,1,qual,1730,2020.16,2020,March,,NA,0, , ,RE,CWD,"Sean McMahon, Jessica Shue",Jessica Shue,9
172556,1,litu,1729,2020.16,2020,March,,58.52,0, , , , ,"Sean McMahon, Jessica Shue",Jessica Shue,9
172624,1,litu,1731,2020.16,2020,March,,31.32,0, , , , ,"Sean McMahon, Jessica Shue",Jessica Shue,9
182451,1,fram,1829,2020.16,2020,March,,20.59,0, , ,DS,EAB; woodpecker damage,"Sean McMahon, Jessica Shue",Jessica Shue,9
182491,1,litu,1831,2020.16,2020,March,,81.77,0, , , , ,"Sean McMahon, Jessica Shue",Jessica Shue,9
182498,1,fram,1831,2020.16,2020,March,,25.86,0, , , , ,"Sean McMahon, Jessica Shue",Jessica Shue,9
182681,1,litu,1829,2020.16,2020,March,,NA,0, , ,RE,,"Krista Anderson-Teixeira, Sean McMahon",Jessica Shue,9
182693,1,litu,1830,2020.16,2020,March,,14.54,0, , , , ,"Sean McMahon, Jessica Shue",Jessica Shue,9
192437,1,litu,1925,2020.16,2020,March,,13.41,0, , , , ,"Krista Anderson-Teixeira, Sean McMahon",Jessica Shue,9
192466,1,quru,1926,2020.16,2020,March,,82.25,0, , , , ,"Krista Anderson-Teixeira, Sean McMahon",Jessica Shue,9
192484,1,quru,1926,2020.16,2020,March,,48.09,0, , , , ,"Krista Anderson-Teixeira, Sean McMahon",Jessica Shue,9
192527,1,litu,1928,2020.16,2020,March,,76.75,0, , , , ,"Krista Anderson-Teixeira, Sean McMahon",Jessica Shue,9
192528,1,litu,1928,2020.16,2020,March,,149.04,0, , ,RE,,"Krista Anderson-Teixeira, Sean McMahon",Jessica Shue,9
192532,1,fagr,1928,2020.16,2020,March,,115.46,0, , , , ,"Krista Anderson-Teixeira, Sean McMahon",Jessica Shue,9
192533,1,litu,1928,2020.16,2020,March,,21.55,0, , , , ,"Krista Anderson-Teixeira, Sean McMahon",Jessica Shue,9
192534,1,litu,1928,2020.16,2020,March,,105.93,0, , , , ,"Krista Anderson-Teixeira, Sean McMahon",Jessica Shue,9
192542,1,litu,1929,2020.16,2020,March,,4.3,0, , , , ,"Krista Anderson-Teixeira, Sean McMahon",Jessica Shue,9
192543,1,litu,1929,2020.16,2020,March,,49.14,0, , , , ,"Krista Anderson-Teixeira, Sean McMahon",Jessica Shue,9
192544,1,litu,1929,2020.16,2020,March,,10.5,0, , , , ,"Krista Anderson-Teixeira, Sean McMahon",Jessica Shue,9
192546,1,litu,1929,2020.16,2020,March,,83.31,0, , , , ,"Krista Anderson-Teixeira, Sean McMahon",Jessica Shue,9
192548,1,litu,1929,2020.16,2020,March,,94.29,0, , , , ,"Krista Anderson-Teixeira, Sean McMahon",Jessica Shue,9
192560,1,qual,1930,2020.16,2020,March,,121.57,0, , , , ,"Krista Anderson-Teixeira, Sean McMahon",Jessica Shue,9
192570,1,fram,1931,2020.16,2020,March,,NA,0, , ,DS,gap closed,"Krista Anderson-Teixeira, Sean McMahon",Jessica Shue,9
192619,1,quru,1926,2020.16,2020,March,,32.41,0, , , , ,"Krista Anderson-Teixeira, Sean McMahon",Jessica Shue,9
192674,1,litu,1929,2020.16,2020,March,,11.72,0, , , , ,"Krista Anderson-Teixeira, Sean McMahon",Jessica Shue,9
202444,1,litu,2025,2020.16,2020,March,,149.48,0, , ,RE,,"Krista Anderson-Teixeira, Sean McMahon",Jessica Shue,9
202449,1,litu,2026,2020.16,2020,March,,NA,0, , ,RE,broken,"Krista Anderson-Teixeira, Sean McMahon",Jessica Shue,9
202536,1,fram,2028,2020.16,2020,March,,105.96,0, , , , ,"Krista Anderson-Teixeira, Sean McMahon",Jessica Shue,9
202541,1,fram,2028,2020.16,2020,March,,NA,0, , , ,gap closed,"Krista Anderson-Teixeira, Sean McMahon",Jessica Shue,9
202543,1,litu,2028,2020.16,2020,March,,14.76,0, , , ,,"Krista Anderson-Teixeira, Sean McMahon",Jessica Shue,9
202545,1,litu,2029,2020.16,2020,March,,29.8,0, , , ,,"Krista Anderson-Teixeira, Sean McMahon",Jessica Shue,9
202550,1,litu,2029,2020.16,2020,March,,127.97,0, , , ,,"Krista Anderson-Teixeira, Sean McMahon",Jessica Shue,9
202581,1,fram,2031,2020.16,2020,March,,64.56,0, , , ,,"Krista Anderson-Teixeira, Sean McMahon",Jessica Shue,9
202585,1,juni,2032,2020.16,2020,March,,51.82,0, , , ,,"Krista Anderson-Teixeira, Sean McMahon",Jessica Shue,9
202586,1,fram,2032,2020.16,2020,March,,43.7,0, , , ,202971 -1.03 dead,"Krista Anderson-Teixeira, Sean McMahon",Jessica Shue,9
